+task_id,uuid,county,town,village,place_name,tai_class,tai_source_state,tai_source_annotator,tai_source_updated_at,hakka_review_count,hakka_review_assignees,active_audio_count,active_tai_audio_count,active_hakka_audio_count,sync_warning,source_synced_at,triage_category
"16778","LM00002","高雄市","三民區","安邦里","十全玉市","直接標注","待指派","","亮均分類表單同步 | 2026-06-23 11:33:39","1","","0","0","0","","2026-08-16 22:25:53.006+00","已有台語來源狀態但缺少台語review"
"16780","LM00004","高雄市","三民區","立德里","建國橋","直接標注","待審查","陳亮均","亮均分類表單同步 | 2026-06-23 11:33:39","1","","0","0","0","","2026-08-16 22:25:53.006+00","已有台語來源指派人但缺少台語review"
"16781","LM00005","高雄市","三民區","川東里","願景橋","直接標注","待審查","陳亮均","亮均分類表單同步 | 2026-06-23 11:33:39","1","","0","0","0","","2026-08-16 22:25:53.006+00","已有台語來源指派人但缺少台語review"
"16782","LM00007","高雄市","三民區","鼎金里","金獅湖","直接標注","待審查","陳亮均","亮均分類表單同步 | 2026-06-23 11:33:39","1","","0","0","0","","2026-08-16 22:25:53.007+00","已有台語來源指派人但缺少台語review"
"16786","LM00089","高雄市","仁武區","八卦里","上帝宮","直接標注","待指派","","亮均分類表單同步 | 2026-06-23 11:33:39","1","","0","0","0","","2026-08-16 22:25:53.007+00","已有台語來源狀態但缺少台語review"
"16787","LM00090","高雄市","仁武區","仁武里","福清宮","直接標注","待指派","","亮均分類表單同步 | 2026-06-23 11:33:39","1","","0","0","0","","2026-08-16 22:25:53.007+00","已有台語來源狀態但缺少台語review"
"16791","LM00118","高雄市","六龜區","六龜里","聖天宮","直接標注","待指派","","亮均分類表單同步 | 2026-06-23 11:33:39","1","","0","0","0","","2026-08-16 22:25:53.007+00","已有台語來源狀態但缺少台語review"
"16792","LM00122","高雄市","六龜區","義寶里","開元寺","直接標注","待指派","","亮均分類表單同步 | 2026-04-27 22:10:34","1","","0","0","0","","2026-08-16 22:25:53.007+00","已有台語來源狀態但缺少台語review"
"16795","LM00157","高雄市","前金區","新生里","七賢橋","直接標注","待審查","陳亮均","亮均分類表單同步 | 2026-06-23 11:33:39","1","","0","0","0","","2026-08-16 22:25:53.016+00","已有台語來源指派人但缺少台語review"
"16796","LM00160","高雄市","前金區","社西里","萬興宮","直接標注","待指派","","亮均分類表單同步 | 2026-06-23 11:33:39","1","","0","0","0","","2026-08-16 22:25:53.016+00","已有台語來源狀態但缺少台語review"
"16797","LM00161","高雄市","前金區","三川里","幸福川","直接標注","待審查","陳亮均","亮均分類表單同步 | 2026-06-23 11:33:39","1","","0","0","0","","2026-08-16 22:25:53.016+00","已有台語來源指派人但缺少台語review"
"16802","LM00200","高雄市","前鎮區","鎮北里","鎮南宮","直接標注","待指派","","亮均分類表單同步 | 2026-06-23 11:33:39","1","","0","0","0","","2026-08-16 22:25:53.016+00","已有台語來源狀態但缺少台語review"
"16803","LM00201","高雄市","前鎮區","振興里","廣濟宮","直接標注","待指派","","亮均分類表單同步 | 2026-06-23 11:33:39","1","","0","0","0","","2026-08-16 22:25:53.016+00","已有台語來源狀態但缺少台語review"
"16808","LM00276","高雄市","大寮區","拷潭里","保福宮","直接標注","待指派","","亮均分類表單同步 | 2026-04-27 22:10:34","1","","0","0","0","","2026-08-16 22:25:53.016+00","已有台語來源狀態但缺少台語review"
"16809","LM00277","高雄市","大寮區","上寮里","慈誠宮","直接標注","待指派","","亮均分類表單同步 | 2026-06-23 11:33:39","1","","0","0","0","","2026-08-16 22:25:53.016+00","已有台語來源狀態但缺少台語review"
"16810","LM00278","高雄市","大寮區","大寮里","包公廟","直接標注","待指派","","亮均分類表單同步 | 2026-06-23 11:33:39","1","","0","0","0","","2026-08-16 22:25:53.016+00","已有台語來源狀態但缺少台語review"
"16811","LM00279","高雄市","大寮區","義仁里","福德廟","直接標注","待指派","","亮均分類表單同步 | 2026-06-23 11:33:39","1","","0","0","0","","2026-08-16 22:25:53.016+00","已有台語來源狀態但缺少台語review"
"16812","LM00280","高雄市","大寮區","三隆里","慈后宮","直接標注","待指派","","亮均分類表單同步 | 2026-06-23 11:33:39","1","","0","0","0","","2026-08-16 22:25:53.016+00","已有台語來源狀態但缺少台語review"
"16815","LM00306","高雄市","大樹區","興田里","佑聖宮","直接標注","待指派","","亮均分類表單同步 | 2026-06-23 11:33:39","1","","0","0","0","","2026-08-16 22:25:53.016+00","已有台語來源狀態但缺少台語review"
"16816","LM00309","高雄市","大樹區","久堂里","慈善宮","直接標注","待指派","","亮均分類表單同步 | 2026-04-27 22:10:34","1","","0","0","0","","2026-08-16 22:25:53.016+00","已有台語來源狀態但缺少台語review"
"16817","LM00313","高雄市","大樹區","三和里","順安宮","直接標注","待指派","","亮均分類表單同步 | 2026-06-23 11:33:39","1","","0","0","0","","2026-08-16 22:25:53.016+00","已有台語來源狀態但缺少台語review"
"16818","LM00353","高雄市","大社區","保安里","保元宮","直接標注","待指派","","亮均分類表單同步 | 2026-06-23 11:33:39","1","","0","0","0","","2026-08-16 22:25:53.016+00","已有台語來源狀態但缺少台語review"
"16820","LM00355","高雄市","大社區","中里里","慈恩堂","直接標注","待指派","","亮均分類表單同步 | 2026-06-23 11:33:39","1","","0","0","0","","2026-08-16 22:25:53.016+00","已有台語來源狀態但缺少台語review"
"16825","LM00403","高雄市","小港區","二苓里","社教館","直接標注","待審查","陳亮均","亮均分類表單同步 | 2026-06-23 11:33:39","1","","0","0","0","","2026-08-16 22:25:53.016+00","已有台語來源指派人但缺少台語review"
"16827","LM00526","高雄市","左營區","埤東里","見城館","直接標注","待審查","陳亮均","亮均分類表單同步 | 2026-06-23 11:33:39","1","","0","0","0","","2026-08-16 22:25:53.016+00","已有台語來源指派人但缺少台語review"
"16829","LM00530","高雄市","左營區","埤東里","春秋閣","直接標注","待審查","陳亮均","亮均分類表單同步 | 2026-06-23 11:33:39","1","","0","0","0","","2026-08-16 22:25:53.016+00","已有台語來源指派人但缺少台語review"
"16830","LM00531","高雄市","左營區","廟東里","元帝廟","直接標注","待指派","","亮均分類表單同步 | 2026-06-23 11:33:39","1","","0","0","0","","2026-08-16 22:25:53.016+00","已有台語來源狀態但缺少台語review"
"16831","LM00533","高雄市","左營區","埤東里","龍虎塔","直接標注","待審查","陳亮均","亮均分類表單同步 | 2026-06-23 11:33:39","1","","0","0","0","","2026-08-16 22:25:53.016+00","已有台語來源指派人但缺少台語review"
"16832","LM00630","高雄市","彌陀區","彌陀區","天南宮","直接標注","待指派","","亮均分類表單同步 | 2026-04-27 22:10:34","1","","0","0","0","","2026-08-16 22:25:53.016+00","已有台語來源狀態但缺少台語review"
"16833","LM00631","高雄市","彌陀區","南寮里","萬應宮","直接標注","待指派","","亮均分類表單同步 | 2026-06-23 11:33:39","1","","0","0","0","","2026-08-16 22:25:53.016+00","已有台語來源狀態但缺少台語review"
"16834","LM00634","高雄市","彌陀區","彌陀里","慈惠堂","直接標注","待指派","","亮均分類表單同步 | 2026-06-23 11:33:39","1","","0","0","0","","2026-08-16 22:25:53.016+00","已有台語來源狀態但缺少台語review"
"16835","LM00649","高雄市","新興區","玉衡里","鼓壽宮","直接標注","待指派","","亮均分類表單同步 | 2026-06-23 11:33:39","1","","0","0","0","","2026-08-16 22:25:53.016+00","已有台語來源狀態但缺少台語review"
"16836","LM00651","高雄市","新興區","黎明里","文衡殿","直接標注","待指派","","亮均分類表單同步 | 2026-06-23 11:33:39","1","","0","0","0","","2026-08-16 22:25:53.016+00","已有台語來源狀態但缺少台語review"
"16840","LM00655","高雄市","新興區","順昌里","刑務所","直接標注","待指派","","亮均分類表單同步 | 2026-04-27 22:10:34","1","","0","0","0","","2026-08-16 22:25:53.016+00","已有台語來源狀態但缺少台語review"
"16841","LM00708","高雄市","旗山區","上洲里","鯤洲宮","直接標注","待指派","","亮均分類表單同步 | 2026-06-23 11:33:39","1","","0","0","0","","2026-08-16 22:25:53.016+00","已有台語來源狀態但缺少台語review"
"16843","LM00719","高雄市","旗山區","南勝里","試驗場","直接標注","待指派","","亮均分類表單同步 | 2026-06-23 11:33:39","1","","0","0","0","","2026-08-16 22:25:53.016+00","已有台語來源狀態但缺少台語review"
"16848","LM00844","高雄市","林園區","林園里","有應公","直接標注","待指派","","亮均分類表單同步 | 2026-04-27 22:10:34","1","","0","0","0","","2026-08-16 22:25:53.016+00","已有台語來源狀態但缺少台語review"
"16851","LM00863","高雄市","梓官區","典寶里","聖安宮","直接標注","待指派","","亮均分類表單同步 | 2026-06-23 11:33:39","1","","0","0","0","","2026-08-16 22:25:53.016+00","已有台語來源狀態但缺少台語review"
"16858","LM00972","高雄市","橋頭區","甲南里","義山宮","直接標注","待指派","","亮均分類表單同步 | 2026-06-23 11:33:39","1","","0","0","0","","2026-08-16 22:25:53.016+00","已有台語來源狀態但缺少台語review"
"16859","LM00973","高雄市","橋頭區","西林里","講習所","直接標注","待指派","","亮均分類表單同步 | 2026-06-23 11:33:39","1","","0","0","0","","2026-08-16 22:25:53.016+00","已有台語來源狀態但缺少台語review"
"16860","LM00974","高雄市","橋頭區","筆秀里","應公廟","直接標注","待指派","","亮均分類表單同步 | 2026-06-23 11:33:39","1","","0","0","0","","2026-08-16 22:25:53.017+00","已有台語來源狀態但缺少台語review"
"16861","LM00989","高雄市","永安區","保寧里","保寧宮","直接標注","待指派","","亮均分類表單同步 | 2026-06-23 11:33:39","1","","0","0","0","","2026-08-16 22:25:53.017+00","已有台語來源狀態但缺少台語review"
"16864","LM01023","高雄市","田寮區","鹿埔里","廟地","直接標注","待指派","","亮均分類表單同步 | 2026-04-27 22:10:34","1","","0","0","0","","2026-08-16 22:25:53.017+00","已有台語來源狀態但缺少台語review"
"16865","LM01044","高雄市","甲仙區","關山里","震威宮","直接標注","待指派","","亮均分類表單同步 | 2026-06-23 11:33:39","1","","0","0","0","","2026-08-16 22:25:53.017+00","已有台語來源狀態但缺少台語review"
"16868","LM01061","高雄市","美濃區","興隆里","福慧寺","直接標注","待指派","","亮均分類表單同步 | 2026-06-23 11:33:39","1","","0","0","0","","2026-08-16 22:25:53.017+00","已有台語來源狀態但缺少台語review"
"16869","LM01062","高雄市","美濃區","瀰濃里","廣善堂","直接標注","待指派","","亮均分類表單同步 | 2026-06-23 11:33:39","1","","0","0","0","","2026-08-16 22:25:53.017+00","已有台語來源狀態但缺少台語review"
"16870","LM01063","高雄市","美濃區","中壇里","五穀廟","直接標注","待指派","","亮均分類表單同步 | 2026-06-23 11:33:39","1","","0","0","0","","2026-08-16 22:25:53.017+00","已有台語來源狀態但缺少台語review"
"16871","LM01064","高雄市","美濃區","廣林里","皇帝殿","直接標注","待指派","","亮均分類表單同步 | 2026-06-23 11:33:39","1","","0","0","0","","2026-08-16 22:25:53.017+00","已有台語來源狀態但缺少台語review"
"16878","LM01110","高雄市","苓雅區","衛武里","建軍站","直接標注","待指派","","亮均分類表單同步 | 2026-06-23 11:33:39","1","","0","0","0","","2026-08-16 22:25:53.017+00","已有台語來源狀態但缺少台語review"
"16879","LM01111","高雄市","苓雅區","博仁里","高雄橋","直接標注","待指派","","亮均分類表單同步 | 2026-06-23 11:33:39","1","","0","0","0","","2026-08-16 22:25:53.017+00","已有台語來源狀態但缺少台語review"
"16881","LM01116","高雄市","苓雅區","意誠里","意誠堂","直接標注","待指派","","亮均分類表單同步 | 2026-06-23 11:33:39","1","","0","0","0","","2026-08-16 22:25:53.017+00","已有台語來源狀態但缺少台語review"
"16883","LM01125","高雄市","苓雅區","正文里","環球影城","直接標注","待指派","","亮均分類表單同步 | 2026-06-23 11:33:39","1","","0","0","0","","2026-08-16 22:25:53.017+00","已有台語來源狀態但缺少台語review"
"16885","LM01276","高雄市","茂林區","多納里","大鬼湖","原住民族","待指派","","亮均分類表單同步 | 2026-06-23 11:33:39","1","","0","0","0","","2026-08-16 22:25:53.017+00","已有台語來源狀態但缺少台語review"
"16886","LM01280","高雄市","茄萣區","嘉泰里","賜福宮","直接標注","待指派","","亮均分類表單同步 | 2026-06-23 11:33:39","1","","0","0","0","","2026-08-16 22:25:53.017+00","已有台語來源狀態但缺少台語review"
"16889","LM01325","高雄市","阿蓮區","復安里","真武廟","直接標注","待指派","","亮均分類表單同步 | 2026-06-23 11:33:39","1","","0","0","0","","2026-08-16 22:25:53.017+00","已有台語來源狀態但缺少台語review"
"16890","LM01326","高雄市","阿蓮區","中路里","萬福宮","直接標注","待指派","","亮均分類表單同步 | 2026-06-23 11:33:39","1","","0","0","0","","2026-08-16 22:25:53.017+00","已有台語來源狀態但缺少台語review"
"16892","LM01330","高雄市","阿蓮區","青旗里","興濟宮","直接標注","待指派","","亮均分類表單同步 | 2026-06-23 11:33:39","1","","0","0","0","","2026-08-16 22:25:53.017+00","已有台語來源狀態但缺少台語review"
"16895","LM01377","高雄市","鳳山區","鳳崗里","曹公廟","直接標注","待指派","","亮均分類表單同步 | 2026-06-23 11:33:39","1","","0","0","0","","2026-08-16 22:25:53.017+00","已有台語來源狀態但缺少台語review"
"16896","LM01378","高雄市","鳳山區","縣口里","雙慈亭","直接標注","待指派","","亮均分類表單同步 | 2026-04-27 22:10:34","1","","0","0","0","","2026-08-16 22:25:53.017+00","已有台語來源狀態但缺少台語review"
"16901","LM01425","高雄市","鹽埕區","南端里","鐵工所","直接標注","待審查","陳亮均","亮均分類表單同步 | 2026-06-23 11:33:39","1","","0","0","0","","2026-08-16 22:25:53.017+00","已有台語來源指派人但缺少台語review"
"16905","LM01433","高雄市","鹽埕區","沙地里","愛河灣","直接標注","待審查","陳亮均","亮均分類表單同步 | 2026-06-23 11:33:39","1","","0","0","0","","2026-08-16 22:25:53.017+00","已有台語來源指派人但缺少台語review"
"16907","LM01435","高雄市","鹽埕區","新樂里","新樂園","直接標注","待指派","","亮均分類表單同步 | 2026-06-23 11:33:39","1","","0","0","0","","2026-08-16 22:25:53.017+00","已有台語來源狀態但缺少台語review"
"16908","LM01437","高雄市","鹽埕區","府北里","港都","直接標注","待審查","陳亮均","亮均分類表單同步 | 2026-06-23 11:33:39","1","","0","0","0","","2026-08-16 22:25:53.017+00","已有台語來源指派人但缺少台語review"
"16909","LM01438","高雄市","鹽埕區","陸橋里","陸橋","直接標注","待審查","陳亮均","亮均分類表單同步 | 2026-06-23 11:33:39","1","","0","0","0","","2026-08-16 22:25:53.017+00","已有台語來源指派人但缺少台語review"
"16916","LM01492","高雄市","鼓山區","龍子里","德安宮","直接標注","待指派","","亮均分類表單同步 | 2026-06-23 11:33:39","1","","0","0","0","","2026-08-16 22:25:53.018+00","已有台語來源狀態但缺少台語review"
"16918","LM01496","高雄市","鼓山區","正德里","美國局","直接標注","待指派","","亮均分類表單同步 | 2026-06-23 11:33:39","1","","0","0","0","","2026-08-16 22:25:53.018+00","已有台語來源狀態但缺少台語review"
"16919","LM01498","高雄市","鼓山區","鼓山區","內惟埤","直接標注","待審查","陳亮均","亮均分類表單同步 | 2026-06-23 11:33:39","1","","0","0","0","","2026-08-16 22:25:53.018+00","已有台語來源指派人但缺少台語review"
"16920","LM01499","高雄市","鼓山區","龍子里","農十六","直接標注","待指派","","亮均分類表單同步 | 2026-04-27 22:10:34","1","","0","0","0","","2026-08-16 22:25:53.018+00","已有台語來源狀態但缺少台語review"
"16921","LM01500","高雄市","鼓山區","桃源里","山海宮","直接標注","待指派","","亮均分類表單同步 | 2026-06-23 11:33:39","1","","0","0","0","","2026-08-16 22:25:53.018+00","已有台語來源狀態但缺少台語review"
"16922","LM01501","高雄市","鼓山區","鼓岩里","元亨寺","直接標注","待指派","","亮均分類表單同步 | 2026-06-23 11:33:39","1","","0","0","0","","2026-08-16 22:25:53.018+00","已有台語來源狀態但缺少台語review"
"16925","LM01604","新北市","三峽區","三峽區","興隆宮","直接標注","待指派","","亮均分類表單同步 | 2026-06-23 11:33:39","1","","0","0","0","","2026-08-16 22:25:53.018+00","已有台語來源狀態但缺少台語review"
"16927","LM01606","新北市","三峽區","八張里","民權橋","直接標注","待指派","","亮均分類表單同步 | 2026-06-23 11:33:39","1","","0","0","0","","2026-08-16 22:25:53.018+00","已有台語來源狀態但缺少台語review"
"16928","LM01607","新北市","三峽區","插角里","東眼橋","原住民族","待指派","","亮均分類表單同步 | 2026-05-04 09:49:21","1","","0","0","0","","2026-08-16 22:25:53.018+00","已有台語來源狀態但缺少台語review"
"16931","LM01703","新北市","三芝區","橫山里","天元宮","直接標注","待指派","","亮均分類表單同步 | 2026-06-23 11:33:39","1","","0","0","0","","2026-08-16 22:25:53.018+00","已有台語來源狀態但缺少台語review"
"16932","LM01767","新北市","三重區","碧華里","碧華寺","直接標注","待指派","","亮均分類表單同步 | 2026-06-23 11:33:39","1","","0","0","0","","2026-08-16 22:25:53.018+00","已有台語來源狀態但缺少台語review"
"16934","LM01772","新北市","三重區","國隆里","南聖宮","直接標注","待指派","","亮均分類表單同步 | 2026-06-23 11:33:39","1","","0","0","0","","2026-08-16 22:25:53.018+00","已有台語來源狀態但缺少台語review"
"16937","LM01818","新北市","中和區","復興里","北聖宮","直接標注","待指派","","亮均分類表單同步 | 2026-06-23 11:33:39","1","","0","0","0","","2026-08-16 22:25:53.018+00","已有台語來源狀態但缺少台語review"
"16939","LM01820","新北市","中和區","中興里","樂天宮","直接標注","待指派","","亮均分類表單同步 | 2026-06-23 11:33:39","1","","0","0","0","","2026-08-16 22:25:53.018+00","已有台語來源狀態但缺少台語review"
"16941","LM01822","新北市","中和區","中和區","福和宮","直接標注","待指派","","亮均分類表單同步 | 2026-06-23 11:33:39","1","","0","0","0","","2026-08-16 22:25:53.018+00","已有台語來源狀態但缺少台語review"
"16942","LM01824","新北市","中和區","中原里","總持寺","直接標注","待指派","","亮均分類表單同步 | 2026-06-23 11:33:39","1","","0","0","0","","2026-08-16 22:25:53.018+00","已有台語來源狀態但缺少台語review"
"16945","LM01827","新北市","中和區","秀景里","保安堂","直接標注","待指派","","亮均分類表單同步 | 2026-06-23 11:33:39","1","","0","0","0","","2026-08-16 22:25:53.018+00","已有台語來源狀態但缺少台語review"
"16946","LM01830","新北市","中和區","中和區","華中橋","直接標注","待指派","","亮均分類表單同步 | 2026-06-23 11:33:39","1","","0","0","0","","2026-08-16 22:25:53.018+00","已有台語來源狀態但缺少台語review"
"16948","LM01877","新北市","五股區","五股區","聖公媽","直接標注","待指派","","亮均分類表單同步 | 2026-06-23 11:33:39","1","","0","0","0","","2026-08-16 22:25:53.018+00","已有台語來源狀態但缺少台語review"
"16949","LM01881","新北市","五股區","德泰里","將軍廟","直接標注","待指派","","亮均分類表單同步 | 2026-06-23 11:33:39","1","","0","0","0","","2026-08-16 22:25:53.018+00","已有台語來源狀態但缺少台語review"
"16950","LM01924","新北市","八里區","龍源里","金鑾殿","直接標注","待指派","","亮均分類表單同步 | 2026-06-23 11:33:39","1","","0","0","0","","2026-08-16 22:25:53.018+00","已有台語來源狀態但缺少台語review"
"16954","LM01933","新北市","八里區","下罟里","八仙樂園","直接標注","待指派","","亮均分類表單同步 | 2026-06-23 11:33:39","1","","0","0","0","","2026-08-16 22:25:53.018+00","已有台語來源狀態但缺少台語review"
"16956","LM01939","新北市","八里區","訊塘里","臺北港","直接標注","待指派","","亮均分類表單同步 | 2026-06-23 11:33:39","1","","0","0","0","","2026-08-16 22:25:53.018+00","已有台語來源狀態但缺少台語review"
"16957","LM01944","新北市","八里區","八里區","福德正神","直接標注","待指派","","亮均分類表單同步 | 2026-06-23 11:33:39","1","","0","0","0","","2026-08-16 22:25:53.018+00","已有台語來源狀態但缺少台語review"
"16958","LM02064","新北市","土城區","土城里","五穀先帝廟","直接標注","待指派","","亮均分類表單同步 | 2026-06-23 11:33:39","1","","0","0","0","","2026-08-16 22:25:53.018+00","已有台語來源狀態但缺少台語review"
"16959","LM02067","新北市","土城區","祖田里","普安堂","直接標注","待指派","","亮均分類表單同步 | 2026-06-23 11:33:39","1","","0","0","0","","2026-08-16 22:25:53.018+00","已有台語來源狀態但缺少台語review"
"16963","LM02130","新北市","平溪區","十分里 平溪里","和平橋","直接標注","待指派","","亮均分類表單同步 | 2026-06-23 11:33:39","1","","0","0","0","","2026-08-16 22:25:53.018+00","已有台語來源狀態但缺少台語review"
"16964","LM02132","新北市","平溪區","嶺腳里","慈航宮","直接標注","待指派","","亮均分類表單同步 | 2026-06-23 11:33:39","1","","0","0","0","","2026-08-16 22:25:53.018+00","已有台語來源狀態但缺少台語review"
"16965","LM02184","新北市","新店區","中正里","咸亨宮","直接標注","待指派","","亮均分類表單同步 | 2026-06-23 11:33:39","1","","0","0","0","","2026-08-16 22:25:53.018+00","已有台語來源狀態但缺少台語review"
"16967","LM02189","新北市","新店區","太平里","太平宮","直接標注","待指派","","亮均分類表單同步 | 2026-06-23 11:33:39","1","","0","0","0","","2026-08-16 22:25:53.018+00","已有台語來源狀態但缺少台語review"
"16970","LM02311","新北市","新莊區","","新海橋","直接標注","待指派","","亮均分類表單同步 | 2026-06-23 11:33:39","1","","0","0","0","","2026-08-16 22:25:53.018+00","已有台語來源狀態但缺少台語review"
"16972","LM02315","新北市","新莊區","新莊區","慈祐宮","直接標注","待指派","","亮均分類表單同步 | 2026-06-23 11:33:39","1","","0","0","0","","2026-08-16 22:25:53.018+00","已有台語來源狀態但缺少台語review"
"16973","LM02410","新北市","板橋區","歡園里","聖賢宮","直接標注","待指派","","亮均分類表單同步 | 2026-06-23 11:33:39","1","","0","0","0","","2026-08-16 22:25:53.018+00","已有台語來源狀態但缺少台語review"
"16977","LM02421","新北市","板橋區","福丘里","臺北縣政府","直接標注","待指派","","亮均分類表單同步 | 2026-06-23 11:33:39","1","","0","0","0","","2026-08-16 22:25:53.018+00","已有台語來源狀態但缺少台語review"
"16978","LM02424","新北市","板橋區","","南門橋","直接標注","待指派","","亮均分類表單同步 | 2026-06-23 11:33:39","1","","0","0","0","","2026-08-16 22:25:53.018+00","已有台語來源狀態但缺少台語review"
"16983","LM02432","新北市","板橋區","龍安里","浮洲橋","直接標注","待指派","","亮均分類表單同步 | 2026-06-23 11:33:39","1","","0","0","0","","2026-08-16 22:25:53.018+00","已有台語來源狀態但缺少台語review"
"16985","LM02436","新北市","板橋區","香雅里","天公廟","直接標注","待指派","","亮均分類表單同步 | 2026-06-23 11:33:39","1","","0","0","0","","2026-08-16 22:25:53.018+00","已有台語來源狀態但缺少台語review"
"16986","LM02701","新北市","樹林區","潭底里","惜字亭","直接標注","待指派","","亮均分類表單同步 | 2026-06-23 11:33:39","1","","0","0","0","","2026-08-16 22:25:53.018+00","已有台語來源狀態但缺少台語review"
"16987","LM02702","新北市","樹林區","坡內里","海明寺","直接標注","待指派","","亮均分類表單同步 | 2026-06-23 11:33:39","1","","0","0","0","","2026-08-16 22:25:53.018+00","已有台語來源狀態但缺少台語review"
"16997","LM02897","新北市","永和區","中興里","韓國街","直接標注","待指派","","亮均分類表單同步 | 2026-06-23 11:33:39","1","","0","0","0","","2026-08-16 22:25:53.018+00","已有台語來源狀態但缺少台語review"
"16998","LM02899","新北市","永和區","永和區","永福橋","直接標注","待指派","","亮均分類表單同步 | 2026-06-23 11:33:39","1","","0","0","0","","2026-08-16 22:25:53.018+00","已有台語來源狀態但缺少台語review"
"16999","LM02903","新北市","永和區","永和區","福和橋","直接標注","待指派","","亮均分類表單同步 | 2026-06-23 11:33:39","1","","0","0","0","","2026-08-16 22:25:53.018+00","已有台語來源狀態但缺少台語review"
"17000","LM02961","新北市","汐止區","保新里","摩天鎮","直接標注","待指派","","亮均分類表單同步 | 2026-05-12 09:13:54","1","","0","0","0","","2026-08-16 22:25:53.018+00","已有台語來源狀態但缺少台語review"
"17001","LM02963","新北市","汐止區","仁德里","和平宮","直接標注","待指派","","亮均分類表單同步 | 2026-06-23 11:33:39","1","","0","0","0","","2026-08-16 22:25:53.018+00","已有台語來源狀態但缺少台語review"
"17002","LM02964","新北市","汐止區","汐止區","北峰寺","直接標注","待指派","","亮均分類表單同步 | 2026-06-23 11:33:39","1","","0","0","0","","2026-08-16 22:25:53.018+00","已有台語來源狀態但缺少台語review"
"17003","LM02966","新北市","汐止區","汐止區","天秀宮","直接標注","待指派","","亮均分類表單同步 | 2026-06-23 11:33:39","1","","0","0","0","","2026-08-16 22:25:53.018+00","已有台語來源狀態但缺少台語review"
"17007","LM02972","新北市","汐止區","江北里","江北橋","直接標注","待指派","","亮均分類表單同步 | 2026-06-23 11:33:39","1","","0","0","0","","2026-08-16 22:25:53.018+00","已有台語來源狀態但缺少台語review"
"17009","LM02984","新北市","汐止區","金龍里","水壩","直接標注","待指派","","亮均分類表單同步 | 2026-06-23 11:33:39","1","","0","0","0","","2026-08-16 22:25:53.018+00","已有台語來源狀態但缺少台語review"
"17013","LM03138","新北市","淡水區","新興里","正興宮","直接標注","待指派","","亮均分類表單同步 | 2026-06-23 11:33:39","1","","0","0","0","","2026-08-16 22:25:53.018+00","已有台語來源狀態但缺少台語review"
"17014","LM03139","新北市","淡水區","油車里","忠義宮","直接標注","待指派","","亮均分類表單同步 | 2026-06-23 11:33:39","1","","0","0","0","","2026-08-16 22:25:53.018+00","已有台語來源狀態但缺少台語review"
"17016","LM03141","新北市","淡水區","淡水區","慈玄宮","直接標注","待指派","","亮均分類表單同步 | 2026-05-12 09:13:54","1","","0","0","0","","2026-08-16 22:25:53.018+00","已有台語來源狀態但缺少台語review"
"17018","LM03146","新北市","淡水區","淡水區","福佑宮","直接標注","待指派","","亮均分類表單同步 | 2026-06-23 11:33:39","1","","0","0","0","","2026-08-16 22:25:53.018+00","已有台語來源狀態但缺少台語review"
"17019","LM03147","新北市","淡水區","義山里","太陽宮","直接標注","待指派","","亮均分類表單同步 | 2026-06-23 11:33:39","1","","0","0","0","","2026-08-16 22:25:53.018+00","已有台語來源狀態但缺少台語review"
"17020","LM03149","新北市","淡水區","坪頂里","集應廟","直接標注","待指派","","亮均分類表單同步 | 2026-06-23 11:33:39","1","","0","0","0","","2026-08-16 22:25:53.018+00","已有台語來源狀態但缺少台語review"
"17023","LM03307","新北市","深坑區","萬福里","萬福橋","直接標注","待指派","","亮均分類表單同步 | 2026-06-23 11:33:39","1","","0","0","0","","2026-08-16 22:25:53.018+00","已有台語來源狀態但缺少台語review"
"17027","LM03312","新北市","深坑區","昇高里","萬世橋","直接標注","待指派","","亮均分類表單同步 | 2026-06-23 11:33:39","1","","0","0","0","","2026-08-16 22:25:53.018+00","已有台語來源狀態但缺少台語review"
"17028","LM03313","新北市","深坑區","昇高里","正覺寺","直接標注","待指派","","亮均分類表單同步 | 2026-06-23 11:33:39","1","","0","0","0","","2026-08-16 22:25:53.018+00","已有台語來源狀態但缺少台語review"
"17029","LM03317","新北市","深坑區","阿柔里","中正橋","直接標注","待指派","","亮均分類表單同步 | 2026-06-23 11:33:39","1","","0","0","0","","2026-08-16 22:25:53.018+00","已有台語來源狀態但缺少台語review"
"17030","LM03386","新北市","瑞芳區","瑞芳區","南新宮","直接標注","待指派","","亮均分類表單同步 | 2026-06-23 11:33:39","1","","0","0","0","","2026-08-16 22:25:53.018+00","已有台語來源狀態但缺少台語review"
"17032","LM03389","新北市","瑞芳區","崇文里","聖明宮","直接標注","待指派","","亮均分類表單同步 | 2026-05-04 14:43:59","1","","0","0","0","","2026-08-16 22:25:53.018+00","已有台語來源狀態但缺少台語review"
"17033","LM03390","新北市","瑞芳區","瑞芳區","介壽橋","直接標注","待指派","","亮均分類表單同步 | 2026-06-23 11:33:39","1","","0","0","0","","2026-08-16 22:25:53.018+00","已有台語來源狀態但缺少台語review"
"17034","LM03401","新北市","瑞芳區","瑞芳區","仁愛橋","直接標注","待指派","","亮均分類表單同步 | 2026-06-23 11:33:39","1","","0","0","0","","2026-08-16 22:25:53.018+00","已有台語來源狀態但缺少台語review"
"17039","LM03594","新北市","石碇區","石碇里","萬壽橋","直接標注","待指派","","亮均分類表單同步 | 2026-06-23 11:33:39","1","","0","0","0","","2026-08-16 22:25:53.019+00","已有台語來源狀態但缺少台語review"
"17040","LM03613","新北市","石門區","石門區","金剛宮","直接標注","待指派","","亮均分類表單同步 | 2026-05-04 14:43:59","1","","0","0","0","","2026-08-16 22:25:53.019+00","已有台語來源狀態但缺少台語review"
"17041","LM03614","新北市","石門區","老梅里","妙法寺","直接標注","待指派","","亮均分類表單同步 | 2026-06-23 11:33:39","1","","0","0","0","","2026-08-16 22:25:53.019+00","已有台語來源狀態但缺少台語review"
"17043","LM03658","新北市","萬里區","萬里區","保民宮","直接標注","待指派","","亮均分類表單同步 | 2026-06-23 11:33:39","1","","0","0","0","","2026-08-16 22:25:53.019+00","已有台語來源狀態但缺少台語review"
"17044","LM03661","新北市","萬里區","野柳里","國聖橋","直接標注","待指派","","亮均分類表單同步 | 2026-06-23 11:33:39","1","","0","0","0","","2026-08-16 22:25:53.019+00","已有台語來源狀態但缺少台語review"
"17046","LM03667","新北市","萬里區","野柳里","核二廠","直接標注","待指派","","亮均分類表單同步 | 2026-06-23 11:33:39","1","","0","0","0","","2026-08-16 22:25:53.019+00","已有台語來源狀態但缺少台語review"
"17047","LM03748","新北市","蘆洲區","保和里","保和宮","直接標注","待指派","","亮均分類表單同步 | 2026-06-23 11:33:39","1","","0","0","0","","2026-08-16 22:25:53.019+00","已有台語來源狀態但缺少台語review"
"17048","LM03791","新北市","貢寮區","貢寮區","新社橋","直接標注","待指派","","亮均分類表單同步 | 2026-05-04 14:43:59","1","","0","0","0","","2026-08-16 22:25:53.019+00","已有台語來源狀態但缺少台語review"
"17049","LM03793","新北市","貢寮區","吉林里","有應公廟","直接標注","待指派","","亮均分類表單同步 | 2026-06-23 11:33:39","1","","0","0","0","","2026-08-16 22:25:53.019+00","已有台語來源狀態但缺少台語review"
"17052","LM03801","新北市","貢寮區","福隆里","興隆橋","直接標注","待指派","","亮均分類表單同步 | 2026-06-23 11:33:39","1","","0","0","0","","2026-08-16 22:25:53.019+00","已有台語來源狀態但缺少台語review"
"17053","LM03805","新北市","貢寮區","福隆里","心齋橋","直接標注","待指派","","亮均分類表單同步 | 2026-06-23 11:33:39","1","","0","0","0","","2026-08-16 22:25:53.019+00","已有台語來源狀態但缺少台語review"
"17056","LM03995","新北市","雙溪區","雙溪區","威惠廟","直接標注","待指派","","亮均分類表單同步 | 2026-05-04 14:43:59","1","","0","0","0","","2026-08-16 22:25:53.019+00","已有台語來源狀態但缺少台語review"
"17057","LM03998","新北市","雙溪區","新基里","天主教會","直接標注","待指派","","亮均分類表單同步 | 2026-06-23 11:33:39","1","","0","0","0","","2026-08-16 22:25:53.019+00","已有台語來源狀態但缺少台語review"
"17060","LM04139","臺中市","中區","愛松里","市農會","直接標注","待指派","","亮均分類表單同步 | 2026-06-23 11:33:39","1","","0","0","0","","2026-08-16 22:25:53.019+00","已有台語來源狀態但缺少台語review"
"17061","LM04157","臺中市","北區","金龍里","寶覺寺","直接標注","待指派","","亮均分類表單同步 | 2026-06-23 11:33:39","1","","0","0","0","","2026-08-16 22:25:53.019+00","已有台語來源狀態但缺少台語review"
"17062","LM04158","臺中市","北區","新興里","中興堂","直接標注","待指派","","亮均分類表單同步 | 2026-06-23 11:33:39","1","","0","0","0","","2026-08-16 22:25:53.019+00","已有台語來源狀態但缺少台語review"
"17069","LM04217","臺中市","南屯區","南屯里","文昌公廟","直接標注","待指派","","亮均分類表單同步 | 2026-06-23 11:33:39","1","","0","0","0","","2026-08-16 22:25:53.019+00","已有台語來源狀態但缺少台語review"
"17070","LM04225","臺中市","后里區","月眉里","慈賢宮","直接標注","待指派","","亮均分類表單同步 | 2026-06-23 11:33:39","1","","0","0","0","","2026-08-16 22:25:53.019+00","已有台語來源狀態但缺少台語review"
"17071","LM04277","臺中市","外埔區","六分里","水廠","直接標注","待指派","","亮均分類表單同步 | 2026-06-23 11:33:39","1","","0","0","0","","2026-08-16 22:25:53.019+00","已有台語來源狀態但缺少台語review"
"17073","LM04395","臺中市","大雅區","上楓里","天壽宮","直接標注","待指派","","亮均分類表單同步 | 2026-06-23 11:33:39","1","","0","0","0","","2026-08-16 22:25:53.019+00","已有台語來源狀態但缺少台語review"
"17086","LM04680","臺中市","西區","土庫里","公平里","直接標注","待指派","","亮均分類表單同步 | 2026-06-23 11:33:39","1","","0","0","0","","2026-08-16 22:25:53.019+00","已有台語來源狀態但缺少台語review"
"17087","LM04682","臺中市","西區","利民里","利民里","直接標注","待指派","","亮均分類表單同步 | 2026-06-23 11:33:39","1","","0","0","0","","2026-08-16 22:25:53.019+00","已有台語來源狀態但缺少台語review"
"17088","LM04683","臺中市","西區","東昇里","忠明里","直接標注","待指派","","亮均分類表單同步 | 2026-04-27 22:10:34","1","","0","0","0","","2026-08-16 22:25:53.019+00","已有台語來源狀態但缺少台語review"
"17090","LM04685","臺中市","西區","","廣民里","直接標注","待指派","","亮均分類表單同步 | 2026-06-23 11:33:39","1","","0","0","0","","2026-08-16 22:25:53.019+00","已有台語來源狀態但缺少台語review"
"17091","LM04779","臺北市","中山區","劍潭里","聖德宮","直接標注","待指派","","亮均分類表單同步 | 2026-06-23 11:33:39","1","","0","0","0","","2026-08-16 22:25:53.019+00","已有台語來源狀態但缺少台語review"
"17094","LM04869","臺北市","中正區","龍福里","中央銀行","直接標注","待指派","","亮均分類表單同步 | 2026-06-23 11:33:39","1","","0","0","0","","2026-08-16 22:25:53.019+00","已有台語來源狀態但缺少台語review"
"17096","LM04873","臺北市","中正區","河堤里","紀州庵","直接標注","待指派","","亮均分類表單同步 | 2026-04-27 22:10:34","1","","0","0","0","","2026-08-16 22:25:53.019+00","已有台語來源狀態但缺少台語review"
"17097","LM04878","臺北市","中正區","建國里","國史館","直接標注","待指派","","亮均分類表單同步 | 2026-06-23 11:33:39","1","","0","0","0","","2026-08-16 22:25:53.019+00","已有台語來源狀態但缺少台語review"
"17098","LM04879","臺北市","中正區","梅花里","審計部","直接標注","待指派","","亮均分類表單同步 | 2026-06-23 11:33:39","1","","0","0","0","","2026-08-16 22:25:53.019+00","已有台語來源狀態但缺少台語review"
"17099","LM04880","臺北市","中正區","建國里","最高法院","直接標注","待指派","","亮均分類表單同步 | 2026-06-23 11:33:39","1","","0","0","0","","2026-08-16 22:25:53.019+00","已有台語來源狀態但缺少台語review"
"17100","LM04881","臺北市","中正區","龍福里","財政部","直接標注","待指派","","亮均分類表單同步 | 2026-06-23 11:33:39","1","","0","0","0","","2026-08-16 22:25:53.019+00","已有台語來源狀態但缺少台語review"
"17101","LM04882","臺北市","中正區","建國里","法務部","直接標注","待指派","","亮均分類表單同步 | 2026-06-23 11:33:39","1","","0","0","0","","2026-08-16 22:25:53.019+00","已有台語來源狀態但缺少台語review"
"17102","LM04883","臺北市","中正區","幸福里","監察院","直接標注","待指派","","亮均分類表單同步 | 2026-06-23 11:33:39","1","","0","0","0","","2026-08-16 22:25:53.019+00","已有台語來源狀態但缺少台語review"
"17103","LM04884","臺北市","中正區","建國里","外交部","直接標注","待指派","","亮均分類表單同步 | 2026-06-23 11:33:39","1","","0","0","0","","2026-08-16 22:25:53.019+00","已有台語來源狀態但缺少台語review"
"17104","LM04885","臺北市","中正區","東門里","內政部","直接標注","待指派","","亮均分類表單同步 | 2026-04-27 22:10:34","1","","0","0","0","","2026-08-16 22:25:53.019+00","已有台語來源狀態但缺少台語review"
"17105","LM04886","臺北市","中正區","東門里","教育部","直接標注","待指派","","亮均分類表單同步 | 2026-06-23 11:33:39","1","","0","0","0","","2026-08-16 22:25:53.019+00","已有台語來源狀態但缺少台語review"
"17106","LM04887","臺北市","中正區","梅花里","行政院","直接標注","待指派","","亮均分類表單同步 | 2026-06-23 11:33:39","1","","0","0","0","","2026-08-16 22:25:53.019+00","已有台語來源狀態但缺少台語review"
"17107","LM04888","臺北市","中正區","幸福里","立法院","直接標注","待指派","","亮均分類表單同步 | 2026-06-23 11:33:39","1","","0","0","0","","2026-08-16 22:25:53.019+00","已有台語來源狀態但缺少台語review"
"17108","LM05031","臺北市","信義區","景勤里","陸保廠","直接標注","待指派","","亮均分類表單同步 | 2026-06-23 11:33:39","1","","0","0","0","","2026-08-16 22:25:53.019+00","已有台語來源狀態但缺少台語review"
"17109","LM05035","臺北市","信義區","興隆里","臺北市議會","直接標注","待指派","","亮均分類表單同步 | 2026-06-23 11:33:39","1","","0","0","0","","2026-08-16 22:25:53.019+00","已有台語來源狀態但缺少台語review"
"17110","LM05036","臺北市","信義區","西村里","臺北市政府","直接標注","待指派","","亮均分類表單同步 | 2026-06-23 11:33:39","1","","0","0","0","","2026-08-16 22:25:53.019+00","已有台語來源狀態但缺少台語review"
"17111","LM05039","臺北市","信義區","西村里","兵工廠","直接標注","待指派","","亮均分類表單同步 | 2026-06-23 11:33:39","1","","0","0","0","","2026-08-16 22:25:53.019+00","已有台語來源狀態但缺少台語review"
"17113","LM05146","臺北市","內湖區","碧山里","太陽堂","直接標注","待指派","","亮均分類表單同步 | 2026-06-23 11:33:39","1","","0","0","0","","2026-08-16 22:25:53.019+00","已有台語來源狀態但缺少台語review"
"17114","LM05281","臺北市","北投區","林泉里","吟松閣","直接標注","待指派","","亮均分類表單同步 | 2026-06-23 11:33:39","1","","0","0","0","","2026-08-16 22:25:53.019+00","已有台語來源狀態但缺少台語review"
"17116","LM05286","臺北市","北投區","大屯里","安國寺","直接標注","待指派","","亮均分類表單同步 | 2026-06-23 11:33:39","1","","0","0","0","","2026-08-16 22:25:53.019+00","已有台語來源狀態但缺少台語review"
"17117","LM05287","臺北市","北投區","大屯里","清天宮","直接標注","待指派","","亮均分類表單同步 | 2026-06-23 11:33:39","1","","0","0","0","","2026-08-16 22:25:53.019+00","已有台語來源狀態但缺少台語review"
"17118","LM05288","臺北市","北投區","八仙里","農禪寺","直接標注","待指派","","亮均分類表單同步 | 2026-06-23 11:33:39","1","","0","0","0","","2026-08-16 22:25:53.019+00","已有台語來源狀態但缺少台語review"
"17119","LM05440","臺北市","南港區","中南里","富南宮","直接標注","待指派","","亮均分類表單同步 | 2026-06-23 11:33:39","1","","0","0","0","","2026-08-16 22:25:53.019+00","已有台語來源狀態但缺少台語review"
"17129","LM05668","臺北市","文山區","政大里","政大附中","直接標注","待指派","","亮均分類表單同步 | 2026-06-23 11:33:39","1","","0","0","0","","2026-08-16 22:25:53.019+00","已有台語來源狀態但缺少台語review"
"17130","LM05669","臺北市","文山區","木新里","道南橋","直接標注","待指派","","亮均分類表單同步 | 2026-06-23 11:33:39","1","","0","0","0","","2026-08-16 22:25:53.019+00","已有台語來源狀態但缺少台語review"
"17131","LM05672","臺北市","文山區","試院里","考試院","直接標注","待指派","","亮均分類表單同步 | 2026-06-23 11:33:39","1","","0","0","0","","2026-08-16 22:25:53.019+00","已有台語來源狀態但缺少台語review"
"17132","LM05822","臺北市","萬華區","青山里","啟天宮","直接標注","待指派","","亮均分類表單同步 | 2026-06-23 11:33:39","1","","0","0","0","","2026-08-16 22:25:53.019+00","已有台語來源狀態但缺少台語review"
"17133","LM05823","臺北市","萬華區","青山里","芳明館","直接標注","待指派","","亮均分類表單同步 | 2026-06-23 11:33:39","1","","0","0","0","","2026-08-16 22:25:53.019+00","已有台語來源狀態但缺少台語review"
"17134","LM05824","臺北市","萬華區","壽德里","廣照宮","直接標注","待指派","","亮均分類表單同步 | 2026-06-23 11:33:39","1","","0","0","0","","2026-08-16 22:25:53.019+00","已有台語來源狀態但缺少台語review"
"17137","LM05828","臺北市","萬華區","西門里","電影街","直接標注","待指派","","亮均分類表單同步 | 2026-06-23 11:33:39","1","","0","0","0","","2026-08-16 22:25:53.019+00","已有台語來源狀態但缺少台語review"
"17142","LM05944","桃園市","八德區","竹園里","玉元宮","直接標注","待指派","","亮均分類表單同步 | 2026-06-23 11:33:39","1","","0","0","0","","2026-08-16 22:25:53.019+00","已有台語來源狀態但缺少台語review"
"17143","LM05945","桃園市","八德區","大仁里","廣行宮","直接標注","待指派","","亮均分類表單同步 | 2026-06-23 11:33:39","1","","0","0","0","","2026-08-16 22:25:53.019+00","已有台語來源狀態但缺少台語review"
"17144","LM05963","桃園市","大園區","竹圍里","福海宮","直接標注","待指派","","亮均分類表單同步 | 2026-05-04 09:49:21","1","","0","0","0","","2026-08-16 22:25:53.019+00","已有台語來源狀態但缺少台語review"
"17145","LM05964","桃園市","大園區","埔心里","福隆宮","直接標注","待指派","","亮均分類表單同步 | 2026-06-23 11:33:39","1","","0","0","0","","2026-08-16 22:25:53.019+00","已有台語來源狀態但缺少台語review"
"17146","LM05966","桃園市","大園區","大園區","仁壽宮","直接標注","待指派","","亮均分類表單同步 | 2026-06-23 11:33:39","1","","0","0","0","","2026-08-16 22:25:53.019+00","已有台語來源狀態但缺少台語review"
"17147","LM05985","桃園市","大溪區","光明里","齋明寺","直接標注","待指派","","亮均分類表單同步 | 2026-06-23 11:33:39","1","","0","0","0","","2026-08-16 22:25:53.019+00","已有台語來源狀態但缺少台語review"
"17148","LM05986","桃園市","大溪區","福仁里","福仁宮","直接標注","待指派","","亮均分類表單同步 | 2026-06-23 11:33:39","1","","0","0","0","","2026-08-16 22:25:53.019+00","已有台語來源狀態但缺少台語review"
"17151","LM05990","桃園市","大溪區","福仁里","長老教會","直接標注","待指派","","亮均分類表單同步 | 2026-06-23 11:33:39","1","","0","0","0","","2026-08-16 22:25:53.019+00","已有台語來源狀態但缺少台語review"
"17152","LM06027","桃園市","平鎮區","新榮里","三崇宮","直接標注","待指派","","亮均分類表單同步 | 2026-05-04 09:49:21","1","","0","0","0","","2026-08-16 22:25:53.019+00","已有台語來源狀態但缺少台語review"
"17153","LM06030","桃園市","平鎮區","新英里","地政所","直接標注","待指派","","亮均分類表單同步 | 2026-06-23 11:33:39","1","","0","0","0","","2026-08-16 22:25:53.019+00","已有台語來源狀態但缺少台語review"
"17154","LM06032","桃園市","平鎮區","新富里","市公所","直接標注","待指派","","亮均分類表單同步 | 2026-06-23 11:33:39","1","","0","0","0","","2026-08-16 22:25:53.019+00","已有台語來源狀態但缺少台語review"
"17155","LM06075","桃園市","新屋區","下埔里","埔頂橋","直接標注","待指派","","亮均分類表單同步 | 2026-06-23 11:33:39","1","","0","0","0","","2026-08-16 22:25:53.019+00","已有台語來源狀態但缺少台語review"
"17157","LM06078","桃園市","新屋區","深圳里","玄天宮","直接標注","待指派","","亮均分類表單同步 | 2026-06-23 11:33:39","1","","0","0","0","","2026-08-16 22:25:53.019+00","已有台語來源狀態但缺少台語review"
"17158","LM06081","桃園市","新屋區","永安里","保生宮","直接標注","待指派","","亮均分類表單同步 | 2026-06-23 11:33:39","1","","0","0","0","","2026-08-16 22:25:53.019+00","已有台語來源狀態但缺少台語review"
"17159","LM06083","桃園市","新屋區","蚵間里","昭靈宮","直接標注","待指派","","亮均分類表單同步 | 2026-06-23 11:33:39","1","","0","0","0","","2026-08-16 22:25:53.02+00","已有台語來源狀態但缺少台語review"
"17162","LM06091","桃園市","新屋區","新生里","衛生所","直接標注","待指派","","亮均分類表單同步 | 2026-06-23 11:33:39","1","","0","0","0","","2026-08-16 22:25:53.02+00","已有台語來源狀態但缺少台語review"
"17163","LM06094","桃園市","新屋區","新生里","新生","直接標注","待指派","","亮均分類表單同步 | 2026-06-23 11:33:39","1","","0","0","0","","2026-08-16 22:25:53.02+00","已有台語來源狀態但缺少台語review"
"17165","LM06191","桃園市","桃園區","","恩主公廟","直接標注","待指派","","亮均分類表單同步 | 2026-06-23 11:33:39","1","","0","0","0","","2026-08-16 22:25:53.02+00","已有台語來源狀態但缺少台語review"
"17166","LM06192","桃園市","桃園區","桃園區","鎮撫宮","直接標注","待指派","","亮均分類表單同步 | 2026-06-23 11:33:39","1","","0","0","0","","2026-08-16 22:25:53.02+00","已有台語來源狀態但缺少台語review"
"17167","LM06195","桃園市","桃園區","中正里","地方法院","直接標注","待指派","","亮均分類表單同步 | 2026-06-23 11:33:39","1","","0","0","0","","2026-08-16 22:25:53.02+00","已有台語來源狀態但缺少台語review"
"17168","LM06196","桃園市","桃園區","南門里","慈護宮","直接標注","待指派","","亮均分類表單同步 | 2026-05-04 09:49:21","1","","0","0","0","","2026-08-16 22:25:53.02+00","已有台語來源狀態但缺少台語review"
"17170","LM06201","桃園市","桃園區","武陵里","合作金庫","直接標注","待指派","","亮均分類表單同步 | 2026-06-23 11:33:39","1","","0","0","0","","2026-08-16 22:25:53.02+00","已有台語來源狀態但缺少台語review"
"17171","LM06202","桃園市","桃園區","福林里","審計處","直接標注","待指派","","亮均分類表單同步 | 2026-06-23 11:33:39","1","","0","0","0","","2026-08-16 22:25:53.02+00","已有台語來源狀態但缺少台語review"
"17172","LM06206","桃園市","桃園區","三民里","縣議會","直接標注","待指派","","亮均分類表單同步 | 2026-06-23 11:33:39","1","","0","0","0","","2026-08-16 22:25:53.02+00","已有台語來源狀態但缺少台語review"
"17173","LM06207","桃園市","桃園區","桃園區","忠烈祠","直接標注","待指派","","亮均分類表單同步 | 2026-06-23 11:33:39","1","","0","0","0","","2026-08-16 22:25:53.02+00","已有台語來源狀態但缺少台語review"
"17174","LM06209","桃園市","桃園區","南門里","監理站","直接標注","待指派","","亮均分類表單同步 | 2026-06-23 11:33:39","1","","0","0","0","","2026-08-16 22:25:53.02+00","已有台語來源狀態但缺少台語review"
"17175","LM06212","桃園市","桃園區","福林里","國聯","直接標注","待指派","","亮均分類表單同步 | 2026-06-23 11:33:39","1","","0","0","0","","2026-08-16 22:25:53.02+00","已有台語來源狀態但缺少台語review"
"17176","LM06213","桃園市","桃園區","大興里","新光三越","直接標注","待指派","","亮均分類表單同步 | 2026-05-04 09:49:21","1","","0","0","0","","2026-08-16 22:25:53.02+00","已有台語來源狀態但缺少台語review"
"17177","LM06214","桃園市","桃園區","長安里","農會","直接標注","待指派","","亮均分類表單同步 | 2026-06-23 11:33:39","1","","0","0","0","","2026-08-16 22:25:53.02+00","已有台語來源狀態但缺少台語review"
"17178","LM06215","桃園市","桃園區","永興里","消防局","直接標注","待指派","","亮均分類表單同步 | 2026-06-23 11:33:39","1","","0","0","0","","2026-08-16 22:25:53.02+00","已有台語來源狀態但缺少台語review"
"17180","LM06373","桃園市","楊梅區","","萬善廟","直接標注","待指派","","亮均分類表單同步 | 2026-06-23 11:33:39","1","","0","0","0","","2026-08-16 22:25:53.02+00","已有台語來源狀態但缺少台語review"
"17181","LM06375","桃園市","楊梅區","永寧里","江夏堂","直接標注","待指派","","亮均分類表單同步 | 2026-06-23 11:33:39","1","","0","0","0","","2026-08-16 22:25:53.02+00","已有台語來源狀態但缺少台語review"
"17185","LM06440","桃園市","觀音區","保生里","大覺寺","直接標注","待指派","","亮均分類表單同步 | 2026-06-23 11:33:39","1","","0","0","0","","2026-08-16 22:25:53.02+00","已有台語來源狀態但缺少台語review"
"17187","LM06458","桃園市","龍潭區","三坑里","永福宮","直接標注","待指派","","亮均分類表單同步 | 2026-06-23 11:33:39","1","","0","0","0","","2026-08-16 22:25:53.02+00","已有台語來源狀態但缺少台語review"
"17188","LM06459","桃園市","龍潭區","凌雲里","忠義廟","直接標注","待指派","","亮均分類表單同步 | 2026-06-23 11:33:39","1","","0","0","0","","2026-08-16 22:25:53.02+00","已有台語來源狀態但缺少台語review"
"17190","LM06465","桃園市","龍潭區","高原里","小人國","直接標注","待指派","","亮均分類表單同步 | 2026-06-23 11:33:39","1","","0","0","0","","2026-08-16 22:25:53.02+00","已有台語來源狀態但缺少台語review"
"17192","LM06541","臺南市","七股區","十份里","聖護宮","直接標注","待指派","","亮均分類表單同步 | 2026-04-27 22:10:34","1","","0","0","0","","2026-08-16 22:25:53.02+00","已有台語來源狀態但缺少台語review"
"17194","LM06606","臺南市","中西區","郡王里","台南女中","直接標注","待指派","","亮均分類表單同步 | 2026-06-23 11:33:39","1","","0","0","0","","2026-08-16 22:25:53.02+00","已有台語來源狀態但缺少台語review"
"17195","LM06607","臺南市","中西區","永華里","台南市政府","直接標注","待指派","","亮均分類表單同步 | 2026-06-23 11:33:39","1","","0","0","0","","2026-08-16 22:25:53.02+00","已有台語來源狀態但缺少台語review"
"17230","LM06658","臺南市","中西區","仙草里","殯儀館","直接標注","待指派","","亮均分類表單同步 | 2026-06-23 11:33:39","1","","0","0","0","","2026-08-16 22:25:53.02+00","已有台語來源狀態但缺少台語review"
"17231","LM06824","臺南市","仁德區","太子里","岳王廟","直接標注","待指派","","亮均分類表單同步 | 2026-06-23 11:33:39","1","","0","0","0","","2026-08-16 22:25:53.02+00","已有台語來源狀態但缺少台語review"
"17232","LM06825","臺南市","仁德區","保安里","藥專","直接標注","待指派","","亮均分類表單同步 | 2026-04-27 22:10:34","1","","0","0","0","","2026-08-16 22:25:53.02+00","已有台語來源狀態但缺少台語review"
"17238","LM06894","臺南市","北區","興北里","台南二中","直接標注","待指派","","亮均分類表單同步 | 2026-06-23 11:33:39","1","","0","0","0","","2026-08-16 22:25:53.02+00","已有台語來源狀態但缺少台語review"
"17240","LM06897","臺南市","北區","光武里","團管區","直接標注","待指派","","亮均分類表單同步 | 2026-04-27 22:10:34","1","","0","0","0","","2026-08-16 22:25:53.02+00","已有台語來源狀態但缺少台語review"
"17244","LM06970","臺南市","南區","喜北里","萬皇宮","直接標注","待指派","","亮均分類表單同步 | 2026-06-23 11:33:39","1","","0","0","0","","2026-08-16 22:25:53.02+00","已有台語來源狀態但缺少台語review"
"17245","LM06971","臺南市","南區","省躬里","萬年殿","直接標注","待指派","","亮均分類表單同步 | 2026-06-23 11:33:39","1","","0","0","0","","2026-08-16 22:25:53.02+00","已有台語來源狀態但缺少台語review"
"17248","LM06978","臺南市","南區","彰南里","安平港","直接標注","待指派","","亮均分類表單同步 | 2026-04-27 22:10:34","1","","0","0","0","","2026-08-16 22:25:53.02+00","已有台語來源狀態但缺少台語review"
"17249","LM06980","臺南市","南區","佛壇里","黃金海岸","直接標注","待指派","","亮均分類表單同步 | 2026-06-23 11:33:39","1","","0","0","0","","2026-08-16 22:25:53.02+00","已有台語來源狀態但缺少台語review"
"17252","LM07039","臺南市","安南區","原佃里","慶興宮","直接標注","待指派","","亮均分類表單同步 | 2026-06-23 11:33:39","1","","0","0","0","","2026-08-16 22:25:53.02+00","已有台語來源狀態但缺少台語review"
"17263","LM07189","臺南市","官田區","隆田里","葫蘆埤","直接標注","待指派","","亮均分類表單同步 | 2026-06-23 11:33:39","1","","0","0","0","","2026-08-16 22:25:53.02+00","已有台語來源狀態但缺少台語review"
"17265","LM07233","臺南市","左鎮區","中正里","區公所","直接標注","待指派","","亮均分類表單同步 | 2026-06-23 11:33:39","1","","0","0","0","","2026-08-16 22:25:53.02+00","已有台語來源狀態但缺少台語review"
"17266","LM07264","臺南市","後壁區","嘉苳里","觀察台","電話調查","待指派","","亮均分類表單同步 | 2026-07-07 05:28:25","1","","0","0","0","","2026-08-16 22:25:53.02+00","已有台語來源狀態但缺少台語review"
"17268","LM07374","臺南市","新營區","延平里","大廟","電話調查","待指派","","亮均分類表單同步 | 2026-07-07 05:28:25","1","","0","0","0","","2026-08-16 22:25:53.02+00","已有台語來源狀態但缺少台語review"
"17269","LM07413","臺南市","東區","龍山里","射擊場","電話調查","待指派","","亮均分類表單同步 | 2026-07-07 05:28:25","1","","0","0","0","","2026-08-16 22:25:53.02+00","已有台語來源狀態但缺少台語review"
"17270","LM07414","臺南市","東區","成大里","台南一中","直接標注","待指派","","亮均分類表單同步 | 2026-07-07 05:28:25","1","","0","0","0","","2026-08-16 22:25:53.02+00","已有台語來源狀態但缺少台語review"
"17271","LM07415","臺南市","東區","東門里","新樓","電話調查","待指派","","亮均分類表單同步 | 2026-07-07 05:28:25","1","","0","0","0","","2026-08-16 22:25:53.02+00","已有台語來源狀態但缺少台語review"
"17272","LM07461","臺南市","東山區","南勢里","水濂洞","電話調查","待指派","","亮均分類表單同步 | 2026-07-07 05:28:25","1","","0","0","0","","2026-08-16 22:25:53.02+00","已有台語來源狀態但缺少台語review"
"17273","LM07467","臺南市","柳營區","東昇里","德元埤","電話調查","待指派","","亮均分類表單同步 | 2026-07-07 05:28:25","1","","0","0","0","","2026-08-16 22:25:53.02+00","已有台語來源狀態但缺少台語review"
"17274","LM07468","臺南市","柳營區","東昇里","試驗區","電話調查","待指派","","亮均分類表單同步 | 2026-07-07 05:28:25","1","","0","0","0","","2026-08-16 22:25:53.02+00","已有台語來源狀態但缺少台語review"
"17275","LM07481","臺南市","楠西區","照興里","二號橋","直接標注","待指派","","亮均分類表單同步 | 2026-07-02 05:28:32","1","","0","0","0","","2026-08-16 22:25:53.02+00","已有台語來源狀態但缺少台語review"
"17276","LM07486","臺南市","歸仁區","大廟里","大人廟","現場調查","待指派","","tanliangkun | 2026-07-06 13:30:35","1","","0","0","0","","2026-08-16 22:25:53.02+00","已有台語來源狀態但缺少台語review"
"17277","LM07489","臺南市","歸仁區","新厝里","翰林院","電話調查","待指派","","tanliangkun | 2026-07-06 13:30:42","1","","0","0","0","","2026-08-16 22:25:53.02+00","已有台語來源狀態但缺少台語review"
"17278","LM07491","臺南市","歸仁區","歸仁里","孔子廟","電話調查","待指派","","tanliangkun | 2026-07-06 13:30:40","1","","0","0","0","","2026-08-16 22:25:53.02+00","已有台語來源狀態但缺少台語review"
"17280","LM07522","臺南市","永康區","永康里","南農","直接標注","待指派","","亮均分類表單同步 | 2026-04-27 22:10:34","1","","0","0","0","","2026-08-16 22:25:53.02+00","已有台語來源狀態但缺少台語review"
"17284","LM07672","彰化縣","二水鄉","倡和村","莿仔埤圳","直接標注","待指派","","亮均分類表單同步 | 2026-06-23 11:33:39","1","","0","0","0","","2026-08-16 22:25:53.02+00","已有台語來源狀態但缺少台語review"
"17286","LM07693","彰化縣","北斗鎮","西德里","寶興宮","直接標注","待指派","","亮均分類表單同步 | 2026-06-23 11:33:39","1","","0","0","0","","2026-08-16 22:25:53.02+00","已有台語來源狀態但缺少台語review"
"17289","LM07700","彰化縣","北斗鎮","中寮里","水利會","直接標注","待指派","","亮均分類表單同步 | 2026-06-23 11:33:39","1","","0","0","0","","2026-08-16 22:25:53.021+00","已有台語來源狀態但缺少台語review"
"17291","LM07740","彰化縣","員林市","民生里","衡文宮","直接標注","待指派","","亮均分類表單同步 | 2026-06-23 11:33:39","1","","0","0","0","","2026-08-16 22:25:53.021+00","已有台語來源狀態但缺少台語review"
"17292","LM07743","彰化縣","員林市","和平里","福寧宮","直接標注","待指派","","亮均分類表單同步 | 2026-06-23 11:33:39","1","","0","0","0","","2026-08-16 22:25:53.021+00","已有台語來源狀態但缺少台語review"
"17295","LM07802","彰化縣","埔心鄉","東門村","武聖宮","直接標注","待指派","","亮均分類表單同步 | 2026-06-23 11:33:39","1","","0","0","0","","2026-08-16 22:25:53.021+00","已有台語來源狀態但缺少台語review"
"17301","LM07919","彰化縣","永靖鄉","同仁村","王宅","電話調查","待指派","","亮均分類表單同步 | 2026-06-23 11:33:39","1","","0","0","0","","2026-08-16 22:25:53.021+00","已有台語來源狀態但缺少台語review"
"17302","LM07921","彰化縣","永靖鄉","湳港村","甘澍宮","現場調查","待指派","","亮均分類表單同步 | 2026-06-23 11:33:39","1","","0","0","0","","2026-08-16 22:25:53.021+00","已有台語來源狀態但缺少台語review"
"17303","LM07922","彰化縣","永靖鄉","崙美村","慈聖宮","直接標注","待指派","","亮均分類表單同步 | 2026-06-23 11:33:39","1","","0","0","0","","2026-08-16 22:25:53.021+00","已有台語來源狀態但缺少台語review"
"17304","LM07979","彰化縣","田中鎮","西路里","乾德宮","直接標注","待指派","","亮均分類表單同步 | 2026-05-12 09:13:54","1","","0","0","0","","2026-08-16 22:25:53.021+00","已有台語來源狀態但缺少台語review"
"17305","LM07981","彰化縣","田尾鄉","田尾村","怡心園","直接標注","待指派","","亮均分類表單同步 | 2026-06-23 11:33:39","1","","0","0","0","","2026-08-16 22:25:53.021+00","已有台語來源狀態但缺少台語review"
"17306","LM08032","彰化縣","線西鄉","溝內村","塭仔港","直接標注","待指派","","亮均分類表單同步 | 2026-06-23 11:33:39","1","","0","0","0","","2026-08-16 22:25:53.021+00","已有台語來源狀態但缺少台語review"
"17307","LM08049","彰化縣","花壇鄉","白沙村","文德宮","直接標注","待指派","","亮均分類表單同步 | 2026-06-23 11:33:39","1","","0","0","0","","2026-08-16 22:25:53.021+00","已有台語來源狀態但缺少台語review"
"17308","LM08050","彰化縣","花壇鄉","白沙村","富美宮","直接標注","待指派","","亮均分類表單同步 | 2026-06-23 11:33:39","1","","0","0","0","","2026-08-16 22:25:53.021+00","已有台語來源狀態但缺少台語review"
"17311","LM08075","彰化縣","鹿港鎮","街尾里","地藏王廟","電話調查","待指派","","亮均分類表單同步 | 2026-06-23 11:33:39","1","","0","0","0","","2026-08-16 22:25:53.021+00","已有台語來源狀態但缺少台語review"
"17313","LM08140","屏東縣","屏東市","文明里","小公園","直接標注","待指派","","亮均分類表單同步 | 2026-06-23 11:33:39","1","","0","0","0","","2026-08-16 22:25:53.021+00","已有台語來源狀態但缺少台語review"
"17315","LM08143","屏東縣","屏東市","金泉里","電信局","直接標注","待指派","","亮均分類表單同步 | 2026-06-23 11:33:39","1","","0","0","0","","2026-08-16 22:25:53.021+00","已有台語來源狀態但缺少台語review"
"17316","LM08144","屏東縣","屏東市","仁義里","電臺","直接標注","待指派","","亮均分類表單同步 | 2026-06-23 11:33:39","1","","0","0","0","","2026-08-16 22:25:53.021+00","已有台語來源狀態但缺少台語review"
"17319","LM08147","屏東縣","屏東市","平和里","郵局","直接標注","待指派","","亮均分類表單同步 | 2026-06-23 11:33:39","1","","0","0","0","","2026-08-16 22:25:53.021+00","已有台語來源狀態但缺少台語review"
"17320","LM08181","屏東縣","崁頂鄉","力社村","神農宮","直接標注","待指派","","亮均分類表單同步 | 2026-05-12 09:13:54","1","","0","0","0","","2026-08-16 22:25:53.021+00","已有台語來源狀態但缺少台語review"
"17322","LM08183","屏東縣","崁頂鄉","越溪村","南清宮","直接標注","待指派","","亮均分類表單同步 | 2026-06-23 11:33:39","1","","0","0","0","","2026-08-16 22:25:53.021+00","已有台語來源狀態但缺少台語review"
"17329","LM08207","屏東縣","恆春鎮","城西里","夜市","直接標注","待指派","","亮均分類表單同步 | 2026-06-23 11:33:39","1","","0","0","0","","2026-08-16 22:25:53.021+00","已有台語來源狀態但缺少台語review"
"17331","LM08241","屏東縣","新園鄉","新東村","萬應公廟","直接標注","待指派","","亮均分類表單同步 | 2026-06-23 11:33:39","1","","0","0","0","","2026-08-16 22:25:53.021+00","已有台語來源狀態但缺少台語review"
"17332","LM08243","屏東縣","新園鄉","仙吉村","仙公廟","直接標注","待指派","","亮均分類表單同步 | 2026-06-23 11:33:39","1","","0","0","0","","2026-08-16 22:25:53.021+00","已有台語來源狀態但缺少台語review"
"17333","LM08262","屏東縣","東港鎮","興臺里","菜市仔","直接標注","待指派","","亮均分類表單同步 | 2026-06-23 11:33:39","1","","0","0","0","","2026-08-16 22:25:53.021+00","已有台語來源狀態但缺少台語review"
"17335","LM08274","屏東縣","枋寮鄉","枋寮村","德興宮","直接標注","待指派","","亮均分類表單同步 | 2026-06-23 11:33:39","1","","0","0","0","","2026-08-16 22:25:53.021+00","已有台語來源狀態但缺少台語review"
"17336","LM08287","屏東縣","林邊鄉","崎峰村","真武殿","直接標注","待指派","","亮均分類表單同步 | 2026-05-12 09:13:54","1","","0","0","0","","2026-08-16 22:25:53.021+00","已有台語來源狀態但缺少台語review"
"17338","LM08289","屏東縣","林邊鄉","永樂村","超峰寺","直接標注","待指派","","亮均分類表單同步 | 2026-06-23 11:33:39","1","","0","0","0","","2026-08-16 22:25:53.021+00","已有台語來源狀態但缺少台語review"
"17339","LM08292","屏東縣","林邊鄉","永樂村","英靈殿","直接標注","待指派","","亮均分類表單同步 | 2026-06-23 11:33:39","1","","0","0","0","","2026-08-16 22:25:53.021+00","已有台語來源狀態但缺少台語review"
"17345","LM08354","屏東縣","竹田鄉","西勢村","忠義祠","直接標注","待指派","","亮均分類表單同步 | 2026-06-23 11:33:39","1","","0","0","0","","2026-08-16 22:25:53.021+00","已有台語來源狀態但缺少台語review"
"17347","LM08369","屏東縣","車城鄉","海口村","海口港","直接標注","待指派","","亮均分類表單同步 | 2026-06-23 11:33:39","1","","0","0","0","","2026-08-16 22:25:53.021+00","已有台語來源狀態但缺少台語review"
"17348","LM08370","屏東縣","車城鄉","海口村","代天宮","直接標注","待指派","","亮均分類表單同步 | 2026-06-23 11:33:39","1","","0","0","0","","2026-08-16 22:25:53.021+00","已有台語來源狀態但缺少台語review"
"17349","LM08371","屏東縣","車城鄉","統埔村","鎮安宮","直接標注","待指派","","亮均分類表單同步 | 2026-06-23 11:33:39","1","","0","0","0","","2026-08-16 22:25:53.021+00","已有台語來源狀態但缺少台語review"
"17350","LM08374","屏東縣","車城鄉","新街村","福德宮","直接標注","待指派","","亮均分類表單同步 | 2026-06-23 11:33:39","1","","0","0","0","","2026-08-16 22:25:53.021+00","已有台語來源狀態但缺少台語review"
"17352","LM08393","屏東縣","長治鄉","進興村","玄天上帝廟","直接標注","待指派","","亮均分類表單同步 | 2026-04-27 22:10:34","1","","0","0","0","","2026-08-16 22:25:53.021+00","已有台語來源狀態但缺少台語review"
"17353","LM08394","屏東縣","長治鄉","德榮村","北極殿","直接標注","待指派","","亮均分類表單同步 | 2026-06-23 11:33:39","1","","0","0","0","","2026-08-16 22:25:53.021+00","已有台語來源狀態但缺少台語review"
"17356","LM08458","屏東縣","麟洛鄉","麟蹄村","鄭成功廟","直接標注","待指派","","亮均分類表單同步 | 2026-06-23 11:33:39","1","","0","0","0","","2026-08-16 22:25:53.021+00","已有台語來源狀態但缺少台語review"
"17357","LM08473","雲林縣","二崙鄉","港後村","平安宮","直接標注","待指派","","亮均分類表單同步 | 2026-06-23 11:33:39","1","","0","0","0","","2026-08-16 22:25:53.021+00","已有台語來源狀態但缺少台語review"
"17358","LM08474","雲林縣","二崙鄉","定安村","定安宮","直接標注","待指派","","亮均分類表單同步 | 2026-06-23 11:33:39","1","","0","0","0","","2026-08-16 22:25:53.021+00","已有台語來源狀態但缺少台語review"
"17359","LM08475","雲林縣","二崙鄉","來惠村","慈和宮","直接標注","待指派","","亮均分類表單同步 | 2026-06-23 11:33:39","1","","0","0","0","","2026-08-16 22:25:53.021+00","已有台語來源狀態但缺少台語review"
"17361","LM08491","雲林縣","元長鄉","西莊村","善德堂","直接標注","待指派","","亮均分類表單同步 | 2026-06-23 11:33:39","1","","0","0","0","","2026-08-16 22:25:53.021+00","已有台語來源狀態但缺少台語review"
"17362","LM08492","雲林縣","元長鄉","子茂村","南天府","直接標注","待指派","","亮均分類表單同步 | 2026-06-23 11:33:39","1","","0","0","0","","2026-08-16 22:25:53.021+00","已有台語來源狀態但缺少台語review"
"17363","LM08493","雲林縣","元長鄉","鹿南村","義天宮","直接標注","待指派","","亮均分類表單同步 | 2026-06-23 11:33:39","1","","0","0","0","","2026-08-16 22:25:53.021+00","已有台語來源狀態但缺少台語review"
"17365","LM08515","雲林縣","北港鎮","西勢里","慈德堂","直接標注","待指派","","亮均分類表單同步 | 2026-06-23 11:33:39","1","","0","0","0","","2026-08-16 22:25:53.021+00","已有台語來源狀態但缺少台語review"
"17366","LM08517","雲林縣","北港鎮","府番里","復興宮","直接標注","待指派","","亮均分類表單同步 | 2026-06-23 11:33:39","1","","0","0","0","","2026-08-16 22:25:53.021+00","已有台語來源狀態但缺少台語review"
"17371","LM08566","雲林縣","口湖鄉","下崙村","順寮宮","直接標注","待指派","","亮均分類表單同步 | 2026-06-23 11:33:39","1","","0","0","0","","2026-08-16 22:25:53.021+00","已有台語來源狀態但缺少台語review"
"17374","LM08605","雲林縣","四湖鄉","崙南村","海清宮","直接標注","待指派","","亮均分類表單同步 | 2026-06-23 11:33:39","1","","0","0","0","","2026-08-16 22:25:53.021+00","已有台語來源狀態但缺少台語review"
"17375","LM08622","雲林縣","土庫鎮","溪邊里","震安宮","直接標注","待指派","","亮均分類表單同步 | 2026-06-23 11:33:39","1","","0","0","0","","2026-08-16 22:25:53.021+00","已有台語來源狀態但缺少台語review"
"17378","LM08657","雲林縣","崙背鄉","港尾村","崇賢寺","直接標注","待指派","","亮均分類表單同步 | 2026-06-23 11:33:39","1","","0","0","0","","2026-08-16 22:25:53.021+00","已有台語來源狀態但缺少台語review"
"17379","LM08674","雲林縣","斗六市","忠孝里","自來水廠","直接標注","待指派","","亮均分類表單同步 | 2026-06-23 11:33:39","1","","0","0","0","","2026-08-16 22:25:53.021+00","已有台語來源狀態但缺少台語review"
"17382","LM08747","雲林縣","水林鄉","蘇秦村","豐德宮","直接標注","待指派","","亮均分類表單同步 | 2026-06-23 11:33:39","1","","0","0","0","","2026-08-16 22:25:53.021+00","已有台語來源狀態但缺少台語review"
"17383","LM08748","雲林縣","水林鄉","大山村","順天府","直接標注","待指派","","亮均分類表單同步 | 2026-06-23 11:33:39","1","","0","0","0","","2026-08-16 22:25:53.021+00","已有台語來源狀態但缺少台語review"
"17384","LM08750","雲林縣","水林鄉","大山村","忠義堂","直接標注","待指派","","亮均分類表單同步 | 2026-05-12 09:13:54","1","","0","0","0","","2026-08-16 22:25:53.021+00","已有台語來源狀態但缺少台語review"
"17387","LM08831","雲林縣","褒忠鄉","埔姜村","聚保宮","直接標注","待指派","","亮均分類表單同步 | 2026-06-23 11:33:39","1","","0","0","0","","2026-08-16 22:25:53.021+00","已有台語來源狀態但缺少台語review"
"17388","LM08843","雲林縣","西螺鎮","正興里","廣興宮","直接標注","待指派","","亮均分類表單同步 | 2026-06-23 11:33:39","1","","0","0","0","","2026-08-16 22:25:53.021+00","已有台語來源狀態但缺少台語review"
"17389","LM08845","雲林縣","西螺鎮","吳厝里","朝興宮","直接標注","待指派","","亮均分類表單同步 | 2026-06-23 11:33:39","1","","0","0","0","","2026-08-16 22:25:53.021+00","已有台語來源狀態但缺少台語review"
"17390","LM08846","雲林縣","西螺鎮","光華里","西螺大橋","直接標注","待指派","","亮均分類表單同步 | 2026-06-23 11:33:39","1","","0","0","0","","2026-08-16 22:25:53.021+00","已有台語來源狀態但缺少台語review"
"17391","LM08881","雲林縣","麥寮鄉","麥豐村","聚寶宮","直接標注","待指派","","亮均分類表單同步 | 2026-06-23 11:33:39","1","","0","0","0","","2026-08-16 22:25:53.021+00","已有台語來源狀態但缺少台語review"
"17393","LM08974","新竹縣","寶山鄉","新城村","新豐宮","直接標注","待指派","","亮均分類表單同步 | 2026-06-23 11:33:39","1","","0","0","0","","2026-08-16 22:25:53.021+00","已有台語來源狀態但缺少台語review"
"17394","LM08978","新竹縣","寶山鄉","油田村","餘慶堂","直接標注","待指派","","亮均分類表單同步 | 2026-06-23 11:33:39","1","","0","0","0","","2026-08-16 22:25:53.021+00","已有台語來源狀態但缺少台語review"
"17398","LM09049","新竹縣","峨眉鄉","中盛村","中興圳","直接標注","待指派","","亮均分類表單同步 | 2026-06-23 11:33:39","1","","0","0","0","","2026-08-16 22:25:53.021+00","已有台語來源狀態但缺少台語review"
"17400","LM09054","新竹縣","峨眉鄉","中盛村","試驗所","直接標注","待指派","","亮均分類表單同步 | 2026-04-27 22:10:34","1","","0","0","0","","2026-08-16 22:25:53.021+00","已有台語來源狀態但缺少台語review"
"17404","LM09091","新竹縣","新埔鎮","五埔里","陸光","直接標注","待指派","","亮均分類表單同步 | 2026-06-23 11:33:39","1","","0","0","0","","2026-08-16 22:25:53.021+00","已有台語來源狀態但缺少台語review"
"17405","LM09096","新竹縣","新埔鎮","新埔鎮","活動中心","直接標注","待指派","","亮均分類表單同步 | 2026-06-23 11:33:39","1","","0","0","0","","2026-08-16 22:25:53.021+00","已有台語來源狀態但缺少台語review"
"17406","LM09097","新竹縣","新埔鎮","新民里","媽祖廟","直接標注","待指派","","亮均分類表單同步 | 2026-06-23 11:33:39","1","","0","0","0","","2026-08-16 22:25:53.021+00","已有台語來源狀態但缺少台語review"
"17407","LM09098","新竹縣","新埔鎮","新民里","鎮公所","直接標注","待指派","","亮均分類表單同步 | 2026-06-23 11:33:39","1","","0","0","0","","2026-08-16 22:25:53.021+00","已有台語來源狀態但缺少台語review"
"17408","LM09099","新竹縣","新埔鎮","田新里","監理所","直接標注","待指派","","亮均分類表單同步 | 2026-04-27 22:10:34","1","","0","0","0","","2026-08-16 22:25:53.021+00","已有台語來源狀態但缺少台語review"
"17412","LM09184","新竹縣","新豐鄉","上坑村","天德堂","直接標注","待指派","","亮均分類表單同步 | 2026-06-23 11:33:39","1","","0","0","0","","2026-08-16 22:25:53.022+00","已有台語來源狀態但缺少台語review"
"17413","LM09247","新竹縣","湖口鄉","愛勢村","顯聖宮","直接標注","待指派","","亮均分類表單同步 | 2026-06-23 11:33:39","1","","0","0","0","","2026-08-16 22:25:53.022+00","已有台語來源狀態但缺少台語review"
"17414","LM09294","新竹縣","竹東鎮","竹東鎮","曉江亭","直接標注","待指派","","亮均分類表單同步 | 2026-06-23 11:33:39","1","","0","0","0","","2026-08-16 22:25:53.022+00","已有台語來源狀態但缺少台語review"
"17415","LM09295","新竹縣","竹東鎮","商華里","大願寺","直接標注","待指派","","亮均分類表單同步 | 2026-06-23 11:33:39","1","","0","0","0","","2026-08-16 22:25:53.022+00","已有台語來源狀態但缺少台語review"
"17416","LM09298","新竹縣","竹東鎮","竹東鎮","惠昌宮","直接標注","待指派","","亮均分類表單同步 | 2026-04-27 22:10:34","1","","0","0","0","","2026-08-16 22:25:53.022+00","已有台語來源狀態但缺少台語review"
"17417","LM09302","新竹縣","竹東鎮","五豐里","甘露寺","直接標注","待指派","","亮均分類表單同步 | 2026-06-23 11:33:39","1","","0","0","0","","2026-08-16 22:25:53.022+00","已有台語來源狀態但缺少台語review"
"17419","LM09394","新竹縣","關西鎮","上林里","元和宮","直接標注","待指派","","亮均分類表單同步 | 2026-06-23 11:33:39","1","","0","0","0","","2026-08-16 22:25:53.022+00","已有台語來源狀態但缺少台語review"
"17423","LM09483","苗栗縣","卓蘭鎮","老庄里","軍民廟","直接標注","待指派","","亮均分類表單同步 | 2026-06-23 11:33:39","1","","0","0","0","","2026-08-16 22:25:53.022+00","已有台語來源狀態但缺少台語review"
"17424","LM09515","苗栗縣","南庄鄉","東河村","神仙谷","直接標注","待指派","","亮均分類表單同步 | 2026-05-12 09:13:54","1","","0","0","0","","2026-08-16 22:25:53.022+00","已有台語來源狀態但缺少台語review"
"17427","LM09578","苗栗縣","後龍鎮","龍坑里","善光寺","直接標注","待指派","","亮均分類表單同步 | 2026-06-23 11:33:39","1","","0","0","0","","2026-08-16 22:25:53.022+00","已有台語來源狀態但缺少台語review"
"17428","LM09647","苗栗縣","獅潭鄉","竹木村","南衡宮","直接標注","待指派","","亮均分類表單同步 | 2026-06-23 11:33:39","1","","0","0","0","","2026-08-16 22:25:53.022+00","已有台語來源狀態但缺少台語review"
"17430","LM09675","苗栗縣","竹南鎮","中美里","慈裕宮","直接標注","待指派","","亮均分類表單同步 | 2026-06-23 11:33:39","1","","0","0","0","","2026-08-16 22:25:53.022+00","已有台語來源狀態但缺少台語review"
"17436","LM09888","苗栗縣","通霄鎮","白東里","拱天宮","直接標注","待指派","","亮均分類表單同步 | 2026-06-23 11:33:39","1","","0","0","0","","2026-08-16 22:25:53.022+00","已有台語來源狀態但缺少台語review"
"17439","LM09957","苗栗縣","頭屋鄉","飛鳳村","南北橋","直接標注","待指派","","亮均分類表單同步 | 2026-06-23 11:33:39","1","","0","0","0","","2026-08-16 22:25:53.022+00","已有台語來源狀態但缺少台語review"
"17441","LM09972","嘉義縣","中埔鄉","義仁村","義安宮","直接標注","待指派","","亮均分類表單同步 | 2026-06-23 11:33:39","1","","0","0","0","","2026-08-16 22:25:53.022+00","已有台語來源狀態但缺少台語review"
"17443","LM09976","嘉義縣","中埔鄉","和美村","忠義橋","直接標注","待指派","","亮均分類表單同步 | 2026-06-23 11:33:39","1","","0","0","0","","2026-08-16 22:25:53.022+00","已有台語來源狀態但缺少台語review"
"17444","LM09977","嘉義縣","中埔鄉","社口村","竹林寺","電話調查","待指派","","亮均分類表單同步 | 2026-06-23 11:33:39","1","","0","0","0","","2026-08-16 22:25:53.022+00","已有台語來源狀態但缺少台語review"
"17445","LM09978","嘉義縣","中埔鄉","中埔鄉","振興會","電話調查","待指派","","亮均分類表單同步 | 2026-06-23 11:33:39","1","","0","0","0","","2026-08-16 22:25:53.022+00","已有台語來源狀態但缺少台語review"
"17446","LM09986","嘉義縣","中埔鄉","社口村","吳鳳","N/A","待指派","","亮均分類表單同步 | 2026-06-23 11:33:39","1","","0","0","0","","2026-08-16 22:25:53.022+00","已有台語來源狀態但缺少台語review"
"17447","LM10044","嘉義縣","六腳鄉","正義村","威靈宮","直接標注","待指派","","亮均分類表單同步 | 2026-07-07 05:28:25","1","","0","0","0","","2026-08-16 22:25:53.022+00","已有台語來源狀態但缺少台語review"
"17448","LM10047","嘉義縣","六腳鄉","灣南村","鳳山宮","電話調查","待指派","","亮均分類表單同步 | 2026-07-07 05:28:25","1","","0","0","0","","2026-08-16 22:25:53.022+00","已有台語來源狀態但缺少台語review"
"17449","LM10049","嘉義縣","六腳鄉","六腳鄉","市仔","電話調查","待指派","","亮均分類表單同步 | 2026-07-07 05:28:25","1","","0","0","0","","2026-08-16 22:25:53.022+00","已有台語來源狀態但缺少台語review"
"17450","LM10055","嘉義縣","六腳鄉","塗師村","文昌宮","直接標注","待指派","","亮均分類表單同步 | 2026-07-07 05:28:25","1","","0","0","0","","2026-08-16 22:25:53.022+00","已有台語來源狀態但缺少台語review"
"17451","LM10060","嘉義縣","六腳鄉","蒜頭村","倉庫","電話調查","待指派","","亮均分類表單同步 | 2026-07-07 05:28:25","1","","0","0","0","","2026-08-16 22:25:53.022+00","已有台語來源狀態但缺少台語review"
"17452","LM10090","嘉義縣","大埔鄉","和平村","大埔橋","電話調查","待指派","","亮均分類表單同步 | 2026-06-23 11:33:39","1","","0","0","0","","2026-08-16 22:25:53.022+00","已有台語來源狀態但缺少台語review"
"17453","LM10107","嘉義縣","大林鎮","大林鎮","衙門","電話調查","待指派","","亮均分類表單同步 | 2026-06-23 11:33:39","1","","0","0","0","","2026-08-16 22:25:53.022+00","已有台語來源狀態但缺少台語review"
"17454","LM10136","嘉義縣","太保市","太保市","福濟宮","直接標注","待指派","","亮均分類表單同步 | 2026-07-07 14:26:21","1","","0","0","0","","2026-08-16 22:25:53.022+00","已有台語來源狀態但缺少台語review"
"17455","LM10141","嘉義縣","太保市","後潭里","萬善公","直接標注","待指派","","亮均分類表單同步 | 2026-07-07 14:26:21","1","","0","0","0","","2026-08-16 22:25:53.022+00","已有台語來源狀態但缺少台語review"
"17456","LM10144","嘉義縣","太保市","南新里","恩主宮","電話調查","待指派","","亮均分類表單同步 | 2026-07-07 14:26:21","1","","0","0","0","","2026-08-16 22:25:53.022+00","已有台語來源狀態但缺少台語review"
"17457","LM10145","嘉義縣","太保市","後潭里","法隆寺","直接標注","待指派","","亮均分類表單同步 | 2026-07-07 14:26:21","1","","0","0","0","","2026-08-16 22:25:53.022+00","已有台語來源狀態但缺少台語review"
"17458","LM10181","嘉義縣","布袋鎮","布袋鎮","嘉應廟","直接標注","待指派","","亮均分類表單同步 | 2026-07-07 14:26:21","1","","0","0","0","","2026-08-16 22:25:53.022+00","已有台語來源狀態但缺少台語review"
"17459","LM10183","嘉義縣","布袋鎮","東港里","龍山宮","電話調查","待指派","","亮均分類表單同步 | 2026-07-07 14:26:21","1","","0","0","0","","2026-08-16 22:25:53.022+00","已有台語來源狀態但缺少台語review"
"17460","LM10184","嘉義縣","布袋鎮","興中里","布袋港","直接標注","待指派","","亮均分類表單同步 | 2026-07-07 14:26:21","1","","0","0","0","","2026-08-16 22:25:53.022+00","已有台語來源狀態但缺少台語review"
"17461","LM10220","嘉義縣","新港鄉","新港鄉","三官大帝廟","電話調查","待指派","","亮均分類表單同步 | 2026-06-23 11:33:39","1","","0","0","0","","2026-08-16 22:25:53.022+00","已有台語來源狀態但缺少台語review"
"17462","LM10225","嘉義縣","新港鄉","新港鄉","寶天宮","電話調查","待指派","","亮均分類表單同步 | 2026-06-23 11:33:39","1","","0","0","0","","2026-08-16 22:25:53.022+00","已有台語來源狀態但缺少台語review"
"17463","LM10228","嘉義縣","新港鄉","安和村","安和橋","直接標注","待指派","","亮均分類表單同步 | 2026-06-23 11:33:39","1","","0","0","0","","2026-08-16 22:25:53.022+00","已有台語來源狀態但缺少台語review"
"17464","LM10231","嘉義縣","新港鄉","溪北村","六興橋","電話調查","待指派","","亮均分類表單同步 | 2026-06-23 11:33:39","1","","0","0","0","","2026-08-16 22:25:53.022+00","已有台語來源狀態但缺少台語review"
"17465","LM10232","嘉義縣","新港鄉","安和村","平安橋","電話調查","待指派","","亮均分類表單同步 | 2026-06-23 11:33:39","1","","0","0","0","","2026-08-16 22:25:53.022+00","已有台語來源狀態但缺少台語review"
"17466","LM10236","嘉義縣","新港鄉","新港鄉","水閘","電話調查","待指派","","亮均分類表單同步 | 2026-06-23 11:33:39","1","","0","0","0","","2026-08-16 22:25:53.022+00","已有台語來源狀態但缺少台語review"
"17467","LM10239","嘉義縣","新港鄉","新港鄉","水仙宮","電話調查","待指派","","亮均分類表單同步 | 2026-06-23 11:33:39","1","","0","0","0","","2026-08-16 22:25:53.022+00","已有台語來源狀態但缺少台語review"
"17468","LM10241","嘉義縣","新港鄉","板頭村","祠堂","電話調查","待指派","","亮均分類表單同步 | 2026-06-23 11:33:39","1","","0","0","0","","2026-08-16 22:25:53.022+00","已有台語來源狀態但缺少台語review"
"17469","LM10242","嘉義縣","新港鄉","溪北村","鐵支路","電話調查","待指派","","亮均分類表單同步 | 2026-06-23 11:33:39","1","","0","0","0","","2026-08-16 22:25:53.022+00","已有台語來源狀態但缺少台語review"
"17470","LM10250","嘉義縣","新港鄉","板頭村","垃圾場","電話調查","待指派","","亮均分類表單同步 | 2026-07-02 05:28:32","1","","0","0","0","","2026-08-16 22:25:53.022+00","已有台語來源狀態但缺少台語review"
"17471","LM10355","嘉義縣","朴子市","平和里","布伯公","現場調查","待指派","","亮均分類表單同步 | 2026-07-07 14:26:21","1","","0","0","0","","2026-08-16 22:25:53.022+00","已有台語來源狀態但缺少台語review"
"17472","LM10356","嘉義縣","朴子市","文化里","高明寺","直接標注","待指派","","亮均分類表單同步 | 2026-05-12 09:13:54","1","","0","0","0","","2026-08-16 22:25:53.022+00","已有台語來源狀態但缺少台語review"
"17473","LM10360","嘉義縣","朴子市","文化里","觀音媽廟","電話調查","待指派","","亮均分類表單同步 | 2026-07-07 14:26:21","1","","0","0","0","","2026-08-16 22:25:53.022+00","已有台語來源狀態但缺少台語review"
"17474","LM10361","嘉義縣","朴子市","竹圍里","萬善爺","電話調查","待指派","","亮均分類表單同步 | 2026-07-07 14:26:21","1","","0","0","0","","2026-08-16 22:25:53.022+00","已有台語來源狀態但缺少台語review"
"17475","LM10366","嘉義縣","朴子市","朴子市","山西宮","電話調查","待指派","","亮均分類表單同步 | 2026-07-07 14:26:21","1","","0","0","0","","2026-08-16 22:25:53.022+00","已有台語來源狀態但缺少台語review"
"17476","LM10368","嘉義縣","朴子市","松華里","龍安寺","電話調查","待指派","","亮均分類表單同步 | 2026-07-07 14:26:21","1","","0","0","0","","2026-08-16 22:25:53.022+00","已有台語來源狀態但缺少台語review"
"17477","LM10369","嘉義縣","朴子市","竹圍里","納骨堂","電話調查","待指派","","亮均分類表單同步 | 2026-07-07 14:26:21","1","","0","0","0","","2026-08-16 22:25:53.022+00","已有台語來源狀態但缺少台語review"
"17478","LM10471","嘉義縣","東石鄉","洲仔村","慈安宮","直接標注","待指派","","亮均分類表單同步 | 2026-07-07 05:28:25","1","","0","0","0","","2026-08-16 22:25:53.022+00","已有台語來源狀態但缺少台語review"
"17479","LM10474","嘉義縣","東石鄉","三家村","福靈宮","直接標注","待指派","","亮均分類表單同步 | 2026-07-07 05:28:25","1","","0","0","0","","2026-08-16 22:25:53.022+00","已有台語來源狀態但缺少台語review"
"17480","LM10477","嘉義縣","東石鄉","塭港村","土地廟","電話調查","待指派","","亮均分類表單同步 | 2026-07-07 05:28:25","1","","0","0","0","","2026-08-16 22:25:53.022+00","已有台語來源狀態但缺少台語review"
"17481","LM10479","嘉義縣","東石鄉","港口村","港口宮","直接標注","待指派","","亮均分類表單同步 | 2026-07-07 05:28:25","1","","0","0","0","","2026-08-16 22:25:53.022+00","已有台語來源狀態但缺少台語review"
"17482","LM10529","嘉義縣","梅山鄉","圳北村","禪林寺","電話調查","待指派","","亮均分類表單同步 | 2026-06-25 05:28:17","1","","0","0","0","","2026-08-16 22:25:53.022+00","已有台語來源狀態但缺少台語review"
"17483","LM10531","嘉義縣","梅山鄉","瑞峰村","海鼠山","電話調查","待指派","","亮均分類表單同步 | 2026-06-25 05:28:17","1","","0","0","0","","2026-08-16 22:25:53.022+00","已有台語來源狀態但缺少台語review"
"17484","LM10534","嘉義縣","梅山鄉","瑞里村","青年嶺","電話調查","待指派","","亮均分類表單同步 | 2026-06-25 05:28:17","1","","0","0","0","","2026-08-16 22:25:53.022+00","已有台語來源狀態但缺少台語review"
"17485","LM10537","嘉義縣","梅山鄉","龍眼村","二尖山","電話調查","待指派","","亮均分類表單同步 | 2026-06-25 05:28:17","1","","0","0","0","","2026-08-16 22:25:53.022+00","已有台語來源狀態但缺少台語review"
"17486","LM10539","嘉義縣","梅山鄉","梅東村","天主教堂","電話調查","待指派","","亮均分類表單同步 | 2026-06-25 05:28:17","1","","0","0","0","","2026-08-16 22:25:53.022+00","已有台語來源狀態但缺少台語review"
"17487","LM10540","嘉義縣","梅山鄉","碧湖村","禪雲寺","電話調查","待指派","","亮均分類表單同步 | 2026-06-25 05:28:17","1","","0","0","0","","2026-08-16 22:25:53.022+00","已有台語來源狀態但缺少台語review"
"17488","LM10544","嘉義縣","梅山鄉","梅北村","基督教會","電話調查","待指派","","亮均分類表單同步 | 2026-06-25 05:28:17","1","","0","0","0","","2026-08-16 22:25:53.022+00","已有台語來源狀態但缺少台語review"
"17489","LM10546","嘉義縣","梅山鄉","碧湖村","大峽谷","電話調查","待指派","","亮均分類表單同步 | 2026-06-25 05:28:17","1","","0","0","0","","2026-08-16 22:25:53.022+00","已有台語來源狀態但缺少台語review"
"17490","LM10626","嘉義縣","民雄鄉","三興村","三姓公廟","電話調查","待指派","","亮均分類表單同步 | 2026-07-02 05:28:32","1","","0","0","0","","2026-08-16 22:25:53.022+00","已有台語來源狀態但缺少台語review"
"17491","LM10628","嘉義縣","民雄鄉","中樂村","慶誠宮","直接標注","待指派","","亮均分類表單同步 | 2026-07-02 05:28:32","1","","0","0","0","","2026-08-16 22:25:53.022+00","已有台語來源狀態但缺少台語review"
"17492","LM10629","嘉義縣","民雄鄉","東榮村","太平橋","直接標注","待指派","","亮均分類表單同步 | 2026-07-02 05:28:32","1","","0","0","0","","2026-08-16 22:25:53.022+00","已有台語來源狀態但缺少台語review"
"17493","LM10630","嘉義縣","民雄鄉","興中村","廣安宮","直接標注","待指派","","亮均分類表單同步 | 2026-07-02 05:28:32","1","","0","0","0","","2026-08-16 22:25:53.022+00","已有台語來源狀態但缺少台語review"
"17494","LM10640","嘉義縣","民雄鄉","頂崙村","議事堂","電話調查","待指派","","亮均分類表單同步 | 2026-07-02 05:28:32","1","","0","0","0","","2026-08-16 22:25:53.022+00","已有台語來源狀態但缺少台語review"
"17495","LM10641","嘉義縣","民雄鄉","大崎村","觀音寺","直接標注","待指派","","亮均分類表單同步 | 2026-07-02 05:28:32","1","","0","0","0","","2026-08-16 22:25:53.022+00","已有台語來源狀態但缺少台語review"
"17496","LM10642","嘉義縣","民雄鄉","福樂村","軍部","電話調查","待指派","","亮均分類表單同步 | 2026-07-02 05:28:32","1","","0","0","0","","2026-08-16 22:25:53.022+00","已有台語來源狀態但缺少台語review"
"17497","LM10707","嘉義縣","水上鄉","水上鄉","苦竹寺","電話調查","待指派","","亮均分類表單同步 | 2026-07-07 14:26:21","1","","0","0","0","","2026-08-16 22:25:53.022+00","已有台語來源狀態但缺少台語review"
"17498","LM10708","嘉義縣","水上鄉","溪洲村","帝君廟","直接標注","待指派","","亮均分類表單同步 | 2026-07-07 14:26:21","1","","0","0","0","","2026-08-16 22:25:53.022+00","已有台語來源狀態但缺少台語review"
"17499","LM10770","嘉義縣","溪口鄉","疊溪村","太陽廟","電話調查","待指派","","亮均分類表單同步 | 2026-07-02 05:28:32","1","","0","0","0","","2026-08-16 22:25:53.022+00","已有台語來源狀態但缺少台語review"
"17500","LM10773","嘉義縣","溪口鄉","游西村","武英殿","直接標注","待指派","","亮均分類表單同步 | 2026-07-02 05:28:32","1","","0","0","0","","2026-08-16 22:25:53.022+00","已有台語來源狀態但缺少台語review"
"17501","LM10775","嘉義縣","溪口鄉","本厝村","大帝宮","電話調查","待指派","","亮均分類表單同步 | 2026-07-02 05:28:32","1","","0","0","0","","2026-08-16 22:25:53.022+00","已有台語來源狀態但缺少台語review"
"17502","LM10805","嘉義縣","番路鄉","觸口村","龍隱寺","電話調查","待指派","","亮均分類表單同步 | 2026-06-25 05:28:17","1","","0","0","0","","2026-08-16 22:25:53.022+00","已有台語來源狀態但缺少台語review"
"17503","LM10811","嘉義縣","番路鄉","觸口村","情人橋","電話調查","待指派","","亮均分類表單同步 | 2026-06-25 05:28:17","1","","0","0","0","","2026-08-16 22:25:53.022+00","已有台語來源狀態但缺少台語review"
"17504","LM10816","嘉義縣","番路鄉","番路村","天長地久","電話調查","待指派","","亮均分類表單同步 | 2026-06-25 05:28:17","1","","0","0","0","","2026-08-16 22:25:53.022+00","已有台語來源狀態但缺少台語review"
"17505","LM10881","嘉義縣","義竹鄉","西過村","千歲宮","電話調查","待指派","","亮均分類表單同步 | 2026-07-07 14:26:21","1","","0","0","0","","2026-08-16 22:25:53.022+00","已有台語來源狀態但缺少台語review"
"17506","LM10882","嘉義縣","義竹鄉","六桂村","慈化寺","直接標注","待指派","","亮均分類表單同步 | 2026-07-07 14:26:21","1","","0","0","0","","2026-08-16 22:25:53.022+00","已有台語來源狀態但缺少台語review"
"17507","LM10913","嘉義縣","阿里山鄉","香林村","神木站","原住民族","待指派","","亮均分類表單同步 | 2026-06-23 11:33:39","1","","0","0","0","","2026-08-16 22:25:53.022+00","已有台語來源狀態但缺少台語review"
"17508","LM10914","嘉義縣","阿里山鄉","香林村","姊妹潭","原住民族","待指派","","亮均分類表單同步 | 2026-06-23 11:33:39","1","","0","0","0","","2026-08-16 22:25:53.022+00","已有台語來源狀態但缺少台語review"
"17509","LM10917","嘉義縣","阿里山鄉","里佳村","楠梓仙溪","原住民族","待指派","","亮均分類表單同步 | 2026-06-23 11:33:39","1","","0","0","0","","2026-08-16 22:25:53.022+00","已有台語來源狀態但缺少台語review"
"17510","LM10918","嘉義縣","阿里山鄉","中山村","水山","原住民族","待指派","","亮均分類表單同步 | 2026-06-23 11:33:39","1","","0","0","0","","2026-08-16 22:25:53.022+00","已有台語來源狀態但缺少台語review"
"17511","LM10919","嘉義縣","阿里山鄉","樂野村","樂野","原住民族","待指派","","亮均分類表單同步 | 2026-06-23 11:33:39","1","","0","0","0","","2026-08-16 22:25:53.022+00","已有台語來源狀態但缺少台語review"
"17512","LM10920","嘉義縣","阿里山鄉","中正村","石猴","原住民族","待指派","","亮均分類表單同步 | 2026-06-23 11:33:39","1","","0","0","0","","2026-08-16 22:25:53.022+00","已有台語來源狀態但缺少台語review"
"17513","LM10963","嘉義縣","鹿草鄉","碧潭村","龍湖宮","電話調查","待指派","","亮均分類表單同步 | 2026-07-07 14:26:21","1","","0","0","0","","2026-08-16 22:25:53.022+00","已有台語來源狀態但缺少台語review"
"17514","LM10965","嘉義縣","鹿草鄉","西井村","圓山宮","電話調查","待指派","","亮均分類表單同步 | 2026-07-07 14:26:21","1","","0","0","0","","2026-08-16 22:25:53.022+00","已有台語來源狀態但缺少台語review"
"17515","LM10966","嘉義縣","鹿草鄉","松竹村","慈德寺","直接標注","待指派","","亮均分類表單同步 | 2026-07-07 14:26:21","1","","0","0","0","","2026-08-16 22:25:53.022+00","已有台語來源狀態但缺少台語review"
"17516","LM10969","嘉義縣","鹿草鄉","三角村","開天宮","直接標注","待指派","","亮均分類表單同步 | 2026-07-07 14:26:21","1","","0","0","0","","2026-08-16 22:25:53.022+00","已有台語來源狀態但缺少台語review"
"17517","LM10974","嘉義縣","鹿草鄉","豐稠村","焚化爐","電話調查","待指派","","亮均分類表單同步 | 2026-07-07 14:26:21","1","","0","0","0","","2026-08-16 22:25:53.022+00","已有台語來源狀態但缺少台語review"
"17518","LM11013","南投縣","中寮鄉","龍安村","龍安宮","直接標注","待指派","","亮均分類表單同步 | 2026-06-23 11:33:39","1","","0","0","0","","2026-08-16 22:25:53.022+00","已有台語來源狀態但缺少台語review"
"17519","LM11014","南投縣","中寮鄉","八仙村","受玄宮","直接標注","待指派","","亮均分類表單同步 | 2026-06-23 11:33:39","1","","0","0","0","","2026-08-16 22:25:53.022+00","已有台語來源狀態但缺少台語review"
"17520","LM11015","南投縣","中寮鄉","中寮村","長安寺","直接標注","待指派","","亮均分類表單同步 | 2026-04-27 22:10:34","1","","0","0","0","","2026-08-16 22:25:53.022+00","已有台語來源狀態但缺少台語review"
"17522","LM11102","南投縣","南投市","嘉和里","永和宮","直接標注","待指派","","亮均分類表單同步 | 2026-06-23 11:33:39","1","","0","0","0","","2026-08-16 22:25:53.022+00","已有台語來源狀態但缺少台語review"
"17523","LM11103","南投縣","南投市","內新里","慶福宮","直接標注","待指派","","亮均分類表單同步 | 2026-06-23 11:33:39","1","","0","0","0","","2026-08-16 22:25:53.022+00","已有台語來源狀態但缺少台語review"
"17528","LM11108","南投縣","南投市","永興里","永興宮","直接標注","待指派","","亮均分類表單同步 | 2026-05-04 09:49:21","1","","0","0","0","","2026-08-16 22:25:53.022+00","已有台語來源狀態但缺少台語review"
"17530","LM11110","南投縣","南投市","三和里","南投縣議會","直接標注","待指派","","亮均分類表單同步 | 2026-06-23 11:33:39","1","","0","0","0","","2026-08-16 22:25:53.022+00","已有台語來源狀態但缺少台語review"
"17533","LM11116","南投縣","南投市","振興里","關帝廟","直接標注","待指派","","亮均分類表單同步 | 2026-06-23 11:33:39","1","","0","0","0","","2026-08-16 22:25:53.022+00","已有台語來源狀態但缺少台語review"
"17539","LM11171","南投縣","名間鄉","名間鄉","順天宮","直接標注","待指派","","亮均分類表單同步 | 2026-06-23 11:33:39","1","","0","0","0","","2026-08-16 22:25:53.022+00","已有台語來源狀態但缺少台語review"
"17540","LM11188","南投縣","國姓鄉","福龜村","北玄宮","直接標注","待指派","","亮均分類表單同步 | 2026-06-23 11:33:39","1","","0","0","0","","2026-08-16 22:25:53.022+00","已有台語來源狀態但缺少台語review"
"17541","LM11189","南投縣","國姓鄉","福龜村","明善堂","直接標注","待指派","","亮均分類表單同步 | 2026-06-23 11:33:39","1","","0","0","0","","2026-08-16 22:25:53.022+00","已有台語來源狀態但缺少台語review"
"17542","LM11190","南投縣","國姓鄉","柑林村","清德寺","直接標注","待指派","","亮均分類表單同步 | 2026-06-23 11:33:39","1","","0","0","0","","2026-08-16 22:25:53.022+00","已有台語來源狀態但缺少台語review"
"17543","LM11191","南投縣","國姓鄉","南港村","五穀宮","直接標注","待指派","","亮均分類表單同步 | 2026-06-23 11:33:39","1","","0","0","0","","2026-08-16 22:25:53.022+00","已有台語來源狀態但缺少台語review"
"17544","LM11192","南投縣","國姓鄉","乾溝村","菩提寺","直接標注","待指派","","亮均分類表單同步 | 2026-05-04 09:49:21","1","","0","0","0","","2026-08-16 22:25:53.022+00","已有台語來源狀態但缺少台語review"
"17545","LM11195","南投縣","國姓鄉","長流村","奉天宮","直接標注","待指派","","亮均分類表單同步 | 2026-06-23 11:33:39","1","","0","0","0","","2026-08-16 22:25:53.022+00","已有台語來源狀態但缺少台語review"
"17548","LM11223","南投縣","埔里鎮","珠格里","興安宮","直接標注","待指派","","亮均分類表單同步 | 2026-06-23 11:33:39","1","","0","0","0","","2026-08-16 22:25:53.023+00","已有台語來源狀態但缺少台語review"
"17550","LM11226","南投縣","埔里鎮","北門里","武德殿","直接標注","待指派","","亮均分類表單同步 | 2026-06-23 11:33:39","1","","0","0","0","","2026-08-16 22:25:53.023+00","已有台語來源狀態但缺少台語review"
"17553","LM11287","南投縣","水里鄉","新興村","建安宮","直接標注","待指派","","亮均分類表單同步 | 2026-06-23 11:33:39","1","","0","0","0","","2026-08-16 22:25:53.023+00","已有台語來源狀態但缺少台語review"
"17554","LM11288","南投縣","水里鄉","城中村","天聖宮","直接標注","待指派","","亮均分類表單同步 | 2026-06-23 11:33:39","1","","0","0","0","","2026-08-16 22:25:53.023+00","已有台語來源狀態但缺少台語review"
"17555","LM11290","南投縣","水里鄉","北埔村","受鎮宮","直接標注","待指派","","亮均分類表單同步 | 2026-06-23 11:33:39","1","","0","0","0","","2026-08-16 22:25:53.023+00","已有台語來源狀態但缺少台語review"
"17557","LM11294","南投縣","水里鄉","新城村","福興宮","直接標注","待指派","","亮均分類表單同步 | 2026-06-23 11:33:39","1","","0","0","0","","2026-08-16 22:25:53.023+00","已有台語來源狀態但缺少台語review"
"17558","LM11295","南投縣","水里鄉","城中村","義民廟","直接標注","待指派","","亮均分類表單同步 | 2026-06-23 11:33:39","1","","0","0","0","","2026-08-16 22:25:53.023+00","已有台語來源狀態但缺少台語review"
"17560","LM11327","南投縣","竹山鎮","竹山里","連興宮","直接標注","待指派","","亮均分類表單同步 | 2026-05-04 09:49:21","1","","0","0","0","","2026-08-16 22:25:53.023+00","已有台語來源狀態但缺少台語review"
"17567","LM11376","南投縣","草屯鎮","新庄里","新興宮","直接標注","待指派","","亮均分類表單同步 | 2026-06-23 11:33:39","1","","0","0","0","","2026-08-16 22:25:53.023+00","已有台語來源狀態但缺少台語review"
"17569","LM11378","南投縣","草屯鎮","草屯鎮","永安宮","直接標注","待指派","","亮均分類表單同步 | 2026-06-23 11:33:39","1","","0","0","0","","2026-08-16 22:25:53.023+00","已有台語來源狀態但缺少台語review"
"17571","LM11429","南投縣","集集鎮","永昌里","永昌宮","直接標注","待指派","","亮均分類表單同步 | 2026-06-23 11:33:39","1","","0","0","0","","2026-08-16 22:25:53.023+00","已有台語來源狀態但缺少台語review"
"17575","LM11469","南投縣","魚池鄉","日月村","明德宮","直接標注","待指派","","亮均分類表單同步 | 2026-06-23 11:33:39","1","","0","0","0","","2026-08-16 22:25:53.023+00","已有台語來源狀態但缺少台語review"
"17576","LM11470","南投縣","魚池鄉","武登村","英文堂","直接標注","待指派","","亮均分類表單同步 | 2026-04-27 22:10:34","1","","0","0","0","","2026-08-16 22:25:53.023+00","已有台語來源狀態但缺少台語review"
"17577","LM11471","南投縣","魚池鄉","中明村","孔明廟","直接標注","待指派","","亮均分類表單同步 | 2026-06-23 11:33:39","1","","0","0","0","","2026-08-16 22:25:53.023+00","已有台語來源狀態但缺少台語review"
"17578","LM11474","南投縣","魚池鄉","武登村","土地公廟","直接標注","待指派","","亮均分類表單同步 | 2026-06-23 11:33:39","1","","0","0","0","","2026-08-16 22:25:53.023+00","已有台語來源狀態但缺少台語review"
"17581","LM11552","新竹市","東區","高峰里","法源寺","直接標注","待指派","","亮均分類表單同步 | 2026-06-23 11:33:39","1","","0","0","0","","2026-08-16 22:25:53.023+00","已有台語來源狀態但缺少台語review"
"17583","LM11555","新竹市","東區","頂竹里","萬善祠","直接標注","待指派","","亮均分類表單同步 | 2026-06-23 11:33:39","1","","0","0","0","","2026-08-16 22:25:53.023+00","已有台語來源狀態但缺少台語review"
"17586","LM11560","新竹市","東區","柴橋里","靈隱寺","直接標注","待指派","","亮均分類表單同步 | 2026-06-23 11:33:39","1","","0","0","0","","2026-08-16 22:25:53.023+00","已有台語來源狀態但缺少台語review"
"17587","LM11625","宜蘭縣","五結鄉","鎮安村","王公廟","直接標注","待指派","","亮均分類表單同步 | 2026-06-23 11:33:39","1","","0","0","0","","2026-08-16 22:25:53.023+00","已有台語來源狀態但缺少台語review"
"17588","LM11637","宜蘭縣","壯圍鄉","忠孝村","鎮安廟","直接標注","待指派","","亮均分類表單同步 | 2026-06-23 11:33:39","1","","0","0","0","","2026-08-16 22:25:53.023+00","已有台語來源狀態但缺少台語review"
"17596","LM11729","宜蘭縣","蘇澳鎮","南正里","進安宮","直接標注","待指派","","亮均分類表單同步 | 2026-06-23 11:33:39","1","","0","0","0","","2026-08-16 22:25:53.023+00","已有台語來源狀態但缺少台語review"
"17597","LM11730","宜蘭縣","蘇澳鎮","南興里","王爺公","直接標注","待指派","","亮均分類表單同步 | 2026-06-23 11:33:39","1","","0","0","0","","2026-08-16 22:25:53.023+00","已有台語來源狀態但缺少台語review"
"17598","LM11731","宜蘭縣","蘇澳鎮","蘇東里","蘇澳港","直接標注","待指派","","亮均分類表單同步 | 2026-06-23 11:33:39","1","","0","0","0","","2026-08-16 22:25:53.023+00","已有台語來源狀態但缺少台語review"
"17601","LM11782","基隆市","中正區","真砂里","安瀾橋","直接標注","待指派","","亮均分類表單同步 | 2026-06-23 11:33:39","1","","0","0","0","","2026-08-16 22:25:53.023+00","已有台語來源狀態但缺少台語review"
"17602","LM11783","基隆市","中正區","中正里","天德宮","直接標注","待指派","","亮均分類表單同步 | 2026-06-23 11:33:39","1","","0","0","0","","2026-08-16 22:25:53.023+00","已有台語來源狀態但缺少台語review"
"17604","LM11786","基隆市","中正區","入船里","復興館","直接標注","待指派","","亮均分類表單同步 | 2026-06-23 11:33:39","1","","0","0","0","","2026-08-16 22:25:53.024+00","已有台語來源狀態但缺少台語review"
"17605","LM11812","基隆市","仁愛區","英仁里","寶明寺","直接標注","待指派","","亮均分類表單同步 | 2026-06-23 11:33:39","1","","0","0","0","","2026-08-16 22:25:53.024+00","已有台語來源狀態但缺少台語review"
"17606","LM11819","基隆市","仁愛區","兆連里","防空洞","直接標注","待指派","","亮均分類表單同步 | 2026-06-23 11:33:39","1","","0","0","0","","2026-08-16 22:25:53.024+00","已有台語來源狀態但缺少台語review"
"17607","LM11838","基隆市","信義區","仁壽里","極樂寺","直接標注","待指派","","亮均分類表單同步 | 2026-06-23 11:33:39","1","","0","0","0","","2026-08-16 22:25:53.024+00","已有台語來源狀態但缺少台語review"
"17608","LM11840","基隆市","信義區","信義區","火藥庫","直接標注","待指派","","亮均分類表單同步 | 2026-05-04 14:43:59","1","","0","0","0","","2026-08-16 22:25:53.024+00","已有台語來源狀態但缺少台語review"
"17609","LM11858","基隆市","安樂區","嘉仁里","老大公廟","直接標注","待指派","","亮均分類表單同步 | 2026-06-23 11:33:39","1","","0","0","0","","2026-08-16 22:25:53.024+00","已有台語來源狀態但缺少台語review"
"17610","LM11876","花蓮縣","光復鄉","光復鄉","大興橋","直接標注","待指派","","亮均分類表單同步 | 2026-07-02 05:28:32","1","","0","0","0","","2026-08-16 22:25:53.024+00","已有台語來源狀態但缺少台語review"
"17611","LM11877","花蓮縣","光復鄉","光復鄉","富田橋","直接標注","待指派","","亮均分類表單同步 | 2026-07-02 05:28:32","1","","0","0","0","","2026-08-16 22:25:53.024+00","已有台語來源狀態但缺少台語review"
"17612","LM11879","花蓮縣","光復鄉","光復鄉","成功橋","直接標注","待指派","","亮均分類表單同步 | 2026-07-02 05:28:32","1","","0","0","0","","2026-08-16 22:25:53.024+00","已有台語來源狀態但缺少台語review"
"17613","LM12070","花蓮縣","富里鄉","富里鄉","水景橋","電話調查","待指派","","亮均分類表單同步 | 2026-07-02 05:28:32","1","","0","0","0","","2026-08-16 22:25:53.024+00","已有台語來源狀態但缺少台語review"
"17614","LM12181","花蓮縣","玉里鎮","玉里鎮","中山橋","直接標注","待指派","","亮均分類表單同步 | 2026-07-02 05:28:32","1","","0","0","0","","2026-08-16 22:25:53.024+00","已有台語來源狀態但缺少台語review"
"17615","LM12273","花蓮縣","瑞穗鄉","瑞穗鄉","忠孝橋","直接標注","待指派","","亮均分類表單同步 | 2026-07-02 05:28:32","1","","0","0","0","","2026-08-16 22:25:53.024+00","已有台語來源狀態但缺少台語review"
"17616","LM12311","花蓮縣","秀林鄉","秀林鄉","仁壽橋","直接標注","待指派","","亮均分類表單同步 | 2026-07-02 05:28:32","1","","0","0","0","","2026-08-16 22:25:53.024+00","已有台語來源狀態但缺少台語review"
"17617","LM12313","花蓮縣","秀林鄉","秀林鄉","清水橋","直接標注","待指派","","亮均分類表單同步 | 2026-07-02 05:28:32","1","","0","0","0","","2026-08-16 22:25:53.024+00","已有台語來源狀態但缺少台語review"
"17618","LM12378","花蓮縣","花蓮市","","花蓮縣政府","直接標注","待指派","","亮均分類表單同步 | 2026-07-02 05:28:32","1","","0","0","0","","2026-08-16 22:25:53.024+00","已有台語來源狀態但缺少台語review"
"17619","LM12381","花蓮縣","花蓮市","花蓮市","農兵橋","直接標注","待指派","","亮均分類表單同步 | 2026-07-02 05:28:32","1","","0","0","0","","2026-08-16 22:25:53.024+00","已有台語來源狀態但缺少台語review"
"17620","LM12382","花蓮縣","花蓮市","","花蓮縣議會","直接標注","待指派","","亮均分類表單同步 | 2026-07-02 05:28:32","1","","0","0","0","","2026-08-16 22:25:53.024+00","已有台語來源狀態但缺少台語review"
"17621","LM12386","花蓮縣","花蓮市","花蓮市","新生橋","直接標注","待指派","","亮均分類表單同步 | 2026-07-02 05:28:32","1","","0","0","0","","2026-08-16 22:25:53.024+00","已有台語來源狀態但缺少台語review"
"17622","LM12494","花蓮縣","豐濱鄉","豐濱鄉","永豐橋","直接標注","待指派","","亮均分類表單同步 | 2026-07-02 05:28:32","1","","0","0","0","","2026-08-16 22:25:53.024+00","已有台語來源狀態但缺少台語review"
"17623","LM12496","花蓮縣","豐濱鄉","豐濱鄉","深橋","現場調查","待指派","","亮均分類表單同步 | 2026-07-02 05:28:32","1","","0","0","0","","2026-08-16 22:25:53.024+00","已有台語來源狀態但缺少台語review"
"17624","LM12497","花蓮縣","豐濱鄉","豐濱鄉","八里橋","現場調查","待指派","","亮均分類表單同步 | 2026-07-02 05:28:32","1","","0","0","0","","2026-08-16 22:25:53.024+00","已有台語來源狀態但缺少台語review"
"17625","LM12536","花蓮縣","鳳林鎮","鳳林鎮","中興橋","直接標注","待指派","","亮均分類表單同步 | 2026-07-02 05:28:32","1","","0","0","0","","2026-08-16 22:25:53.024+00","已有台語來源狀態但缺少台語review"
"17626","LM12594","嘉義市","東區","社口里","慈龍寺","電話調查","待指派","","亮均分類表單同步 | 2026-06-23 11:33:39","1","","0","0","0","","2026-08-16 22:25:53.024+00","已有台語來源狀態但缺少台語review"
"17627","LM12599","嘉義市","東區","文昌里","元帥廟","電話調查","待指派","","亮均分類表單同步 | 2026-06-23 11:33:39","1","","0","0","0","","2026-08-16 22:25:53.024+00","已有台語來源狀態但缺少台語review"
"17628","LM12600","嘉義市","東區","泰安里","先天宮","電話調查","待指派","","亮均分類表單同步 | 2026-06-23 11:33:39","1","","0","0","0","","2026-08-16 22:25:53.024+00","已有台語來源狀態但缺少台語review"
"17629","LM12601","嘉義市","東區","興安里","軍輝橋","電話調查","待指派","","亮均分類表單同步 | 2026-06-23 11:33:39","1","","0","0","0","","2026-08-16 22:25:53.024+00","已有台語來源狀態但缺少台語review"
"17630","LM12692","嘉義市","西區","大溪里","紫微宮","直接標注","待指派","","亮均分類表單同步 | 2026-06-23 11:33:39","1","","0","0","0","","2026-08-16 22:25:53.024+00","已有台語來源狀態但缺少台語review"
"17631","LM12694","嘉義市","西區","義昌里","大眾爺","電話調查","待指派","","亮均分類表單同步 | 2026-06-23 11:33:39","1","","0","0","0","","2026-08-16 22:25:53.024+00","已有台語來源狀態但缺少台語review"
"17632","LM12695","嘉義市","西區","北湖里","鎮北宮","直接標注","待指派","","亮均分類表單同步 | 2026-06-23 11:33:39","1","","0","0","0","","2026-08-16 22:25:53.024+00","已有台語來源狀態但缺少台語review"
"17635","LM12840","臺東縣","蘭嶼鄉","朗島村","五孔洞","原住民族","待指派","","亮均分類表單同步 | 2026-06-23 11:33:39","1","","0","0","0","","2026-08-16 22:25:53.024+00","已有台語來源狀態但缺少台語review"
"17636","LM12841","臺東縣","蘭嶼鄉","東清村","情人洞","原住民族","待指派","","亮均分類表單同步 | 2026-06-23 11:33:39","1","","0","0","0","","2026-08-16 22:25:53.024+00","已有台語來源狀態但缺少台語review"
"17637","LM12842","臺東縣","蘭嶼鄉","東清村","橫貫公路","原住民族","待指派","","亮均分類表單同步 | 2026-06-23 11:33:39","1","","0","0","0","","2026-08-16 22:25:53.024+00","已有台語來源狀態但缺少台語review"
"17638","LM12843","臺東縣","蘭嶼鄉","椰油村","開元港","原住民族","待指派","","亮均分類表單同步 | 2026-06-23 11:33:39","1","","0","0","0","","2026-08-16 22:25:53.024+00","已有台語來源狀態但缺少台語review"
"17639","LM12888","金門縣","烈嶼鄉","黃埔村","鐵漢堡","未分類","待指派","","亮均分類表單同步 | 2026-06-23 11:33:39","1","","0","0","0","","2026-08-16 22:25:53.024+00","已有台語來源狀態但缺少台語review"
"17640","LM12889","金門縣","烈嶼鄉","烈嶼鄉","八達樓子","未分類","待指派","","L1總表匯入|2026-04-27 21:46:14","1","","0","0","0","","2026-08-16 22:25:53.024+00","已有台語來源狀態但缺少台語review"
"17641","LM12890","金門縣","烈嶼鄉","黃埔村","將軍堡","未分類","待指派","","亮均分類表單同步 | 2026-06-23 11:33:39","1","","0","0","0","","2026-08-16 22:25:53.024+00","已有台語來源狀態但缺少台語review"
"17642","LM12891","金門縣","烈嶼鄉","黃埔村","勇士堡","未分類","待指派","","亮均分類表單同步 | 2026-06-23 11:33:39","1","","0","0","0","","2026-08-16 22:25:53.024+00","已有台語來源狀態但缺少台語review"
"17643","LM12930","金門縣","金城鎮","金城鎮","莒光樓","未分類","待指派","","亮均分類表單同步 | 2026-06-23 11:33:39","1","","0","0","0","","2026-08-16 22:25:53.024+00","已有台語來源狀態但缺少台語review"
"17644","LM13089","金門縣","金湖鎮","山外里","擎天廳","未分類","待指派","","亮均分類表單同步 | 2026-06-23 11:33:39","1","","0","0","0","","2026-08-16 22:25:53.024+00","已有台語來源狀態但缺少台語review"
"17645","LM13090","金門縣","金湖鎮","","海印寺","未分類","待指派","","亮均分類表單同步 | 2026-06-23 11:33:39","1","","0","0","0","","2026-08-16 22:25:53.024+00","已有台語來源狀態但缺少台語review"
"17646","LM13091","金門縣","金湖鎮","料羅里","料羅灣","未分類","待指派","","亮均分類表單同步 | 2026-06-23 11:33:39","1","","0","0","0","","2026-08-16 22:25:53.024+00","已有台語來源狀態但缺少台語review"
"17647","LM13092","金門縣","金湖鎮","金湖鎮","榕園","未分類","待指派","","亮均分類表單同步 | 2026-06-23 11:33:39","1","","0","0","0","","2026-08-16 22:25:53.024+00","已有台語來源狀態但缺少台語review"
"17659","LM13452","澎湖縣","馬公市","中興里","澎湖縣政府","直接標注","待指派","","亮均分類表單同步 | 2026-06-23 11:33:39","1","","0","0","0","","2026-08-16 22:25:53.024+00","已有台語來源狀態但缺少台語review"
"17661","LM13468","澎湖縣","馬公市","陽明里","體育館","直接標注","待指派","","亮均分類表單同步 | 2026-06-23 11:33:39","1","","0","0","0","","2026-08-16 22:25:53.024+00","已有台語來源狀態但缺少台語review"
"17662","LM13588","連江縣","北竿鄉","塘岐村","碧園","未分類","待指派","","亮均分類表單同步 | 2026-06-23 11:33:39","1","","0","0","0","","2026-08-16 22:25:53.024+00","已有台語來源狀態但缺少台語review"
"17663","LM13589","連江縣","北竿鄉","白沙村","白沙港","未分類","待指派","","亮均分類表單同步 | 2026-06-23 11:33:39","1","","0","0","0","","2026-08-16 22:25:53.024+00","已有台語來源狀態但缺少台語review"
"17664","LM13633","連江縣","南竿鄉","復興村","八八坑道","未分類","待指派","","L1總表匯入|2026-04-27 21:46:14","1","","0","0","0","","2026-08-16 22:25:53.024+00","已有台語來源狀態但缺少台語review"
"17665","LM13635","連江縣","南竿鄉","福沃村","福澳港","未分類","待指派","","亮均分類表單同步 | 2026-06-23 11:33:39","1","","0","0","0","","2026-08-16 22:25:53.024+00","已有台語來源狀態但缺少台語review"
"17666","LM13638","連江縣","南竿鄉","清水村","中正堂","未分類","待指派","","亮均分類表單同步 | 2026-06-23 11:33:39","1","","0","0","0","","2026-08-16 22:25:53.024+00","已有台語來源狀態但缺少台語review"
"17667","LM13696","連江縣","東引鄉","樂華村","忠誠門","未分類","待指派","","亮均分類表單同步 | 2026-06-23 11:33:39","1","","0","0","0","","2026-08-16 22:25:53.024+00","已有台語來源狀態但缺少台語review"
"17668","ST00001","高雄市","三民區","博惠里","五金街","直接標注","待審查","陳亮均","亮均分類表單同步 | 2026-06-23 11:33:39","1","","0","0","0","","2026-08-16 22:25:53.024+00","已有台語來源指派人但缺少台語review"
"17670","ST00004","高雄市","三民區","鳳北里","海墘","直接標注","待審查","陳亮均","亮均分類表單同步 | 2026-06-23 11:33:39","1","","0","0","0","","2026-08-16 22:25:53.024+00","已有台語來源指派人但缺少台語review"
"17671","ST00005","高雄市","三民區","三民區","外甲","直接標注","待審查","陳亮均","亮均分類表單同步 | 2026-06-23 11:33:39","1","","0","0","0","","2026-08-16 22:25:53.024+00","已有台語來源指派人但缺少台語review"
"17673","ST00009","高雄市","三民區","三民區","電腦街","直接標注","待審查","陳亮均","亮均分類表單同步 | 2026-06-23 11:33:39","1","","0","0","0","","2026-08-16 22:25:53.024+00","已有台語來源指派人但缺少台語review"
"17695","ST00308","高雄市","前金區","前金區","沙仔地","直接標注","待審查","陳亮均","亮均分類表單同步 | 2026-06-23 11:33:39","1","","0","0","0","","2026-08-16 22:25:53.024+00","已有台語來源指派人但缺少台語review"
"17696","ST00309","高雄市","前金區","文西里","幸福街","直接標注","待審查","陳亮均","亮均分類表單同步 | 2026-04-27 22:10:34","1","","0","0","0","","2026-08-16 22:25:53.024+00","已有台語來源指派人但缺少台語review"
"17698","ST00326","高雄市","前鎮區","前鎮區","海尾仔","直接標注","待審查","陳亮均","亮均分類表單同步 | 2026-06-23 11:33:39","1","","0","0","0","","2026-08-16 22:25:53.024+00","已有台語來源指派人但缺少台語review"
"17702","ST00330","高雄市","前鎮區","振興里","社中","直接標注","待審查","陳亮均","亮均分類表單同步 | 2026-06-23 11:33:39","1","","0","0","0","","2026-08-16 22:25:53.024+00","已有台語來源指派人但缺少台語review"
"17707","ST00358","高雄市","大寮區","翁園里","工地仔","直接標注","待指派","","亮均分類表單同步 | 2026-06-23 11:33:39","1","","0","0","0","","2026-08-16 22:25:53.024+00","已有台語來源狀態但缺少台語review"
"17715","ST00451","高雄市","大樹區","統嶺里","嶺口","直接標注","待指派","","亮均分類表單同步 | 2026-06-23 11:33:39","1","","0","0","0","","2026-08-16 22:25:53.024+00","已有台語來源狀態但缺少台語review"
"17720","ST00635","高雄市","小港區","鳳宮里","竹仔港","直接標注","待審查","陳亮均","亮均分類表單同步 | 2026-04-27 22:10:34","1","","0","0","0","","2026-08-16 22:25:53.024+00","已有台語來源指派人但缺少台語review"
"17738","ST00706","高雄市","岡山區","台上里","路仔","直接標注","待指派","","亮均分類表單同步 | 2026-06-23 11:33:39","1","","0","0","0","","2026-08-16 22:25:53.025+00","已有台語來源狀態但缺少台語review"
"17763","ST00966","高雄市","旗山區","湄洲里","大溝頂","直接標注","待審查","陳亮均","亮均分類表單同步 | 2026-06-23 11:33:39","1","","0","0","0","","2026-08-16 22:25:53.025+00","已有台語來源指派人但缺少台語review"
"17772","ST01101","高雄市","旗津區","旗津區","海產街","直接標注","待指派","","亮均分類表單同步 | 2026-06-23 11:33:39","1","","0","0","0","","2026-08-16 22:25:53.025+00","已有台語來源狀態但缺少台語review"
"17782","ST01228","高雄市","桃源區","桃源里","四社","原住民族","待指派","","亮均分類表單同步 | 2026-06-23 11:33:39","1","","0","0","0","","2026-08-16 22:25:53.025+00","已有台語來源狀態但缺少台語review"
"17783","ST01229","高雄市","桃源區","梅山里","檜谷","原住民族","待指派","","亮均分類表單同步 | 2026-06-23 11:33:39","1","","0","0","0","","2026-08-16 22:25:53.025+00","已有台語來源狀態但缺少台語review"
"17784","ST01230","高雄市","桃源區","建山里","建山","原住民族","待指派","","亮均分類表單同步 | 2026-04-27 22:10:34","1","","0","0","0","","2026-08-16 22:25:53.025+00","已有台語來源狀態但缺少台語review"
"17785","ST01231","高雄市","桃源區","梅蘭里","梅蘭","原住民族","待指派","","亮均分類表單同步 | 2026-06-23 11:33:39","1","","0","0","0","","2026-08-16 22:25:53.025+00","已有台語來源狀態但缺少台語review"
"17786","ST01232","高雄市","桃源區","梅山里","梅山口","原住民族","待指派","","亮均分類表單同步 | 2026-06-23 11:33:39","1","","0","0","0","","2026-08-16 22:25:53.025+00","已有台語來源狀態但缺少台語review"
"17787","ST01233","高雄市","桃源區","寶山里","藤枝","原住民族","待指派","","亮均分類表單同步 | 2026-06-23 11:33:39","1","","0","0","0","","2026-08-16 22:25:53.025+00","已有台語來源狀態但缺少台語review"
"17788","ST01235","高雄市","桃源區","寶山里","寶山","原住民族","待指派","","亮均分類表單同步 | 2026-06-23 11:33:39","1","","0","0","0","","2026-08-16 22:25:53.025+00","已有台語來源狀態但缺少台語review"
"17792","ST01274","高雄市","楠梓區","中和里","沙仔","直接標注","待指派","","亮均分類表單同步 | 2026-05-05 16:42:01","1","","0","0","0","","2026-08-16 22:25:53.025+00","已有台語來源狀態但缺少台語review"
"17844","ST01766","高雄市","苓雅區","苓雅區","苓洲","直接標注","待審查","陳亮均","亮均分類表單同步 | 2026-06-23 11:33:39","1","","0","0","0","","2026-08-16 22:25:53.036+00","已有台語來源指派人但缺少台語review"
"17846","ST01803","高雄市","茂林區","萬山里","扇平","原住民族","待指派","","亮均分類表單同步 | 2026-06-23 11:33:39","1","","0","0","0","","2026-08-16 22:25:53.036+00","已有台語來源狀態但缺少台語review"
"17847","ST01804","高雄市","茂林區","萬山里","萬山","原住民族","待指派","","亮均分類表單同步 | 2026-06-23 11:33:39","1","","0","0","0","","2026-08-16 22:25:53.036+00","已有台語來源狀態但缺少台語review"
"17848","ST01805","高雄市","茂林區","多納里","多納","原住民族","待指派","","亮均分類表單同步 | 2026-05-12 09:13:54","1","","0","0","0","","2026-08-16 22:25:53.036+00","已有台語來源狀態但缺少台語review"
"17859","ST02012","高雄市","鹽埕區","鹽埕區","北野町","直接標注","待指派","","亮均分類表單同步 | 2026-06-23 11:33:39","1","","0","0","0","","2026-08-16 22:25:53.036+00","已有台語來源狀態但缺少台語review"
"17860","ST02014","高雄市","鹽埕區","府北里","富野路","直接標注","待指派","","亮均分類表單同步 | 2026-06-23 11:33:39","1","","0","0","0","","2026-08-16 22:25:53.036+00","已有台語來源狀態但缺少台語review"
"17861","ST02017","高雄市","鹽埕區","鹽埕區","榮町","直接標注","待指派","","亮均分類表單同步 | 2026-06-23 11:33:39","1","","0","0","0","","2026-08-16 22:25:53.036+00","已有台語來源狀態但缺少台語review"
"17863","ST02020","高雄市","鹽埕區","新化里","大港橋","直接標注","待審查","陳亮均","亮均分類表單同步 | 2026-06-23 11:33:39","1","","0","0","0","","2026-08-16 22:25:53.036+00","已有台語來源指派人但缺少台語review"
"17864","ST02028","高雄市","鼓山區","維生里","新濱町","直接標注","待指派","","亮均分類表單同步 | 2026-05-05 16:42:01","1","","0","0","0","","2026-08-16 22:25:53.036+00","已有台語來源狀態但缺少台語review"
"17869","ST02043","高雄市","鼓山區","鼓山區","瑞豐","直接標注","待審查","陳亮均","亮均分類表單同步 | 2026-06-23 11:33:39","1","","0","0","0","","2026-08-16 22:25:53.036+00","已有台語來源指派人但缺少台語review"
"17872","ST02077","新北市","三峽區","三峽區","東眼","原住民族","待指派","","亮均分類表單同步 | 2026-05-04 09:49:21","1","","0","0","0","","2026-08-16 22:25:53.036+00","已有台語來源狀態但缺少台語review"
"17880","ST02099","新北市","三峽區","五寮里","歡樂谷","直接標注","待指派","","亮均分類表單同步 | 2026-05-12 09:13:54","1","","0","0","0","","2026-08-16 22:25:53.036+00","已有台語來源狀態但缺少台語review"
"17891","ST02241","新北市","三芝區","店子里","店子","直接標注","待指派","","亮均分類表單同步 | 2026-06-23 11:33:39","1","","0","0","0","","2026-08-16 22:25:53.037+00","已有台語來源狀態但缺少台語review"
"17905","ST02362","新北市","三重區","","油車仔","直接標注","待指派","","亮均分類表單同步 | 2026-06-23 11:33:39","1","","0","0","0","","2026-08-16 22:25:53.037+00","已有台語來源狀態但缺少台語review"
"17910","ST02542","新北市","五股區","五股區","州子","直接標注","待指派","","亮均分類表單同步 | 2026-06-23 11:33:39","1","","0","0","0","","2026-08-16 22:25:53.037+00","已有台語來源狀態但缺少台語review"
"17917","ST02570","新北市","五股區","五股區","洲子洋","直接標注","待指派","","亮均分類表單同步 | 2026-06-23 11:33:39","1","","0","0","0","","2026-08-16 22:25:53.037+00","已有台語來源狀態但缺少台語review"
"17926","ST02731","新北市","八里區","八里區","下罟子","直接標注","待指派","","亮均分類表單同步 | 2026-06-23 11:33:39","1","","0","0","0","","2026-08-16 22:25:53.037+00","已有台語來源狀態但缺少台語review"
"17931","ST02755","新北市","八里區","訊塘里","八里","直接標注","待指派","","亮均分類表單同步 | 2026-06-23 11:33:39","1","","0","0","0","","2026-08-16 22:25:53.037+00","已有台語來源狀態但缺少台語review"
"17937","ST02919","新北市","坪林區","上德里","坑子口","直接標注","待指派","","亮均分類表單同步 | 2026-06-23 11:33:39","1","","0","0","0","","2026-08-16 22:25:53.069+00","已有台語來源狀態但缺少台語review"
"17952","ST03246","新北市","新店區","新店區","車子路","直接標注","待指派","","亮均分類表單同步 | 2026-05-12 09:13:54","1","","0","0","0","","2026-08-16 22:25:53.069+00","已有台語來源狀態但缺少台語review"
"17965","ST03454","新北市","新莊區","新莊區","武聖廟","直接標注","待指派","","亮均分類表單同步 | 2026-06-23 11:33:39","1","","0","0","0","","2026-08-16 22:25:53.069+00","已有台語來源狀態但缺少台語review"
"17966","ST03457","新北市","新莊區","營盤里","角仔","直接標注","待指派","","亮均分類表單同步 | 2026-06-23 11:33:39","1","","0","0","0","","2026-08-16 22:25:53.069+00","已有台語來源狀態但缺少台語review"
"17967","ST03459","新北市","新莊區","新莊區","塭仔底","直接標注","待指派","","亮均分類表單同步 | 2026-06-23 11:33:39","1","","0","0","0","","2026-08-16 22:25:53.069+00","已有台語來源狀態但缺少台語review"
"17972","ST03531","新北市","板橋區","板橋區","港仔嘴","直接標注","待指派","","亮均分類表單同步 | 2026-06-23 11:33:39","1","","0","0","0","","2026-08-16 22:25:53.07+00","已有台語來源狀態但缺少台語review"
"17976","ST03537","新北市","板橋區","挹秀里","小東門","直接標注","待指派","","亮均分類表單同步 | 2026-05-12 09:13:54","1","","0","0","0","","2026-08-16 22:25:53.07+00","已有台語來源狀態但缺少台語review"
"17992","ST03707","新北市","林口區","湖北里","湖北","直接標注","待指派","","亮均分類表單同步 | 2026-05-12 09:13:54","1","","0","0","0","","2026-08-16 22:25:53.07+00","已有台語來源狀態但缺少台語review"
"17994","ST03711","新北市","林口區","湖南里","湖南","直接標注","待指派","","亮均分類表單同步 | 2026-06-23 11:33:39","1","","0","0","0","","2026-08-16 22:25:53.07+00","已有台語來源狀態但缺少台語review"
"18000","ST03828","新北市","樹林區","南園里","南園","直接標注","待指派","","亮均分類表單同步 | 2026-05-12 09:13:54","1","","0","0","0","","2026-08-16 22:25:53.07+00","已有台語來源狀態但缺少台語review"
"18001","ST03829","新北市","樹林區","樹林區","桃子腳","直接標注","待指派","","亮均分類表單同步 | 2026-06-23 11:33:39","1","","0","0","0","","2026-08-16 22:25:53.07+00","已有台語來源狀態但缺少台語review"
"18004","ST03839","新北市","樹林區","南園里","大學城","直接標注","待指派","","亮均分類表單同步 | 2026-06-23 11:33:39","1","","0","0","0","","2026-08-16 22:25:53.07+00","已有台語來源狀態但缺少台語review"
"18010","ST04054","新北市","汐止區","東勢里","研究苑","直接標注","待指派","","亮均分類表單同步 | 2026-06-23 11:33:39","1","","0","0","0","","2026-08-16 22:25:53.07+00","已有台語來源狀態但缺少台語review"
"18020","ST04080","新北市","汐止區","忠山里","瓏山林","直接標注","待指派","","亮均分類表單同步 | 2026-06-23 11:33:39","1","","0","0","0","","2026-08-16 22:25:53.07+00","已有台語來源狀態但缺少台語review"
"18030","ST04364","新北市","淡水區","淡水區","興福寮","直接標注","待指派","","亮均分類表單同步 | 2026-06-23 11:33:39","1","","0","0","0","","2026-08-16 22:25:53.071+00","已有台語來源狀態但缺少台語review"
"18031","ST04366","新北市","淡水區","淡水區","油車口","直接標注","待指派","","亮均分類表單同步 | 2026-06-23 11:33:39","1","","0","0","0","","2026-08-16 22:25:53.071+00","已有台語來源狀態但缺少台語review"
"18042","ST04412","新北市","淡水區","大庄里","淡海","直接標注","待指派","","亮均分類表單同步 | 2026-06-23 11:33:39","1","","0","0","0","","2026-08-16 22:25:53.071+00","已有台語來源狀態但缺少台語review"
"18050","ST04609","新北市","烏來區","忠治里","紅河谷","原住民族","待指派","","亮均分類表單同步 | 2026-06-23 11:33:39","1","","0","0","0","","2026-08-16 22:25:53.071+00","已有台語來源狀態但缺少台語review"
"18051","ST04610","新北市","烏來區","烏來區","哈盆","原住民族","待指派","","亮均分類表單同步 | 2026-06-23 11:33:39","1","","0","0","0","","2026-08-16 22:25:53.071+00","已有台語來源狀態但缺少台語review"
"18052","ST04611","新北市","烏來區","忠治里","堰堤","原住民族","待指派","","亮均分類表單同步 | 2026-06-23 11:33:39","1","","0","0","0","","2026-08-16 22:25:53.071+00","已有台語來源狀態但缺少台語review"
"18053","ST04612","新北市","烏來區","信賢里","黑橋","原住民族","待指派","","亮均分類表單同步 | 2026-06-23 11:33:39","1","","0","0","0","","2026-08-16 22:25:53.071+00","已有台語來源狀態但缺少台語review"
"18054","ST04613","新北市","烏來區","烏來里","鬼洞","原住民族","待指派","","亮均分類表單同步 | 2026-06-23 11:33:39","1","","0","0","0","","2026-08-16 22:25:53.071+00","已有台語來源狀態但缺少台語review"
"18055","ST04614","新北市","烏來區","孝義里","孝義","原住民族","待指派","","亮均分類表單同步 | 2026-06-23 11:33:39","1","","0","0","0","","2026-08-16 22:25:53.071+00","已有台語來源狀態但缺少台語review"
"18056","ST04615","新北市","烏來區","信賢里","內洞","原住民族","待指派","","亮均分類表單同步 | 2026-05-12 09:13:54","1","","0","0","0","","2026-08-16 22:25:53.071+00","已有台語來源狀態但缺少台語review"
"18057","ST04616","新北市","烏來區","烏來里","拉卡","原住民族","待指派","","亮均分類表單同步 | 2026-06-23 11:33:39","1","","0","0","0","","2026-08-16 22:25:53.071+00","已有台語來源狀態但缺少台語review"
"18058","ST04617","新北市","烏來區","孝義里","桶後","原住民族","待指派","","亮均分類表單同步 | 2026-06-23 11:33:39","1","","0","0","0","","2026-08-16 22:25:53.071+00","已有台語來源狀態但缺少台語review"
"18059","ST04618","新北市","烏來區","信賢里","信賢","原住民族","待指派","","亮均分類表單同步 | 2026-06-23 11:33:39","1","","0","0","0","","2026-08-16 22:25:53.071+00","已有台語來源狀態但缺少台語review"
"18060","ST04619","新北市","烏來區","孝義里","阿玉","原住民族","待指派","","亮均分類表單同步 | 2026-06-23 11:33:39","1","","0","0","0","","2026-08-16 22:25:53.071+00","已有台語來源狀態但缺少台語review"
"18069","ST04711","新北市","瑞芳區","瑞濱里","瑞濱","直接標注","待指派","","亮均分類表單同步 | 2026-06-23 11:33:39","1","","0","0","0","","2026-08-16 22:25:53.071+00","已有台語來源狀態但缺少台語review"
"18076","ST04729","新北市","瑞芳區","海濱里","海濱","直接標注","待指派","","亮均分類表單同步 | 2026-06-23 11:33:39","1","","0","0","0","","2026-08-16 22:25:53.071+00","已有台語來源狀態但缺少台語review"
"18087","ST04951","新北市","石門區","山溪里","潭仔","直接標注","待指派","","亮均分類表單同步 | 2026-06-23 11:33:39","1","","0","0","0","","2026-08-16 22:25:53.071+00","已有台語來源狀態但缺少台語review"
"18116","ST05187","新北市","萬里區","萬里里","萬里","直接標注","待指派","","亮均分類表單同步 | 2026-06-23 11:33:39","1","","0","0","0","","2026-08-16 22:25:53.071+00","已有台語來源狀態但缺少台語review"
"18117","ST05244","新北市","蘆洲區","保佑里","王爺宮","直接標注","待指派","","亮均分類表單同步 | 2026-06-23 11:33:39","1","","0","0","0","","2026-08-16 22:25:53.071+00","已有台語來源狀態但缺少台語review"
"18118","ST05247","新北市","蘆洲區","","鷺洲","直接標注","待指派","","亮均分類表單同步 | 2026-06-23 11:33:39","1","","0","0","0","","2026-08-16 22:25:53.071+00","已有台語來源狀態但缺少台語review"
"18126","ST05307","新北市","貢寮區","和美里","澳仔","直接標注","待指派","","亮均分類表單同步 | 2026-06-23 11:33:39","1","","0","0","0","","2026-08-16 22:25:53.071+00","已有台語來源狀態但缺少台語review"
"18132","ST05319","新北市","貢寮區","福連里","啟源","直接標注","待指派","","亮均分類表單同步 | 2026-06-23 11:33:39","1","","0","0","0","","2026-08-16 22:25:53.071+00","已有台語來源狀態但缺少台語review"
"18141","ST05345","新北市","貢寮區","和美里","和美","直接標注","待指派","","亮均分類表單同步 | 2026-06-23 11:33:39","1","","0","0","0","","2026-08-16 22:25:53.071+00","已有台語來源狀態但缺少台語review"
"18150","ST05517","新北市","雙溪區","雙溪區","竹子山","直接標注","待指派","","亮均分類表單同步 | 2026-06-23 11:33:39","1","","0","0","0","","2026-08-16 22:25:53.071+00","已有台語來源狀態但缺少台語review"
"18167","ST05561","新北市","雙溪區","牡丹里","協進","直接標注","待指派","","亮均分類表單同步 | 2026-06-23 11:33:39","1","","0","0","0","","2026-08-16 22:25:53.071+00","已有台語來源狀態但缺少台語review"
"18170","ST05565","新北市","雙溪區","雙溪區","樓仔","直接標注","待指派","","亮均分類表單同步 | 2026-06-23 11:33:39","1","","0","0","0","","2026-08-16 22:25:53.071+00","已有台語來源狀態但缺少台語review"
"18182","ST05870","臺中市","中區","東墩里","公園口","直接標注","待指派","","亮均分類表單同步 | 2026-06-23 11:33:39","1","","0","0","0","","2026-08-16 22:25:53.071+00","已有台語來源狀態但缺少台語review"
"18189","ST06031","臺中市","后里區","廣福里","宏安","直接標注","待指派","","亮均分類表單同步 | 2026-06-23 11:33:39","1","","0","0","0","","2026-08-16 22:25:53.071+00","已有台語來源狀態但缺少台語review"
"18191","ST06077","臺中市","和平區","博愛里","馬崙","原住民族","待指派","","亮均分類表單同步 | 2026-06-23 11:33:39","1","","0","0","0","","2026-08-16 22:25:53.071+00","已有台語來源狀態但缺少台語review"
"18192","ST06079","臺中市","和平區","博愛里","裡冷","原住民族","待指派","","亮均分類表單同步 | 2026-04-27 22:10:34","1","","0","0","0","","2026-08-16 22:25:53.071+00","已有台語來源狀態但缺少台語review"
"18193","ST06080","臺中市","和平區","自由里","雙崎","原住民族","待指派","","亮均分類表單同步 | 2026-06-23 11:33:39","1","","0","0","0","","2026-08-16 22:25:53.071+00","已有台語來源狀態但缺少台語review"
"18194","ST06082","臺中市","和平區","梨山里","松茂","原住民族","待指派","","亮均分類表單同步 | 2026-06-23 11:33:39","1","","0","0","0","","2026-08-16 22:25:53.071+00","已有台語來源狀態但缺少台語review"
"18195","ST06084","臺中市","和平區","天輪里","白冷","原住民族","待指派","","亮均分類表單同步 | 2026-06-23 11:33:39","1","","0","0","0","","2026-08-16 22:25:53.071+00","已有台語來源狀態但缺少台語review"
"18196","ST06085","臺中市","和平區","梨山里","佳陽","原住民族","待指派","","亮均分類表單同步 | 2026-06-23 11:33:39","1","","0","0","0","","2026-08-16 22:25:53.071+00","已有台語來源狀態但缺少台語review"
"18197","ST06086","臺中市","和平區","博愛里","松鶴","原住民族","待指派","","亮均分類表單同步 | 2026-06-23 11:33:39","1","","0","0","0","","2026-08-16 22:25:53.071+00","已有台語來源狀態但缺少台語review"
"18198","ST06087","臺中市","和平區","達觀里","達觀","原住民族","待指派","","亮均分類表單同步 | 2026-06-23 11:33:39","1","","0","0","0","","2026-08-16 22:25:53.071+00","已有台語來源狀態但缺少台語review"
"18199","ST06088","臺中市","和平區","平等里","志良","原住民族","待指派","","亮均分類表單同步 | 2026-06-23 11:33:39","1","","0","0","0","","2026-08-16 22:25:53.071+00","已有台語來源狀態但缺少台語review"
"18200","ST06089","臺中市","和平區","平等里","環山","原住民族","待指派","","亮均分類表單同步 | 2026-04-27 22:10:34","1","","0","0","0","","2026-08-16 22:25:53.071+00","已有台語來源狀態但缺少台語review"
"18201","ST06091","臺中市","和平區","達觀里","香川","原住民族","待指派","","亮均分類表單同步 | 2026-06-23 11:33:39","1","","0","0","0","","2026-08-16 22:25:53.071+00","已有台語來源狀態但缺少台語review"
"18202","ST06092","臺中市","和平區","梨山里","德基","原住民族","待指派","","亮均分類表單同步 | 2026-06-23 11:33:39","1","","0","0","0","","2026-08-16 22:25:53.071+00","已有台語來源狀態但缺少台語review"
"18203","ST06093","臺中市","和平區","梨山里","梨山","原住民族","待指派","","亮均分類表單同步 | 2026-06-23 11:33:39","1","","0","0","0","","2026-08-16 22:25:53.071+00","已有台語來源狀態但缺少台語review"
"18204","ST06094","臺中市","和平區","天輪里","白鹿","原住民族","待指派","","亮均分類表單同步 | 2026-06-23 11:33:39","1","","0","0","0","","2026-08-16 22:25:53.071+00","已有台語來源狀態但缺少台語review"
"18205","ST06097","臺中市","和平區","博愛里","谷關","原住民族","待指派","","亮均分類表單同步 | 2026-06-23 11:33:39","1","","0","0","0","","2026-08-16 22:25:53.071+00","已有台語來源狀態但缺少台語review"
"18288","ST07492","臺中市","霧峰區","霧峰區","霧峰","直接標注","待指派","","亮均分類表單同步 | 2026-04-27 22:10:34","1","","0","0","0","","2026-08-16 22:25:53.072+00","已有台語來源狀態但缺少台語review"
"18296","ST08530","臺北市","松山區","龍田里","松山新城","直接標注","待指派","","亮均分類表單同步 | 2026-04-27 22:10:34","1","","0","0","0","","2026-08-16 22:25:53.072+00","已有台語來源狀態但缺少台語review"
"18306","ST08682","桃園市","中壢區","興國里","士校","直接標注","待指派","","亮均分類表單同步 | 2026-06-23 11:33:39","1","","0","0","0","","2026-08-16 22:25:53.072+00","已有台語來源狀態但缺少台語review"
"18338","ST09004","桃園市","大溪區","仁愛里","仁和宮","直接標注","待指派","","亮均分類表單同步 | 2026-06-23 11:33:39","1","","0","0","0","","2026-08-16 22:25:53.072+00","已有台語來源狀態但缺少台語review"
"18344","ST09020","桃園市","大溪區","仁善里","仁善","直接標注","待指派","","亮均分類表單同步 | 2026-05-04 09:49:21","1","","0","0","0","","2026-08-16 22:25:53.072+00","已有台語來源狀態但缺少台語review"
"18358","ST09050","桃園市","大溪區","仁武里","仁武","直接標注","待指派","","亮均分類表單同步 | 2026-06-23 11:33:39","1","","0","0","0","","2026-08-16 22:25:53.072+00","已有台語來源狀態但缺少台語review"
"18369","ST09173","桃園市","平鎮區","義興里","義興","直接標注","待指派","","亮均分類表單同步 | 2026-06-23 11:33:39","1","","0","0","0","","2026-08-16 22:25:53.072+00","已有台語來源狀態但缺少台語review"
"18372","ST09180","桃園市","平鎮區","華安里","華安","直接標注","待指派","","亮均分類表單同步 | 2026-06-23 11:33:39","1","","0","0","0","","2026-08-16 22:25:53.072+00","已有台語來源狀態但缺少台語review"
"18375","ST09235","桃園市","復興區","復興區","佳蘭","原住民族","待指派","","亮均分類表單同步 | 2026-06-23 11:33:39","1","","0","0","0","","2026-08-16 22:25:53.072+00","已有台語來源狀態但缺少台語review"
"18376","ST09236","桃園市","復興區","復興區","基國派","原住民族","待指派","","亮均分類表單同步 | 2026-04-27 22:10:34","1","","0","0","0","","2026-08-16 22:25:53.072+00","已有台語來源狀態但缺少台語review"
"18377","ST09238","桃園市","復興區","華陵里","下巴陵","原住民族","待指派","","亮均分類表單同步 | 2026-06-23 11:33:39","1","","0","0","0","","2026-08-16 22:25:53.072+00","已有台語來源狀態但缺少台語review"
"18378","ST09239","桃園市","復興區","復興區","金暖","原住民族","待指派","","亮均分類表單同步 | 2026-06-23 11:33:39","1","","0","0","0","","2026-08-16 22:25:53.072+00","已有台語來源狀態但缺少台語review"
"18379","ST09240","桃園市","復興區","奎輝里","奎輝","原住民族","待指派","","亮均分類表單同步 | 2026-06-23 11:33:39","1","","0","0","0","","2026-08-16 22:25:53.072+00","已有台語來源狀態但缺少台語review"
"18380","ST09241","桃園市","復興區","華陵里","四稜","原住民族","待指派","","亮均分類表單同步 | 2026-06-23 11:33:39","1","","0","0","0","","2026-08-16 22:25:53.072+00","已有台語來源狀態但缺少台語review"
"18381","ST09243","桃園市","復興區","澤仁里","角板","原住民族","待指派","","亮均分類表單同步 | 2026-06-23 11:33:39","1","","0","0","0","","2026-08-16 22:25:53.072+00","已有台語來源狀態但缺少台語review"
"18382","ST09244","桃園市","復興區","華陵里","上巴陵","原住民族","待指派","","亮均分類表單同步 | 2026-06-23 11:33:39","1","","0","0","0","","2026-08-16 22:25:53.072+00","已有台語來源狀態但缺少台語review"
"18383","ST09245","桃園市","復興區","長興里","高遶","原住民族","待指派","","亮均分類表單同步 | 2026-06-23 11:33:39","1","","0","0","0","","2026-08-16 22:25:53.072+00","已有台語來源狀態但缺少台語review"
"18384","ST09246","桃園市","復興區","霞雲里","霞雲","原住民族","待指派","","亮均分類表單同步 | 2026-04-27 22:10:34","1","","0","0","0","","2026-08-16 22:25:53.072+00","已有台語來源狀態但缺少台語review"
"18385","ST09247","桃園市","復興區","華陵里","大曼","原住民族","待指派","","亮均分類表單同步 | 2026-06-23 11:33:39","1","","0","0","0","","2026-08-16 22:25:53.072+00","已有台語來源狀態但缺少台語review"
"18386","ST09248","桃園市","復興區","復興區","卡外","原住民族","待指派","","亮均分類表單同步 | 2026-06-23 11:33:39","1","","0","0","0","","2026-08-16 22:25:53.072+00","已有台語來源狀態但缺少台語review"
"18387","ST09249","桃園市","復興區","復興區","高坡","原住民族","待指派","","亮均分類表單同步 | 2026-06-23 11:33:39","1","","0","0","0","","2026-08-16 22:25:53.072+00","已有台語來源狀態但缺少台語review"
"18388","ST09250","桃園市","復興區","三光里","鷹山","原住民族","待指派","","亮均分類表單同步 | 2026-06-23 11:33:39","1","","0","0","0","","2026-08-16 22:25:53.072+00","已有台語來源狀態但缺少台語review"
"18389","ST09254","桃園市","復興區","華陵里","巴陵","原住民族","待指派","","亮均分類表單同步 | 2026-06-23 11:33:39","1","","0","0","0","","2026-08-16 22:25:53.072+00","已有台語來源狀態但缺少台語review"
"18390","ST09255","桃園市","復興區","澤仁里","角板山","原住民族","待指派","","亮均分類表單同步 | 2026-06-23 11:33:39","1","","0","0","0","","2026-08-16 22:25:53.072+00","已有台語來源狀態但缺少台語review"
"18391","ST09257","桃園市","復興區","三光里","高岡","原住民族","待指派","","亮均分類表單同步 | 2026-06-23 11:33:39","1","","0","0","0","","2026-08-16 22:25:53.072+00","已有台語來源狀態但缺少台語review"
"18392","ST09260","桃園市","復興區","三民里","丸山","原住民族","待指派","","亮均分類表單同步 | 2026-04-27 22:10:34","1","","0","0","0","","2026-08-16 22:25:53.072+00","已有台語來源狀態但缺少台語review"
"18393","ST09261","桃園市","復興區","三光里","三光","原住民族","待指派","","亮均分類表單同步 | 2026-06-23 11:33:39","1","","0","0","0","","2026-08-16 22:25:53.072+00","已有台語來源狀態但缺少台語review"
"18394","ST09263","桃園市","復興區","復興區","合流","原住民族","待指派","","亮均分類表單同步 | 2026-06-23 11:33:39","1","","0","0","0","","2026-08-16 22:25:53.072+00","已有台語來源狀態但缺少台語review"
"18395","ST09264","桃園市","復興區","復興區","羅浮","原住民族","待指派","","亮均分類表單同步 | 2026-06-23 11:33:39","1","","0","0","0","","2026-08-16 22:25:53.072+00","已有台語來源狀態但缺少台語review"
"18396","ST09269","桃園市","復興區","復興區","卡拉","原住民族","待指派","","亮均分類表單同步 | 2026-06-23 11:33:39","1","","0","0","0","","2026-08-16 22:25:53.072+00","已有台語來源狀態但缺少台語review"
"18397","ST09271","桃園市","復興區","復興區","卡普","原住民族","待指派","","亮均分類表單同步 | 2026-06-23 11:33:39","1","","0","0","0","","2026-08-16 22:25:53.072+00","已有台語來源狀態但缺少台語review"
"18419","ST09572","桃園市","桃園區","","市中區","直接標注","待指派","","亮均分類表單同步 | 2026-06-23 11:33:39","1","","0","0","0","","2026-08-16 22:25:53.073+00","已有台語來源狀態但缺少台語review"
"18420","ST09573","桃園市","桃園區","","中路區","直接標注","待指派","","亮均分類表單同步 | 2026-06-23 11:33:39","1","","0","0","0","","2026-08-16 22:25:53.073+00","已有台語來源狀態但缺少台語review"
"18422","ST09576","桃園市","桃園區","","桃鶯","直接標注","待指派","","亮均分類表單同步 | 2026-06-23 11:33:39","1","","0","0","0","","2026-08-16 22:25:53.073+00","已有台語來源狀態但缺少台語review"
"18425","ST09582","桃園市","桃園區","","建新","直接標注","待指派","","亮均分類表單同步 | 2026-06-23 11:33:39","1","","0","0","0","","2026-08-16 22:25:53.073+00","已有台語來源狀態但缺少台語review"
"18426","ST09585","桃園市","桃園區","慈文里","慈文","直接標注","待指派","","亮均分類表單同步 | 2026-06-23 11:33:39","1","","0","0","0","","2026-08-16 22:25:53.073+00","已有台語來源狀態但缺少台語review"
"18427","ST09587","桃園市","桃園區","","福元","直接標注","待指派","","亮均分類表單同步 | 2026-06-23 11:33:39","1","","0","0","0","","2026-08-16 22:25:53.073+00","已有台語來源狀態但缺少台語review"
"18431","ST09593","桃園市","桃園區","","國強","直接標注","待指派","","亮均分類表單同步 | 2026-06-23 11:33:39","1","","0","0","0","","2026-08-16 22:25:53.073+00","已有台語來源狀態但缺少台語review"
"18432","ST09594","桃園市","桃園區","忠義里","三聖","直接標注","待指派","陳亮均","亮均分類表單同步 | 2026-05-12 09:13:54","1","","0","0","0","","2026-08-16 22:25:53.073+00","已有台語來源指派人但缺少台語review"
"18434","ST09597","桃園市","桃園區","","國聖","直接標注","待指派","","亮均分類表單同步 | 2026-06-23 11:33:39","1","","0","0","0","","2026-08-16 22:25:53.073+00","已有台語來源狀態但缺少台語review"
"18439","ST09605","桃園市","桃園區","","介壽","直接標注","待指派","","亮均分類表單同步 | 2026-06-23 11:33:39","1","","0","0","0","","2026-08-16 22:25:53.073+00","已有台語來源狀態但缺少台語review"
"18443","ST09610","桃園市","桃園區","","昆明","直接標注","待指派","","亮均分類表單同步 | 2026-06-23 11:33:39","1","","0","0","0","","2026-08-16 22:25:53.073+00","已有台語來源狀態但缺少台語review"
"18444","ST09611","桃園市","桃園區","","法政","直接標注","待指派","","亮均分類表單同步 | 2026-06-23 11:33:39","1","","0","0","0","","2026-08-16 22:25:53.073+00","已有台語來源狀態但缺少台語review"
"18445","ST09615","桃園市","桃園區","","富國","直接標注","待指派","","亮均分類表單同步 | 2026-06-23 11:33:39","1","","0","0","0","","2026-08-16 22:25:53.073+00","已有台語來源狀態但缺少台語review"
"18446","ST09616","桃園市","桃園區","","延壽","直接標注","待指派","","亮均分類表單同步 | 2026-06-23 11:33:39","1","","0","0","0","","2026-08-16 22:25:53.073+00","已有台語來源狀態但缺少台語review"
"18447","ST09618","桃園市","桃園區","永安里","永安","直接標注","待指派","","亮均分類表單同步 | 2026-06-23 11:33:39","1","","0","0","0","","2026-08-16 22:25:53.073+00","已有台語來源狀態但缺少台語review"
"18448","ST09620","桃園市","桃園區","武陵里","武陵","直接標注","待指派","陳亮均","亮均分類表單同步 | 2026-05-12 09:13:54","1","","0","0","0","","2026-08-16 22:25:53.073+00","已有台語來源指派人但缺少台語review"
"18449","ST09621","桃園市","桃園區","長安里","長安","直接標注","待指派","","亮均分類表單同步 | 2026-06-23 11:33:39","1","","0","0","0","","2026-08-16 22:25:53.073+00","已有台語來源狀態但缺少台語review"
"18450","ST09625","桃園市","桃園區","桃園區","江南","直接標注","待指派","","亮均分類表單同步 | 2026-06-23 11:33:39","1","","0","0","0","","2026-08-16 22:25:53.073+00","已有台語來源狀態但缺少台語review"
"18452","ST09630","桃園市","桃園區","建國里","建國","直接標注","待指派","","亮均分類表單同步 | 2026-06-23 11:33:39","1","","0","0","0","","2026-08-16 22:25:53.073+00","已有台語來源狀態但缺少台語review"
"18453","ST09631","桃園市","桃園區","福林里","陽明","直接標注","待指派","","亮均分類表單同步 | 2026-06-23 11:33:39","1","","0","0","0","","2026-08-16 22:25:53.073+00","已有台語來源狀態但缺少台語review"
"18500","ST10237","桃園市","龜山區","龜山區","陸光二村","直接標注","待指派","","亮均分類表單同步 | 2026-06-23 11:33:39","1","","0","0","0","","2026-08-16 22:25:53.073+00","已有台語來源狀態但缺少台語review"
"18501","ST10241","桃園市","龜山區","龜山區","憲光二村","直接標注","待指派","","亮均分類表單同步 | 2026-06-23 11:33:39","1","","0","0","0","","2026-08-16 22:25:53.073+00","已有台語來源狀態但缺少台語review"
"18512","ST10410","臺南市","下營區","紅厝里","紅毛厝","電話調查","待指派","","亮均分類表單同步 | 2026-07-07 05:28:25","1","","0","0","0","","2026-08-16 22:25:53.073+00","已有台語來源狀態但缺少台語review"
"18513","ST10412","臺南市","下營區","茅港里","茅港尾","電話調查","待指派","","亮均分類表單同步 | 2026-07-07 05:28:25","1","","0","0","0","","2026-08-16 22:25:53.073+00","已有台語來源狀態但缺少台語review"
"18514","ST10416","臺南市","下營區","仁里里","武承恩","電話調查","待指派","","亮均分類表單同步 | 2026-07-07 05:28:25","1","","0","0","0","","2026-08-16 22:25:53.073+00","已有台語來源狀態但缺少台語review"
"18515","ST10417","臺南市","下營區","中營里","中營","電話調查","待指派","","亮均分類表單同步 | 2026-07-07 05:28:25","1","","0","0","0","","2026-08-16 22:25:53.073+00","已有台語來源狀態但缺少台語review"
"18516","ST10420","臺南市","下營區","下營里","下營","電話調查","待指派","","亮均分類表單同步 | 2026-07-07 05:28:25","1","","0","0","0","","2026-08-16 22:25:53.073+00","已有台語來源狀態但缺少台語review"
"18517","ST10447","臺南市","中西區","中正里","露店","電話調查","待指派","","亮均分類表單同步 | 2026-07-07 05:28:25","1","","0","0","0","","2026-08-16 22:25:53.073+00","已有台語來源狀態但缺少台語review"
"18518","ST10449","臺南市","中西區","三民里","鷲嶺","現場調查","待指派","","亮均分類表單同步 | 2026-07-07 05:28:25","1","","0","0","0","","2026-08-16 22:25:53.073+00","已有台語來源狀態但缺少台語review"
"18519","ST10450","臺南市","中西區","聖前里","大南門","電話調查","待指派","","亮均分類表單同步 | 2026-07-07 05:28:25","1","","0","0","0","","2026-08-16 22:25:53.073+00","已有台語來源狀態但缺少台語review"
"18520","ST10451","臺南市","中西區","公正里","考棚","電話調查","待指派","","亮均分類表單同步 | 2026-07-07 05:28:25","1","","0","0","0","","2026-08-16 22:25:53.073+00","已有台語來源狀態但缺少台語review"
"18521","ST10452","臺南市","中西區","永福里","統領巷","電話調查","待指派","","亮均分類表單同步 | 2026-07-07 05:28:25","1","","0","0","0","","2026-08-16 22:25:53.073+00","已有台語來源狀態但缺少台語review"
"18522","ST10456","臺南市","中西區","水仙里","大西門","電話調查","待指派","","亮均分類表單同步 | 2026-07-07 05:28:25","1","","0","0","0","","2026-08-16 22:25:53.073+00","已有台語來源狀態但缺少台語review"
"18523","ST10458","臺南市","中西區","民主里","南廠","電話調查","待指派","","亮均分類表單同步 | 2026-07-07 05:28:25","1","","0","0","0","","2026-08-16 22:25:53.073+00","已有台語來源狀態但缺少台語review"
"18524","ST10461","臺南市","中西區","三民里","吳園","電話調查","待指派","","亮均分類表單同步 | 2026-07-07 05:28:25","1","","0","0","0","","2026-08-16 22:25:53.073+00","已有台語來源狀態但缺少台語review"
"18525","ST10465","臺南市","中西區","水仙里","無尾巷","電話調查","待指派","","亮均分類表單同步 | 2026-07-07 05:28:25","1","","0","0","0","","2026-08-16 22:25:53.073+00","已有台語來源狀態但缺少台語review"
"18526","ST10474","臺南市","中西區","仙草里","三星","現場調查","待指派","","亮均分類表單同步 | 2026-07-07 05:28:25","1","","0","0","0","","2026-08-16 22:25:53.073+00","已有台語來源狀態但缺少台語review"
"18527","ST10655","臺南市","仁德區","仁德里","清風莊","電話調查","待指派","","亮均分類表單同步 | 2026-07-07 05:28:25","1","","0","0","0","","2026-08-16 22:25:53.073+00","已有台語來源狀態但缺少台語review"
"18528","ST10666","臺南市","仁德區","田厝里","凹仔","電話調查","待指派","","亮均分類表單同步 | 2026-07-07 05:28:25","1","","0","0","0","","2026-08-16 22:25:53.073+00","已有台語來源狀態但缺少台語review"
"18529","ST10669","臺南市","仁德區","上崙里","豬寮","電話調查","待指派","","亮均分類表單同步 | 2026-07-07 05:28:25","1","","0","0","0","","2026-08-16 22:25:53.073+00","已有台語來源狀態但缺少台語review"
"18530","ST10671","臺南市","仁德區","仁德里","五十鈴","現場調查","待指派","","亮均分類表單同步 | 2026-07-07 05:28:25","1","","0","0","0","","2026-08-16 22:25:53.073+00","已有台語來源狀態但缺少台語review"
"18531","ST10678","臺南市","仁德區","新田里","狗肉","現場調查","待指派","","亮均分類表單同步 | 2026-07-07 05:28:25","1","","0","0","0","","2026-08-16 22:25:53.073+00","已有台語來源狀態但缺少台語review"
"18537","ST10838","臺南市","六甲區","甲南里","甲南","電話調查","待指派","","亮均分類表單同步 | 2026-07-07 05:28:25","1","","0","0","0","","2026-08-16 22:25:53.073+00","已有台語來源狀態但缺少台語review"
"18542","ST10969","臺南市","南化區","南化里","南頭","電話調查","待指派","","亮均分類表單同步 | 2026-07-02 05:28:32","1","","0","0","0","","2026-08-16 22:25:53.073+00","已有台語來源狀態但缺少台語review"
"18543","ST10971","臺南市","南化區","關山里","大丘","電話調查","待指派","","亮均分類表單同步 | 2026-07-02 05:28:32","1","","0","0","0","","2026-08-16 22:25:53.073+00","已有台語來源狀態但缺少台語review"
"18544","ST10974","臺南市","南化區","北寮里","街仔路","直接標注","待指派","","亮均分類表單同步 | 2026-07-02 05:28:32","1","","0","0","0","","2026-08-16 22:25:53.073+00","已有台語來源狀態但缺少台語review"
"18545","ST10983","臺南市","南化區","玉山里","溪東","現場調查","待指派","","亮均分類表單同步 | 2026-07-02 05:28:32","1","","0","0","0","","2026-08-16 22:25:53.073+00","已有台語來源狀態但缺少台語review"
"18546","ST10986","臺南市","南化區","西埔里","界址","電話調查","待指派","","亮均分類表單同步 | 2026-07-02 05:28:32","1","","0","0","0","","2026-08-16 22:25:53.073+00","已有台語來源狀態但缺少台語review"
"18547","ST10999","臺南市","南化區","北寮里","查封","現場調查","待指派","","亮均分類表單同步 | 2026-07-02 05:28:32","1","","0","0","0","","2026-08-16 22:25:53.073+00","已有台語來源狀態但缺少台語review"
"18548","ST11001","臺南市","南化區","關山里","古董","現場調查","待指派","","亮均分類表單同步 | 2026-07-02 05:28:32","1","","0","0","0","","2026-08-16 22:25:53.073+00","已有台語來源狀態但缺少台語review"
"18549","ST11003","臺南市","南化區","北寮里","關埔","現場調查","待指派","","亮均分類表單同步 | 2026-07-02 05:28:32","1","","0","0","0","","2026-08-16 22:25:53.073+00","已有台語來源狀態但缺少台語review"
"18550","ST11004","臺南市","南化區","小崙里","鏡面","現場調查","待指派","","亮均分類表單同步 | 2026-07-02 05:28:32","1","","0","0","0","","2026-08-16 22:25:53.073+00","已有台語來源狀態但缺少台語review"
"18551","ST11005","臺南市","南化區","北寮里","頭份","電話調查","待指派","","亮均分類表單同步 | 2026-07-02 05:28:32","1","","0","0","0","","2026-08-16 22:25:53.073+00","已有台語來源狀態但缺少台語review"
"18552","ST11006","臺南市","南化區","玉山里","玉山","現場調查","待指派","","亮均分類表單同步 | 2026-07-02 05:28:32","1","","0","0","0","","2026-08-16 22:25:53.073+00","已有台語來源狀態但缺少台語review"
"18553","ST11108","臺南市","南區","南區","桶盤淺","現場調查","待指派","","亮均分類表單同步 | 2026-07-07 05:28:25","1","","0","0","0","","2026-08-16 22:25:53.073+00","已有台語來源狀態但缺少台語review"
"18554","ST11113","臺南市","南區","南區","瀨口","電話調查","待指派","","亮均分類表單同步 | 2026-07-07 05:28:25","1","","0","0","0","","2026-08-16 22:25:53.073+00","已有台語來源狀態但缺少台語review"
"18555","ST11119","臺南市","南區","鯤鯓里","四鯤鯓","電話調查","待指派","","亮均分類表單同步 | 2026-07-07 05:28:25","1","","0","0","0","","2026-08-16 22:25:53.073+00","已有台語來源狀態但缺少台語review"
"18556","ST11121","臺南市","南區","竹溪里","竹溪","電話調查","待指派","","亮均分類表單同步 | 2026-07-07 05:28:25","1","","0","0","0","","2026-08-16 22:25:53.073+00","已有台語來源狀態但缺少台語review"
"18557","ST11122","臺南市","南區","省躬里","灣裡","現場調查","待指派","","亮均分類表單同步 | 2026-07-07 05:28:25","1","","0","0","0","","2026-08-16 22:25:53.073+00","已有台語來源狀態但缺少台語review"
"18558","ST11123","臺南市","南區","新昌里","福井","現場調查","待指派","","亮均分類表單同步 | 2026-07-07 05:28:25","1","","0","0","0","","2026-08-16 22:25:53.073+00","已有台語來源狀態但缺少台語review"
"18559","ST11124","臺南市","南區","南區","水交社","現場調查","待指派","","亮均分類表單同步 | 2026-07-07 05:28:25","1","","0","0","0","","2026-08-16 22:25:53.073+00","已有台語來源狀態但缺少台語review"
"18560","ST11204","臺南市","善化區","善化區","六分寮","電話調查","待指派","","亮均分類表單同步 | 2026-07-02 05:28:32","1","","0","0","0","","2026-08-16 22:25:53.073+00","已有台語來源狀態但缺少台語review"
"18561","ST11209","臺南市","善化區","小新里","小新營","電話調查","待指派","","亮均分類表單同步 | 2026-07-02 05:28:32","1","","0","0","0","","2026-08-16 22:25:53.073+00","已有台語來源狀態但缺少台語review"
"18562","ST11210","臺南市","善化區","牛庄里","牛庄","電話調查","待指派","","亮均分類表單同步 | 2026-07-02 05:28:32","1","","0","0","0","","2026-08-16 22:25:53.073+00","已有台語來源狀態但缺少台語review"
"18563","ST11212","臺南市","善化區","胡家里","胡厝寮","電話調查","待指派","","亮均分類表單同步 | 2026-07-02 05:28:32","1","","0","0","0","","2026-08-16 22:25:53.073+00","已有台語來源狀態但缺少台語review"
"18564","ST11216","臺南市","善化區","嘉北里","北里","電話調查","待指派","","亮均分類表單同步 | 2026-07-02 05:28:32","1","","0","0","0","","2026-08-16 22:25:53.073+00","已有台語來源狀態但缺少台語review"
"18565","ST11219","臺南市","善化區","嘉南里","茄拔","現場調查","待指派","","亮均分類表單同步 | 2026-07-02 05:28:32","1","","0","0","0","","2026-08-16 22:25:53.073+00","已有台語來源狀態但缺少台語review"
"18566","ST11220","臺南市","善化區","胡厝里","西衛","現場調查","待指派","","亮均分類表單同步 | 2026-07-02 05:28:32","1","","0","0","0","","2026-08-16 22:25:53.073+00","已有台語來源狀態但缺少台語review"
"18567","ST11223","臺南市","善化區","胡厝里","烏橋","電話調查","待指派","","亮均分類表單同步 | 2026-07-02 05:28:32","1","","0","0","0","","2026-08-16 22:25:53.073+00","已有台語來源狀態但缺少台語review"
"18568","ST11224","臺南市","善化區","文昌里","亞蔬","電話調查","待指派","","亮均分類表單同步 | 2026-07-02 05:28:32","1","","0","0","0","","2026-08-16 22:25:53.073+00","已有台語來源狀態但缺少台語review"
"18569","ST11225","臺南市","善化區","坐駕里","坐駕","電話調查","待指派","","亮均分類表單同步 | 2026-07-02 05:28:32","1","","0","0","0","","2026-08-16 22:25:53.073+00","已有台語來源狀態但缺少台語review"
"18570","ST11227","臺南市","善化區","小新里","大新營","電話調查","待指派","","亮均分類表單同步 | 2026-07-02 05:28:32","1","","0","0","0","","2026-08-16 22:25:53.073+00","已有台語來源狀態但缺少台語review"
"18571","ST11230","臺南市","善化區","嘉南里","大股","電話調查","待指派","","亮均分類表單同步 | 2026-07-02 05:28:32","1","","0","0","0","","2026-08-16 22:25:53.073+00","已有台語來源狀態但缺少台語review"
"18572","ST11234","臺南市","善化區","東關里","東門城","電話調查","待指派","","亮均分類表單同步 | 2026-07-02 05:28:32","1","","0","0","0","","2026-08-16 22:25:53.073+00","已有台語來源狀態但缺少台語review"
"18573","ST11241","臺南市","善化區","光文里","火車頭","電話調查","待指派","","亮均分類表單同步 | 2026-07-02 05:28:32","1","","0","0","0","","2026-08-16 22:25:53.073+00","已有台語來源狀態但缺少台語review"
"18574","ST11242","臺南市","善化區","溪美里","曾文","現場調查","待指派","","亮均分類表單同步 | 2026-07-02 05:28:32","1","","0","0","0","","2026-08-16 22:25:53.073+00","已有台語來源狀態但缺少台語review"
"18575","ST11319","臺南市","大內區","曲溪里","二溪","電話調查","待指派","","亮均分類表單同步 | 2026-07-02 05:28:32","1","","0","0","0","","2026-08-16 22:25:53.073+00","已有台語來源狀態但缺少台語review"
"18576","ST11323","臺南市","大內區","環湖里","嗚頭","現場調查","待指派","","亮均分類表單同步 | 2026-07-02 05:28:32","1","","0","0","0","","2026-08-16 22:25:53.073+00","已有台語來源狀態但缺少台語review"
"18577","ST11330","臺南市","大內區","二溪里","走馬瀨","現場調查","待指派","","亮均分類表單同步 | 2026-07-02 05:28:32","1","","0","0","0","","2026-08-16 22:25:53.073+00","已有台語來源狀態但缺少台語review"
"18578","ST11331","臺南市","大內區","內江里","土管","電話調查","待指派","","亮均分類表單同步 | 2026-07-02 05:28:32","1","","0","0","0","","2026-08-16 22:25:53.073+00","已有台語來源狀態但缺少台語review"
"18582","ST11462","臺南市","安南區","公親里","公親寮","電話調查","待指派","","亮均分類表單同步 | 2026-07-07 05:28:25","1","","0","0","0","","2026-08-16 22:25:53.073+00","已有台語來源狀態但缺少台語review"
"18583","ST11463","臺南市","安南區","總頭里","總頭寮","電話調查","待指派","","亮均分類表單同步 | 2026-07-07 05:28:25","1","","0","0","0","","2026-08-16 22:25:53.073+00","已有台語來源狀態但缺少台語review"
"18584","ST11465","臺南市","安南區","城西里","港仔西","電話調查","待指派","","亮均分類表單同步 | 2026-07-07 05:28:25","1","","0","0","0","","2026-08-16 22:25:53.073+00","已有台語來源狀態但缺少台語review"
"18585","ST11466","臺南市","安南區","安南區","溪頂寮","電話調查","待指派","","亮均分類表單同步 | 2026-07-07 05:28:25","1","","0","0","0","","2026-08-16 22:25:53.073+00","已有台語來源狀態但缺少台語review"
"18586","ST11470","臺南市","安南區","安南區","中州寮","電話調查","待指派","","亮均分類表單同步 | 2026-07-07 05:28:25","1","","0","0","0","","2026-08-16 22:25:53.073+00","已有台語來源狀態但缺少台語review"
"18587","ST11471","臺南市","安南區","青草里","青草崙","電話調查","待指派","","亮均分類表單同步 | 2026-07-07 05:28:25","1","","0","0","0","","2026-08-16 22:25:53.073+00","已有台語來源狀態但缺少台語review"
"18588","ST11473","臺南市","安南區","四草里","北汕尾","電話調查","待指派","","亮均分類表單同步 | 2026-07-07 05:28:25","1","","0","0","0","","2026-08-16 22:25:53.073+00","已有台語來源狀態但缺少台語review"
"18589","ST11474","臺南市","安南區","原佃里","十三佃","電話調查","待指派","","亮均分類表單同步 | 2026-07-07 05:28:25","1","","0","0","0","","2026-08-16 22:25:53.073+00","已有台語來源狀態但缺少台語review"
"18590","ST11475","臺南市","安南區","海東里","海尾寮","電話調查","待指派","","亮均分類表單同步 | 2026-07-07 05:28:25","1","","0","0","0","","2026-08-16 22:25:53.073+00","已有台語來源狀態但缺少台語review"
"18591","ST11476","臺南市","安南區","幸福里","路頭","電話調查","待指派","","亮均分類表單同步 | 2026-07-07 05:28:25","1","","0","0","0","","2026-08-16 22:25:53.073+00","已有台語來源狀態但缺少台語review"
"18592","ST11477","臺南市","安南區","安南區","本淵寮","電話調查","待指派","","亮均分類表單同步 | 2026-07-07 05:28:25","1","","0","0","0","","2026-08-16 22:25:53.073+00","已有台語來源狀態但缺少台語review"
"18593","ST11478","臺南市","安南區","新順里","新宅","電話調查","待指派","","亮均分類表單同步 | 2026-07-07 05:28:25","1","","0","0","0","","2026-08-16 22:25:53.073+00","已有台語來源狀態但缺少台語review"
"18594","ST11480","臺南市","安南區","城南里","鄭仔寮","電話調查","待指派","","亮均分類表單同步 | 2026-07-07 05:28:25","1","","0","0","0","","2026-08-16 22:25:53.073+00","已有台語來源狀態但缺少台語review"
"18595","ST11484","臺南市","安南區","國安里","九份子","電話調查","待指派","","亮均分類表單同步 | 2026-07-07 05:28:25","1","","0","0","0","","2026-08-16 22:25:53.073+00","已有台語來源狀態但缺少台語review"
"18596","ST11485","臺南市","安南區","砂崙里","鹿耳門","電話調查","待指派","","亮均分類表單同步 | 2026-07-07 05:28:25","1","","0","0","0","","2026-08-16 22:25:53.073+00","已有台語來源狀態但缺少台語review"
"18597","ST11571","臺南市","安定區","安定里","加弄","現場調查","待指派","","亮均分類表單同步 | 2026-07-02 05:28:32","1","","0","0","0","","2026-08-16 22:25:53.073+00","已有台語來源狀態但缺少台語review"
"18598","ST11578","臺南市","安定區","海寮里","海寮","電話調查","待指派","","亮均分類表單同步 | 2026-07-02 05:28:32","1","","0","0","0","","2026-08-16 22:25:53.073+00","已有台語來源狀態但缺少台語review"
"18599","ST11579","臺南市","安定區","中榮里","許中營","現場調查","待指派","","亮均分類表單同步 | 2026-07-02 05:28:32","1","","0","0","0","","2026-08-16 22:25:53.073+00","已有台語來源狀態但缺少台語review"
"18600","ST11630","臺南市","安平區","海頭里","海頭社","電話調查","待指派","","亮均分類表單同步 | 2026-07-07 05:28:25","1","","0","0","0","","2026-08-16 22:25:53.073+00","已有台語來源狀態但缺少台語review"
"18601","ST11631","臺南市","安平區","漁光里","三鯤鯓","電話調查","待指派","","亮均分類表單同步 | 2026-07-07 05:28:25","1","","0","0","0","","2026-08-16 22:25:53.073+00","已有台語來源狀態但缺少台語review"
"18602","ST11632","臺南市","安平區","海頭里","福德爺","電話調查","待指派","","亮均分類表單同步 | 2026-07-07 05:28:25","1","","0","0","0","","2026-08-16 22:25:53.073+00","已有台語來源狀態但缺少台語review"
"18603","ST11634","臺南市","安平區","漁光里","管頭","現場調查","待指派","","亮均分類表單同步 | 2026-07-07 05:28:25","1","","0","0","0","","2026-08-16 22:25:53.073+00","已有台語來源狀態但缺少台語review"
"18604","ST11638","臺南市","安平區","金城里","台江","電話調查","待指派","","亮均分類表單同步 | 2026-07-07 05:28:25","1","","0","0","0","","2026-08-16 22:25:53.073+00","已有台語來源狀態但缺少台語review"
"18605","ST11670","臺南市","官田區","二鎮里","二鎮","電話調查","待指派","","亮均分類表單同步 | 2026-07-07 05:28:25","1","","0","0","0","","2026-08-16 22:25:53.073+00","已有台語來源狀態但缺少台語review"
"18606","ST11671","臺南市","官田區","大崎里","夢之湖","電話調查","待指派","","亮均分類表單同步 | 2026-07-07 05:28:25","1","","0","0","0","","2026-08-16 22:25:53.074+00","已有台語來源狀態但缺少台語review"
"18607","ST11674","臺南市","官田區","湖山里","後社","電話調查","待指派","","亮均分類表單同步 | 2026-07-07 05:28:25","1","","0","0","0","","2026-08-16 22:25:53.074+00","已有台語來源狀態但缺少台語review"
"18608","ST11681","臺南市","官田區","渡頭里","新中","電話調查","待指派","","亮均分類表單同步 | 2026-07-07 05:28:25","1","","0","0","0","","2026-08-16 22:25:53.074+00","已有台語來源狀態但缺少台語review"
"18609","ST11683","臺南市","官田區","南廍里","三結義","現場調查","待指派","","亮均分類表單同步 | 2026-07-07 05:28:25","1","","0","0","0","","2026-08-16 22:25:53.074+00","已有台語來源狀態但缺少台語review"
"18610","ST11690","臺南市","官田區","渡頭里","日新","電話調查","待指派","","亮均分類表單同步 | 2026-07-07 05:28:25","1","","0","0","0","","2026-08-16 22:25:53.074+00","已有台語來源狀態但缺少台語review"
"18615","ST11831","臺南市","左鎮區","左鎮區","拔馬","現場調查","待指派","","亮均分類表單同步 | 2026-07-02 05:28:32","1","","0","0","0","","2026-08-16 22:25:53.074+00","已有台語來源狀態但缺少台語review"
"18616","ST11846","臺南市","左鎮區","二寮里","二寮","電話調查","待指派","","亮均分類表單同步 | 2026-07-02 05:28:32","1","","0","0","0","","2026-08-16 22:25:53.074+00","已有台語來源狀態但缺少台語review"
"18617","ST11852","臺南市","左鎮區","睦光里","衡山","電話調查","待指派","","亮均分類表單同步 | 2026-07-02 05:28:32","1","","0","0","0","","2026-08-16 22:25:53.074+00","已有台語來源狀態但缺少台語review"
"18618","ST11948","臺南市","後壁區","嘉田里","天厝","現場調查","待指派","","亮均分類表單同步 | 2026-07-07 14:26:21","1","","0","0","0","","2026-08-16 22:25:53.074+00","已有台語來源狀態但缺少台語review"
"18619","ST11954","臺南市","後壁區","頂長里","長短樹","現場調查","待指派","","亮均分類表單同步 | 2026-07-07 14:26:21","1","","0","0","0","","2026-08-16 22:25:53.074+00","已有台語來源狀態但缺少台語review"
"18620","ST11961","臺南市","後壁區","烏樹里","看西","電話調查","待指派","","亮均分類表單同步 | 2026-07-07 14:26:21","1","","0","0","0","","2026-08-16 22:25:53.074+00","已有台語來源狀態但缺少台語review"
"18621","ST11966","臺南市","後壁區","土溝里","土溝","電話調查","待指派","","亮均分類表單同步 | 2026-07-07 14:26:21","1","","0","0","0","","2026-08-16 22:25:53.074+00","已有台語來源狀態但缺少台語review"
"18622","ST11967","臺南市","後壁區","嘉田里","賴祖厝","電話調查","待指派","","亮均分類表單同步 | 2026-07-07 14:26:21","1","","0","0","0","","2026-08-16 22:25:53.074+00","已有台語來源狀態但缺少台語review"
"18623","ST12080","臺南市","新化區","豐榮里","下港仔","電話調查","待指派","","亮均分類表單同步 | 2026-07-02 05:28:32","1","","0","0","0","","2026-08-16 22:25:53.074+00","已有台語來源狀態但缺少台語review"
"18624","ST12081","臺南市","新化區","礁坑里","口埤","現場調查","待指派","","亮均分類表單同步 | 2026-07-02 05:28:32","1","","0","0","0","","2026-08-16 22:25:53.074+00","已有台語來源狀態但缺少台語review"
"18625","ST12086","臺南市","新化區","那拔里(拔林里)","中龍","現場調查","待指派","","亮均分類表單同步 | 2026-07-02 05:28:32","1","","0","0","0","","2026-08-16 22:25:53.074+00","已有台語來源狀態但缺少台語review"
"18626","ST12089","臺南市","新化區","豐榮里","洋子","現場調查","待指派","","亮均分類表單同步 | 2026-07-02 05:28:32","1","","0","0","0","","2026-08-16 22:25:53.074+00","已有台語來源狀態但缺少台語review"
"18627","ST12091","臺南市","新化區","豐榮里","二舍","電話調查","待指派","","亮均分類表單同步 | 2026-07-02 05:28:32","1","","0","0","0","","2026-08-16 22:25:53.074+00","已有台語來源狀態但缺少台語review"
"18628","ST12187","臺南市","新市區","潭頂里","潭頂","電話調查","待指派","","亮均分類表單同步 | 2026-07-02 05:28:32","1","","0","0","0","","2026-08-16 22:25:53.074+00","已有台語來源狀態但缺少台語review"
"18629","ST12188","臺南市","新市區","社內里","農場仔","直接標注","待指派","","亮均分類表單同步 | 2026-07-02 05:28:32","1","","0","0","0","","2026-08-16 22:25:53.074+00","已有台語來源狀態但缺少台語review"
"18630","ST12191","臺南市","新市區","豐華里","王甲","電話調查","待指派","","亮均分類表單同步 | 2026-07-02 05:28:32","1","","0","0","0","","2026-08-16 22:25:53.074+00","已有台語來源狀態但缺少台語review"
"18631","ST12197","臺南市","新市區","豐華里","道爺","電話調查","待指派","","亮均分類表單同步 | 2026-07-02 05:28:32","1","","0","0","0","","2026-08-16 22:25:53.074+00","已有台語來源狀態但缺少台語review"
"18632","ST12201","臺南市","新市區","大營里","豐榮","電話調查","待指派","","亮均分類表單同步 | 2026-07-02 05:28:32","1","","0","0","0","","2026-08-16 22:25:53.074+00","已有台語來源狀態但缺少台語review"
"18633","ST12205","臺南市","新市區","三舍里","三舍","電話調查","待指派","","亮均分類表單同步 | 2026-07-02 05:28:32","1","","0","0","0","","2026-08-16 22:25:53.074+00","已有台語來源狀態但缺少台語review"
"18634","ST12260","臺南市","新營區","嘉芳里","風路","現場調查","待指派","","亮均分類表單同步 | 2026-07-07 14:26:21","1","","0","0","0","","2026-08-16 22:25:53.074+00","已有台語來源狀態但缺少台語review"
"18635","ST12261","臺南市","新營區","鐵線里","連湖","現場調查","待指派","","亮均分類表單同步 | 2026-07-07 14:26:21","1","","0","0","0","","2026-08-16 22:25:53.074+00","已有台語來源狀態但缺少台語review"
"18636","ST12277","臺南市","新營區","姑爺里","姑爺","電話調查","待指派","","亮均分類表單同步 | 2026-07-07 14:26:21","1","","0","0","0","","2026-08-16 22:25:53.074+00","已有台語來源狀態但缺少台語review"
"18637","ST12278","臺南市","新營區","興安里","本社","電話調查","待指派","","亮均分類表單同步 | 2026-07-07 14:26:21","1","","0","0","0","","2026-08-16 22:25:53.074+00","已有台語來源狀態但缺少台語review"
"18638","ST12343","臺南市","東區","崇成里","挖土仔","現場調查","待指派","","亮均分類表單同步 | 2026-07-07 05:28:25","1","","0","0","0","","2026-08-16 22:25:53.074+00","已有台語來源狀態但缺少台語review"
"18639","ST12348","臺南市","東區","南聖里","深巷","電話調查","待指派","","亮均分類表單同步 | 2026-07-07 05:28:25","1","","0","0","0","","2026-08-16 22:25:53.074+00","已有台語來源狀態但缺少台語review"
"18640","ST12349","臺南市","東區","大同里","山仔","電話調查","待指派","","亮均分類表單同步 | 2026-07-07 05:28:25","1","","0","0","0","","2026-08-16 22:25:53.074+00","已有台語來源狀態但缺少台語review"
"18641","ST12434","臺南市","東山區","高原里","科頭","現場調查","待指派","","亮均分類表單同步 | 2026-07-07 14:26:21","1","","0","0","0","","2026-08-16 22:25:53.074+00","已有台語來源狀態但缺少台語review"
"18642","ST12445","臺南市","東山區","東河里","吉貝耍","現場調查","待指派","","亮均分類表單同步 | 2026-07-07 14:26:21","1","","0","0","0","","2026-08-16 22:25:53.074+00","已有台語來源狀態但缺少台語review"
"18643","ST12447","臺南市","東山區","科里里","科里","現場調查","待指派","","亮均分類表單同步 | 2026-07-07 14:26:21","1","","0","0","0","","2026-08-16 22:25:53.074+00","已有台語來源狀態但缺少台語review"
"18644","ST12460","臺南市","東山區","東中里","北馬","現場調查","待指派","","亮均分類表單同步 | 2026-07-07 14:26:21","1","","0","0","0","","2026-08-16 22:25:53.074+00","已有台語來源狀態但缺少台語review"
"18645","ST12469","臺南市","東山區","南勢里","西口","電話調查","待指派","","亮均分類表單同步 | 2026-07-07 14:26:21","1","","0","0","0","","2026-08-16 22:25:53.074+00","已有台語來源狀態但缺少台語review"
"18646","ST12605","臺南市","柳營區","人和里","橋南","電話調查","待指派","","亮均分類表單同步 | 2026-07-07 14:26:21","1","","0","0","0","","2026-08-16 22:25:53.074+00","已有台語來源狀態但缺少台語review"
"18647","ST12606","臺南市","柳營區","太康里","路東","電話調查","待指派","","亮均分類表單同步 | 2026-07-07 14:26:21","1","","0","0","0","","2026-08-16 22:25:53.074+00","已有台語來源狀態但缺少台語review"
"18648","ST12607","臺南市","柳營區","柳營區","小腳腿","現場調查","待指派","","亮均分類表單同步 | 2026-07-07 14:26:21","1","","0","0","0","","2026-08-16 22:25:53.074+00","已有台語來源狀態但缺少台語review"
"18649","ST12609","臺南市","柳營區","旭山里","鳥湖","電話調查","待指派","","亮均分類表單同步 | 2026-07-07 14:26:21","1","","0","0","0","","2026-08-16 22:25:53.074+00","已有台語來源狀態但缺少台語review"
"18650","ST12614","臺南市","柳營區","八翁里","外港","電話調查","待指派","","亮均分類表單同步 | 2026-07-07 14:26:21","1","","0","0","0","","2026-08-16 22:25:53.074+00","已有台語來源狀態但缺少台語review"
"18651","ST12615","臺南市","柳營區","太康里","太康","現場調查","待指派","","亮均分類表單同步 | 2026-07-07 14:26:21","1","","0","0","0","","2026-08-16 22:25:53.074+00","已有台語來源狀態但缺少台語review"
"18652","ST12618","臺南市","柳營區","旭山里","佛山","電話調查","待指派","","亮均分類表單同步 | 2026-07-07 14:26:21","1","","0","0","0","","2026-08-16 22:25:53.074+00","已有台語來源狀態但缺少台語review"
"18653","ST12620","臺南市","柳營區","神農里","神農","電話調查","待指派","","亮均分類表單同步 | 2026-07-07 14:26:21","1","","0","0","0","","2026-08-16 22:25:53.074+00","已有台語來源狀態但缺少台語review"
"18654","ST12624","臺南市","柳營區","人和里","酒精","電話調查","待指派","","亮均分類表單同步 | 2026-07-07 14:26:21","1","","0","0","0","","2026-08-16 22:25:53.074+00","已有台語來源狀態但缺少台語review"
"18655","ST12664","臺南市","楠西區","灣丘里","外市","電話調查","待指派","","亮均分類表單同步 | 2026-07-02 05:28:32","1","","0","0","0","","2026-08-16 22:25:53.074+00","已有台語來源狀態但缺少台語review"
"18656","ST12665","臺南市","楠西區","密枝里","青龍坑","電話調查","待指派","","亮均分類表單同步 | 2026-07-02 05:28:32","1","","0","0","0","","2026-08-16 22:25:53.074+00","已有台語來源狀態但缺少台語review"
"18657","ST12668","臺南市","楠西區","灣丘里","鳳興","電話調查","待指派","","亮均分類表單同步 | 2026-07-02 05:28:32","1","","0","0","0","","2026-08-16 22:25:53.074+00","已有台語來源狀態但缺少台語review"
"18658","ST12671","臺南市","楠西區","灣丘里","三埤","電話調查","待指派","","亮均分類表單同步 | 2026-07-02 05:28:32","1","","0","0","0","","2026-08-16 22:25:53.074+00","已有台語來源狀態但缺少台語review"
"18659","ST12679","臺南市","楠西區","鹿田里","下煙","電話調查","待指派","","亮均分類表單同步 | 2026-07-02 05:28:32","1","","0","0","0","","2026-08-16 22:25:53.074+00","已有台語來源狀態但缺少台語review"
"18660","ST12680","臺南市","楠西區","龜丹里","平頂","電話調查","待指派","","亮均分類表單同步 | 2026-07-02 05:28:32","1","","0","0","0","","2026-08-16 22:25:53.074+00","已有台語來源狀態但缺少台語review"
"18661","ST12683","臺南市","楠西區","龜丹里","龜丹","現場調查","待指派","","亮均分類表單同步 | 2026-07-02 05:28:32","1","","0","0","0","","2026-08-16 22:25:53.074+00","已有台語來源狀態但缺少台語review"
"18662","ST12688","臺南市","楠西區","灣丘里","梅嶺","電話調查","待指派","","亮均分類表單同步 | 2026-07-02 05:28:32","1","","0","0","0","","2026-08-16 22:25:53.074+00","已有台語來源狀態但缺少台語review"
"18663","ST12699","臺南市","楠西區","龜丹里","溫泉","電話調查","待指派","","亮均分類表單同步 | 2026-07-02 05:28:32","1","","0","0","0","","2026-08-16 22:25:53.074+00","已有台語來源狀態但缺少台語review"
"18664","ST12756","臺南市","歸仁區","南保里","南保","電話調查","待指派","","亮均分類表單同步 | 2026-07-07 05:28:25","1","","0","0","0","","2026-08-16 22:25:53.074+00","已有台語來源狀態但缺少台語review"
"18665","ST12760","臺南市","歸仁區","西埔里","後田","電話調查","待指派","","亮均分類表單同步 | 2026-07-07 05:28:25","1","","0","0","0","","2026-08-16 22:25:53.074+00","已有台語來源狀態但缺少台語review"
"18666","ST12762","臺南市","歸仁區","看西里","歸園","電話調查","待指派","","亮均分類表單同步 | 2026-07-07 05:28:25","1","","0","0","0","","2026-08-16 22:25:53.074+00","已有台語來源狀態但缺少台語review"
"18667","ST12765","臺南市","歸仁區","後市里","國公府","電話調查","待指派","","亮均分類表單同步 | 2026-07-07 05:28:25","1","","0","0","0","","2026-08-16 22:25:53.074+00","已有台語來源狀態但缺少台語review"
"18668","ST12768","臺南市","歸仁區","七甲里","七甲","電話調查","待指派","","亮均分類表單同步 | 2026-07-07 05:28:25","1","","0","0","0","","2026-08-16 22:25:53.074+00","已有台語來源狀態但缺少台語review"
"18669","ST12778","臺南市","歸仁區","南保里","藥店","電話調查","待指派","","亮均分類表單同步 | 2026-07-07 05:28:25","1","","0","0","0","","2026-08-16 22:25:53.074+00","已有台語來源狀態但缺少台語review"
"18670","ST12780","臺南市","歸仁區","大廟里","廟東","電話調查","待指派","","亮均分類表單同步 | 2026-07-07 05:28:25","1","","0","0","0","","2026-08-16 22:25:53.074+00","已有台語來源狀態但缺少台語review"
"18671","ST12876","臺南市","永康區","東灣里","溪仔","直接標注","待指派","","亮均分類表單同步 | 2026-07-07 05:28:25","1","","0","0","0","","2026-08-16 22:25:53.074+00","已有台語來源狀態但缺少台語review"
"18672","ST12878","臺南市","永康區","永康區","影劇三村","電話調查","待指派","","亮均分類表單同步 | 2026-07-07 05:28:25","1","","0","0","0","","2026-08-16 22:25:53.074+00","已有台語來源狀態但缺少台語review"
"18673","ST12881","臺南市","永康區","網寮里","鯽魚潭","現場調查","待指派","","亮均分類表單同步 | 2026-07-07 05:28:25","1","","0","0","0","","2026-08-16 22:25:53.074+00","已有台語來源狀態但缺少台語review"
"18674","ST12890","臺南市","永康區","蔦松里","蔦松","現場調查","待指派","","亮均分類表單同步 | 2026-07-07 05:28:25","1","","0","0","0","","2026-08-16 22:25:53.074+00","已有台語來源狀態但缺少台語review"
"18675","ST12891","臺南市","永康區","蔦松里","大路口","電話調查","待指派","","亮均分類表單同步 | 2026-07-07 05:28:25","1","","0","0","0","","2026-08-16 22:25:53.074+00","已有台語來源狀態但缺少台語review"
"18676","ST12896","臺南市","永康區","王行里","王田","電話調查","待指派","","亮均分類表單同步 | 2026-07-07 05:28:25","1","","0","0","0","","2026-08-16 22:25:53.074+00","已有台語來源狀態但缺少台語review"
"18677","ST12905","臺南市","永康區","東橋里","小橋","電話調查","待指派","","亮均分類表單同步 | 2026-07-07 05:28:25","1","","0","0","0","","2026-08-16 22:25:53.074+00","已有台語來源狀態但缺少台語review"
"18678","ST12906","臺南市","永康區","永康里","張角","電話調查","待指派","","亮均分類表單同步 | 2026-07-07 05:28:25","1","","0","0","0","","2026-08-16 22:25:53.074+00","已有台語來源狀態但缺少台語review"
"18679","ST12912","臺南市","永康區","王行里","車行","電話調查","待指派","","亮均分類表單同步 | 2026-07-07 05:28:25","1","","0","0","0","","2026-08-16 22:25:53.074+00","已有台語來源狀態但缺少台語review"
"18680","ST12996","臺南市","玉井區","玉井里","噍吧哖","現場調查","待指派","","亮均分類表單同步 | 2026-07-02 05:28:32","1","","0","0","0","","2026-08-16 22:25:53.074+00","已有台語來源狀態但缺少台語review"
"18681","ST12999","臺南市","玉井區","望明里","劉陳","電話調查","待指派","","亮均分類表單同步 | 2026-07-02 05:28:32","1","","0","0","0","","2026-08-16 22:25:53.074+00","已有台語來源狀態但缺少台語review"
"18683","ST13067","臺南市","白河區","竹門里","外庄","電話調查","待指派","","亮均分類表單同步 | 2026-07-07 14:26:21","1","","0","0","0","","2026-08-16 22:25:53.074+00","已有台語來源狀態但缺少台語review"
"18684","ST13077","臺南市","白河區","草店里","草店","電話調查","待指派","","亮均分類表單同步 | 2026-07-07 14:26:21","1","","0","0","0","","2026-08-16 22:25:53.074+00","已有台語來源狀態但缺少台語review"
"18685","ST13079","臺南市","白河區","廣安里","小南海","電話調查","待指派","","亮均分類表單同步 | 2026-07-07 14:26:21","1","","0","0","0","","2026-08-16 22:25:53.074+00","已有台語來源狀態但缺少台語review"
"18686","ST13083","臺南市","白河區","河東里","凹底","電話調查","待指派","","亮均分類表單同步 | 2026-07-07 14:26:21","1","","0","0","0","","2026-08-16 22:25:53.074+00","已有台語來源狀態但缺少台語review"
"18687","ST13087","臺南市","白河區","崎內里","仙洞","電話調查","待指派","","亮均分類表單同步 | 2026-07-07 14:26:21","1","","0","0","0","","2026-08-16 22:25:53.074+00","已有台語來源狀態但缺少台語review"
"18688","ST13088","臺南市","白河區","內角里","檳榔園","電話調查","待指派","","亮均分類表單同步 | 2026-07-07 14:26:21","1","","0","0","0","","2026-08-16 22:25:53.074+00","已有台語來源狀態但缺少台語review"
"18689","ST13091","臺南市","白河區","甘宅里","東門町","電話調查","待指派","","亮均分類表單同步 | 2026-07-07 14:26:21","1","","0","0","0","","2026-08-16 22:25:53.074+00","已有台語來源狀態但缺少台語review"
"18690","ST13092","臺南市","白河區","關嶺里","石崎","電話調查","待指派","","亮均分類表單同步 | 2026-07-07 14:26:21","1","","0","0","0","","2026-08-16 22:25:53.074+00","已有台語來源狀態但缺少台語review"
"18691","ST13095","臺南市","白河區","永安里","大學仔","電話調查","待指派","","亮均分類表單同步 | 2026-07-07 14:26:21","1","","0","0","0","","2026-08-16 22:25:53.074+00","已有台語來源狀態但缺少台語review"
"18692","ST13097","臺南市","白河區","關嶺里","芋園","電話調查","待指派","","亮均分類表單同步 | 2026-07-07 14:26:21","1","","0","0","0","","2026-08-16 22:25:53.074+00","已有台語來源狀態但缺少台語review"
"18693","ST13113","臺南市","白河區","崎內里","車場","電話調查","待指派","","亮均分類表單同步 | 2026-07-07 14:26:21","1","","0","0","0","","2026-08-16 22:25:53.074+00","已有台語來源狀態但缺少台語review"
"18694","ST13114","臺南市","白河區","仙草里","大崩","電話調查","待指派","","亮均分類表單同步 | 2026-07-07 14:26:21","1","","0","0","0","","2026-08-16 22:25:53.074+00","已有台語來源狀態但缺少台語review"
"18695","ST13122","臺南市","白河區","內角里","內角","電話調查","待指派","","亮均分類表單同步 | 2026-07-07 14:26:21","1","","0","0","0","","2026-08-16 22:25:53.074+00","已有台語來源狀態但缺少台語review"
"18696","ST13127","臺南市","白河區","外角里","外角","電話調查","待指派","","亮均分類表單同步 | 2026-07-07 14:26:21","1","","0","0","0","","2026-08-16 22:25:53.074+00","已有台語來源狀態但缺少台語review"
"18697","ST13129","臺南市","白河區","甘宅里","西門町","電話調查","待指派","","亮均分類表單同步 | 2026-07-07 14:26:21","1","","0","0","0","","2026-08-16 22:25:53.074+00","已有台語來源狀態但缺少台語review"
"18698","ST13282","臺南市","西港區","新復里","麻豆寮","電話調查","待指派","","亮均分類表單同步 | 2026-07-07 05:28:25","1","","0","0","0","","2026-08-16 22:25:53.074+00","已有台語來源狀態但缺少台語review"
"18699","ST13283","臺南市","西港區","慶安里","檳榔林","電話調查","待指派","","亮均分類表單同步 | 2026-07-07 05:28:25","1","","0","0","0","","2026-08-16 22:25:53.074+00","已有台語來源狀態但缺少台語review"
"18700","ST13284","臺南市","西港區","港東里","烏竹林","電話調查","待指派","","亮均分類表單同步 | 2026-07-07 05:28:25","1","","0","0","0","","2026-08-16 22:25:53.074+00","已有台語來源狀態但缺少台語review"
"18701","ST13290","臺南市","西港區","西港區","後營","電話調查","待指派","","亮均分類表單同步 | 2026-07-07 05:28:25","1","","0","0","0","","2026-08-16 22:25:53.074+00","已有台語來源狀態但缺少台語review"
"18702","ST13293","臺南市","西港區","檨林里","太西","現場調查","待指派","","亮均分類表單同步 | 2026-07-07 05:28:25","1","","0","0","0","","2026-08-16 22:25:53.074+00","已有台語來源狀態但缺少台語review"
"18703","ST13296","臺南市","西港區","慶安里","中州","電話調查","待指派","","亮均分類表單同步 | 2026-07-07 05:28:25","1","","0","0","0","","2026-08-16 22:25:53.074+00","已有台語來源狀態但缺少台語review"
"18704","ST13326","臺南市","關廟區","新光里","嗊哩","現場調查","待指派","","亮均分類表單同步 | 2026-07-02 05:28:32","1","","0","0","0","","2026-08-16 22:25:53.074+00","已有台語來源狀態但缺少台語review"
"18705","ST13331","臺南市","關廟區","關廟區","龜洞","現場調查","待指派","","亮均分類表單同步 | 2026-07-02 05:28:32","1","","0","0","0","","2026-08-16 22:25:53.074+00","已有台語來源狀態但缺少台語review"
"18706","ST13333","臺南市","關廟區","埤頭里","孤山","電話調查","待指派","","亮均分類表單同步 | 2026-07-02 05:28:32","1","","0","0","0","","2026-08-16 22:25:53.074+00","已有台語來源狀態但缺少台語review"
"18707","ST13334","臺南市","關廟區","布袋里","馬稠","電話調查","待指派","","亮均分類表單同步 | 2026-07-02 05:28:32","1","","0","0","0","","2026-08-16 22:25:53.074+00","已有台語來源狀態但缺少台語review"
"18708","ST13340","臺南市","關廟區","新光里","西州","電話調查","待指派","","亮均分類表單同步 | 2026-07-02 05:28:32","1","","0","0","0","","2026-08-16 22:25:53.074+00","已有台語來源狀態但缺少台語review"
"18709","ST13347","臺南市","關廟區","五甲里","大洲","電話調查","待指派","","亮均分類表單同步 | 2026-07-02 05:28:32","1","","0","0","0","","2026-08-16 22:25:53.074+00","已有台語來源狀態但缺少台語review"
"18710","ST13396","臺南市","鹽水區","中境里","一銀巷","電話調查","待指派","","亮均分類表單同步 | 2026-07-07 14:26:21","1","","0","0","0","","2026-08-16 22:25:53.074+00","已有台語來源狀態但缺少台語review"
"18711","ST13397","臺南市","鹽水區","河南里","坔頭港","電話調查","待指派","","亮均分類表單同步 | 2026-07-07 14:26:21","1","","0","0","0","","2026-08-16 22:25:53.074+00","已有台語來源狀態但缺少台語review"
"18712","ST13398","臺南市","鹽水區","岸內里","下大道","電話調查","待指派","","亮均分類表單同步 | 2026-07-07 14:26:21","1","","0","0","0","","2026-08-16 22:25:53.074+00","已有台語來源狀態但缺少台語review"
"18713","ST13404","臺南市","鹽水區","三生里","油站","電話調查","待指派","","亮均分類表單同步 | 2026-07-07 14:26:21","1","","0","0","0","","2026-08-16 22:25:53.074+00","已有台語來源狀態但缺少台語review"
"18714","ST13409","臺南市","鹽水區","橋南里","過橋","電話調查","待指派","","亮均分類表單同步 | 2026-07-07 14:26:21","1","","0","0","0","","2026-08-16 22:25:53.074+00","已有台語來源狀態但缺少台語review"
"18715","ST13410","臺南市","鹽水區","岸內里","岸內","電話調查","待指派","","亮均分類表單同步 | 2026-07-07 14:26:21","1","","0","0","0","","2026-08-16 22:25:53.074+00","已有台語來源狀態但缺少台語review"
"18716","ST13424","臺南市","鹽水區","飯店里","飯店","電話調查","待指派","","亮均分類表單同步 | 2026-07-07 14:26:21","1","","0","0","0","","2026-08-16 22:25:53.074+00","已有台語來源狀態但缺少台語review"
"18717","ST13503","臺南市","麻豆區","新建里","西角","電話調查","待指派","","亮均分類表單同步 | 2026-07-07 05:28:25","1","","0","0","0","","2026-08-16 22:25:53.074+00","已有台語來源狀態但缺少台語review"
"18718","ST13504","臺南市","麻豆區","安正里","州仔","直接標注","待指派","","亮均分類表單同步 | 2026-07-07 05:28:25","1","","0","0","0","","2026-08-16 22:25:53.074+00","已有台語來源狀態但缺少台語review"
"18719","ST13507","臺南市","麻豆區","巷口里","南角","電話調查","待指派","","亮均分類表單同步 | 2026-07-07 05:28:25","1","","0","0","0","","2026-08-16 22:25:53.074+00","已有台語來源狀態但缺少台語review"
"18720","ST13508","臺南市","麻豆區","東角里","東角","電話調查","待指派","","亮均分類表單同步 | 2026-07-07 05:28:25","1","","0","0","0","","2026-08-16 22:25:53.074+00","已有台語來源狀態但缺少台語review"
"18721","ST13517","臺南市","麻豆區","","麻豆社","現場調查","待指派","","亮均分類表單同步 | 2026-07-07 05:28:25","1","","0","0","0","","2026-08-16 22:25:53.074+00","已有台語來源狀態但缺少台語review"
"18722","ST13520","臺南市","麻豆區","龍泉里","土豆網","現場調查","待指派","","亮均分類表單同步 | 2026-07-07 05:28:25","1","","0","0","0","","2026-08-16 22:25:53.074+00","已有台語來源狀態但缺少台語review"
"18723","ST13521","臺南市","麻豆區","安東里","安業","電話調查","待指派","","亮均分類表單同步 | 2026-07-07 05:28:25","1","","0","0","0","","2026-08-16 22:25:53.074+00","已有台語來源狀態但缺少台語review"
"18724","ST13526","臺南市","麻豆區","安正里","後班","現場調查","待指派","","亮均分類表單同步 | 2026-07-07 05:28:25","1","","0","0","0","","2026-08-16 22:25:53.074+00","已有台語來源狀態但缺少台語review"
"18725","ST13527","臺南市","麻豆區","總榮里","總爺","電話調查","待指派","","亮均分類表單同步 | 2026-07-07 05:28:25","1","","0","0","0","","2026-08-16 22:25:53.074+00","已有台語來源狀態但缺少台語review"
"18726","ST13644","臺南市","龍崎區","楠坑里","內溝","電話調查","待指派","","亮均分類表單同步 | 2026-07-02 05:28:32","1","","0","0","0","","2026-08-16 22:25:53.074+00","已有台語來源狀態但缺少台語review"
"18727","ST13671","臺南市","龍崎區","崎頂里","嶺南","電話調查","待指派","","亮均分類表單同步 | 2026-07-02 05:28:32","1","","0","0","0","","2026-08-16 22:25:53.074+00","已有台語來源狀態但缺少台語review"
"18728","ST13676","臺南市","龍崎區","土崎里","紅水","電話調查","待指派","","亮均分類表單同步 | 2026-07-02 05:28:32","1","","0","0","0","","2026-08-16 22:25:53.074+00","已有台語來源狀態但缺少台語review"
"18729","ST13679","臺南市","龍崎區","土崎里","尖峰","電話調查","待指派","","亮均分類表單同步 | 2026-07-02 05:28:32","1","","0","0","0","","2026-08-16 22:25:53.074+00","已有台語來源狀態但缺少台語review"
"18730","ST13780","彰化縣","二林鎮","華崙里","挖子","電話調查","待指派","","亮均分類表單同步 | 2026-06-23 11:33:39","1","","0","0","0","","2026-08-16 22:25:53.074+00","已有台語來源狀態但缺少台語review"
"18731","ST13783","彰化縣","二林鎮","華崙里","代馬","現場調查","待指派","","亮均分類表單同步 | 2026-06-23 11:33:39","1","","0","0","0","","2026-08-16 22:25:53.074+00","已有台語來源狀態但缺少台語review"
"18732","ST13787","彰化縣","二林鎮","趙甲里","三番","電話調查","待指派","","亮均分類表單同步 | 2026-06-23 11:33:39","1","","0","0","0","","2026-08-16 22:25:53.074+00","已有台語來源狀態但缺少台語review"
"18733","ST13789","彰化縣","二林鎮","豐田里","中央新村","直接標注","待指派","","亮均分類表單同步 | 2026-06-23 11:33:39","1","","0","0","0","","2026-08-16 22:25:53.074+00","已有台語來源狀態但缺少台語review"
"18734","ST13790","彰化縣","二林鎮","永興里","竹寮","電話調查","待指派","","亮均分類表單同步 | 2026-06-23 11:33:39","1","","0","0","0","","2026-08-16 22:25:53.074+00","已有台語來源狀態但缺少台語review"
"18735","ST13792","彰化縣","二林鎮","萬合里","萬合","現場調查","待指派","","亮均分類表單同步 | 2026-06-23 11:33:39","1","","0","0","0","","2026-08-16 22:25:53.074+00","已有台語來源狀態但缺少台語review"
"18736","ST13793","彰化縣","二林鎮","西庄里","移民村","電話調查","待指派","","亮均分類表單同步 | 2026-06-23 11:33:39","1","","0","0","0","","2026-08-16 22:25:53.074+00","已有台語來源狀態但缺少台語review"
"18737","ST13797","彰化縣","二林鎮","趙甲里","一番","電話調查","待指派","","亮均分類表單同步 | 2026-06-23 11:33:39","1","","0","0","0","","2026-08-16 22:25:53.074+00","已有台語來源狀態但缺少台語review"
"18738","ST13798","彰化縣","二林鎮","香田里","香田","現場調查","待指派","","亮均分類表單同步 | 2026-06-23 11:33:39","1","","0","0","0","","2026-08-16 22:25:53.074+00","已有台語來源狀態但缺少台語review"
"18739","ST13805","彰化縣","二林鎮","中西里","中西","電話調查","待指派","","亮均分類表單同步 | 2026-06-23 11:33:39","1","","0","0","0","","2026-08-16 22:25:53.074+00","已有台語來源狀態但缺少台語review"
"18740","ST13854","彰化縣","二水鄉","過圳村","過圳","電話調查","待指派","","亮均分類表單同步 | 2026-06-23 11:33:39","1","","0","0","0","","2026-08-16 22:25:53.074+00","已有台語來源狀態但缺少台語review"
"18741","ST13864","彰化縣","二水鄉","惠民村","下尾","電話調查","待指派","","亮均分類表單同步 | 2026-06-23 11:33:39","1","","0","0","0","","2026-08-16 22:25:53.074+00","已有台語來源狀態但缺少台語review"
"18742","ST13915","彰化縣","伸港鄉","大同村","六塊寮","電話調查","待指派","","亮均分類表單同步 | 2026-06-23 11:33:39","1","","0","0","0","","2026-08-16 22:25:53.074+00","已有台語來源狀態但缺少台語review"
"18743","ST13916","彰化縣","伸港鄉","新港村","后湖","電話調查","待指派","","亮均分類表單同步 | 2026-06-23 11:33:39","1","","0","0","0","","2026-08-16 22:25:53.074+00","已有台語來源狀態但缺少台語review"
"18744","ST13921","彰化縣","伸港鄉","定興村","保安林","電話調查","待指派","","亮均分類表單同步 | 2026-06-23 11:33:39","1","","0","0","0","","2026-08-16 22:25:53.074+00","已有台語來源狀態但缺少台語review"
"18745","ST13954","彰化縣","北斗鎮","中和里","大三角","電話調查","待指派","","亮均分類表單同步 | 2026-06-23 11:33:39","1","","0","0","0","","2026-08-16 22:25:53.074+00","已有台語來源狀態但缺少台語review"
"18746","ST13957","彰化縣","北斗鎮","中寮里","三號","電話調查","待指派","","亮均分類表單同步 | 2026-06-23 11:33:39","1","","0","0","0","","2026-08-16 22:25:53.074+00","已有台語來源狀態但缺少台語review"
"18747","ST13958","彰化縣","北斗鎮","中寮里","四號","電話調查","待指派","","亮均分類表單同步 | 2026-06-23 11:33:39","1","","0","0","0","","2026-08-16 22:25:53.074+00","已有台語來源狀態但缺少台語review"
"18748","ST14006","彰化縣","和美鎮","和美鎮","頂山寮","電話調查","待指派","","亮均分類表單同步 | 2026-06-23 11:33:39","1","","0","0","0","","2026-08-16 22:25:53.074+00","已有台語來源狀態但缺少台語review"
"18749","ST14015","彰化縣","和美鎮","四張里","四張犁","電話調查","待指派","","亮均分類表單同步 | 2026-06-23 11:33:39","1","","0","0","0","","2026-08-16 22:25:53.074+00","已有台語來源狀態但缺少台語review"
"18750","ST14016","彰化縣","和美鎮","塗厝里","甲三","電話調查","待指派","","亮均分類表單同步 | 2026-06-23 11:33:39","1","","0","0","0","","2026-08-16 22:25:53.074+00","已有台語來源狀態但缺少台語review"
"18751","ST14017","彰化縣","和美鎮","湖內里","湖子內","直接標注","待指派","","亮均分類表單同步 | 2026-06-23 11:33:39","1","","0","0","0","","2026-08-16 22:25:53.074+00","已有台語來源狀態但缺少台語review"
"18752","ST14078","彰化縣","員林市","振興里","挖仔","現場調查","待指派","","亮均分類表單同步 | 2026-06-23 11:33:39","1","","0","0","0","","2026-08-16 22:25:53.074+00","已有台語來源狀態但缺少台語review"
"18753","ST14079","彰化縣","員林市","員林市","火燒庄","現場調查","待指派","","亮均分類表單同步 | 2026-06-23 11:33:39","1","","0","0","0","","2026-08-16 22:25:53.074+00","已有台語來源狀態但缺少台語review"
"18754","ST14080","彰化縣","員林市","溝皂里","溝皂","現場調查","待指派","","亮均分類表單同步 | 2026-06-23 11:33:39","1","","0","0","0","","2026-08-16 22:25:53.074+00","已有台語來源狀態但缺少台語review"
"18755","ST14081","彰化縣","員林市","浮圳里","浮圳","電話調查","待指派","","亮均分類表單同步 | 2026-06-23 11:33:39","1","","0","0","0","","2026-08-16 22:25:53.074+00","已有台語來源狀態但缺少台語review"
"18756","ST14083","彰化縣","員林市","惠來里","惠來厝","電話調查","待指派","","亮均分類表單同步 | 2026-06-23 11:33:39","1","","0","0","0","","2026-08-16 22:25:53.074+00","已有台語來源狀態但缺少台語review"
"18757","ST14084","彰化縣","員林市","東北里","北中山","現場調查","待指派","","亮均分類表單同步 | 2026-06-23 11:33:39","1","","0","0","0","","2026-08-16 22:25:53.074+00","已有台語來源狀態但缺少台語review"
"18758","ST14098","彰化縣","員林市","萬年里","萬年","現場調查","待指派","","亮均分類表單同步 | 2026-06-23 11:33:39","1","","0","0","0","","2026-08-16 22:25:53.074+00","已有台語來源狀態但缺少台語review"
"18759","ST14101","彰化縣","員林市","大埔里","門樓","電話調查","待指派","","亮均分類表單同步 | 2026-06-23 11:33:39","1","","0","0","0","","2026-08-16 22:25:53.074+00","已有台語來源狀態但缺少台語review"
"18760","ST14105","彰化縣","員林市","出水里","出水","電話調查","待指派","","亮均分類表單同步 | 2026-06-23 11:33:39","1","","0","0","0","","2026-08-16 22:25:53.074+00","已有台語來源狀態但缺少台語review"
"18761","ST14107","彰化縣","員林市","員林市","東山","電話調查","待指派","","亮均分類表單同步 | 2026-06-23 11:33:39","1","","0","0","0","","2026-08-16 22:25:53.074+00","已有台語來源狀態但缺少台語review"
"18762","ST14219","彰化縣","埔心鄉","瓦南村","三角店","電話調查","待指派","","亮均分類表單同步 | 2026-06-23 11:33:39","1","","0","0","0","","2026-08-16 22:25:53.074+00","已有台語來源狀態但缺少台語review"
"18763","ST14229","彰化縣","埔心鄉","二重村","菇寮","電話調查","待指派","","亮均分類表單同步 | 2026-06-23 11:33:39","1","","0","0","0","","2026-08-16 22:25:53.074+00","已有台語來源狀態但缺少台語review"
"18764","ST14238","彰化縣","埔心鄉","經口村","吃菜","電話調查","待指派","","亮均分類表單同步 | 2026-06-23 11:33:39","1","","0","0","0","","2026-08-16 22:25:53.074+00","已有台語來源狀態但缺少台語review"
"18765","ST14305","彰化縣","埔鹽鄉","廍子村","廍子","直接標注","待指派","","亮均分類表單同步 | 2026-06-23 11:33:39","1","","0","0","0","","2026-08-16 22:25:53.074+00","已有台語來源狀態但缺少台語review"
"18767","ST14362","彰化縣","埤頭鄉","永豐村","十三甲","電話調查","待指派","","亮均分類表單同步 | 2026-06-23 11:33:39","1","","0","0","0","","2026-08-16 22:25:53.074+00","已有台語來源狀態但缺少台語review"
"18768","ST14374","彰化縣","埤頭鄉","和豐村","六號","電話調查","待指派","","亮均分類表單同步 | 2026-06-23 11:33:39","1","","0","0","0","","2026-08-16 22:25:53.074+00","已有台語來源狀態但缺少台語review"
"18769","ST14375","彰化縣","埤頭鄉","和豐村","五號","電話調查","待指派","","亮均分類表單同步 | 2026-06-23 11:33:39","1","","0","0","0","","2026-08-16 22:25:53.074+00","已有台語來源狀態但缺少台語review"
"18770","ST14376","彰化縣","埤頭鄉","和豐村","七號","電話調查","待指派","","亮均分類表單同步 | 2026-06-23 11:33:39","1","","0","0","0","","2026-08-16 22:25:53.074+00","已有台語來源狀態但缺少台語review"
"18771","ST14400","彰化縣","大城鄉","上山村","外西","電話調查","待指派","","亮均分類表單同步 | 2026-06-23 11:33:39","1","","0","0","0","","2026-08-16 22:25:53.074+00","已有台語來源狀態但缺少台語review"
"18772","ST14405","彰化縣","大城鄉","三豐村","罟寮","電話調查","待指派","","亮均分類表單同步 | 2026-06-23 11:33:39","1","","0","0","0","","2026-08-16 22:25:53.074+00","已有台語來源狀態但缺少台語review"
"18773","ST14406","彰化縣","大城鄉","臺西村","街仔","直接標注","待指派","","亮均分類表單同步 | 2026-06-23 11:33:39","1","","0","0","0","","2026-08-16 22:25:53.074+00","已有台語來源狀態但缺少台語review"
"18774","ST14416","彰化縣","大城鄉","大城鄉","西港","電話調查","待指派","","亮均分類表單同步 | 2026-06-23 11:33:39","1","","0","0","0","","2026-08-16 22:25:53.074+00","已有台語來源狀態但缺少台語review"
"18789","ST14607","彰化縣","永靖鄉","永靖鄉","中宅","電話調查","待指派","","亮均分類表單同步 | 2026-06-23 11:33:39","1","","0","0","0","","2026-08-16 22:25:53.074+00","已有台語來源狀態但缺少台語review"
"18790","ST14611","彰化縣","永靖鄉","永北村","好鄰居","電話調查","待指派","","亮均分類表單同步 | 2026-06-23 11:33:39","1","","0","0","0","","2026-08-16 22:25:53.074+00","已有台語來源狀態但缺少台語review"
"18791","ST14612","彰化縣","永靖鄉","永興村","甲八","電話調查","待指派","","亮均分類表單同步 | 2026-06-23 11:33:39","1","","0","0","0","","2026-08-16 22:25:53.074+00","已有台語來源狀態但缺少台語review"
"18792","ST14614","彰化縣","永靖鄉","福興村","內湖巷","電話調查","待指派","","亮均分類表單同步 | 2026-06-23 11:33:39","1","","0","0","0","","2026-08-16 22:25:53.074+00","已有台語來源狀態但缺少台語review"
"18793","ST14615","彰化縣","永靖鄉","光雲村","戲館","電話調查","待指派","","亮均分類表單同步 | 2026-06-23 11:33:39","1","","0","0","0","","2026-08-16 22:25:53.074+00","已有台語來源狀態但缺少台語review"
"18794","ST14637","彰化縣","永靖鄉","永西村","宿舍","電話調查","待指派","","亮均分類表單同步 | 2026-06-23 11:33:39","1","","0","0","0","","2026-08-16 22:25:53.074+00","已有台語來源狀態但缺少台語review"
"18795","ST14726","彰化縣","溪州鄉","圳寮村","下樹","現場調查","待指派","","亮均分類表單同步 | 2026-06-23 11:33:39","1","","0","0","0","","2026-08-16 22:25:53.074+00","已有台語來源狀態但缺少台語review"
"18796","ST14735","彰化縣","溪州鄉","東州村","東州","電話調查","待指派","","亮均分類表單同步 | 2026-06-23 11:33:39","1","","0","0","0","","2026-08-16 22:25:53.075+00","已有台語來源狀態但缺少台語review"
"18797","ST14736","彰化縣","溪州鄉","西畔村","石塔","電話調查","待指派","","亮均分類表單同步 | 2026-06-23 11:33:39","1","","0","0","0","","2026-08-16 22:25:53.075+00","已有台語來源狀態但缺少台語review"
"18798","ST14739","彰化縣","溪州鄉","西畔村","土角厝","電話調查","待指派","","亮均分類表單同步 | 2026-06-23 11:33:39","1","","0","0","0","","2026-08-16 22:25:53.075+00","已有台語來源狀態但缺少台語review"
"18799","ST14742","彰化縣","溪州鄉","榮光村","榮光","電話調查","待指派","","亮均分類表單同步 | 2026-06-23 11:33:39","1","","0","0","0","","2026-08-16 22:25:53.075+00","已有台語來源狀態但缺少台語review"
"18800","ST14743","彰化縣","溪州鄉","榮光村","大同","電話調查","待指派","","亮均分類表單同步 | 2026-06-23 11:33:39","1","","0","0","0","","2026-08-16 22:25:53.075+00","已有台語來源狀態但缺少台語review"
"18801","ST14778","彰化縣","溪湖鎮","東溪里","後溪","電話調查","待指派","","亮均分類表單同步 | 2026-06-23 11:33:39","1","","0","0","0","","2026-08-16 22:25:53.075+00","已有台語來源狀態但缺少台語review"
"18802","ST14827","彰化縣","田中鎮","龍潭里","良吉","現場調查","待指派","","亮均分類表單同步 | 2026-06-23 11:33:39","1","","0","0","0","","2026-08-16 22:25:53.075+00","已有台語來源狀態但缺少台語review"
"18803","ST14828","彰化縣","田中鎮","三安里","同安寮","電話調查","待指派","","亮均分類表單同步 | 2026-06-23 11:33:39","1","","0","0","0","","2026-08-16 22:25:53.075+00","已有台語來源狀態但缺少台語review"
"18804","ST14830","彰化縣","田中鎮","中潭里","中潭","現場調查","待指派","","亮均分類表單同步 | 2026-06-23 11:33:39","1","","0","0","0","","2026-08-16 22:25:53.075+00","已有台語來源狀態但缺少台語review"
"18805","ST14833","彰化縣","田中鎮","梅州里","八分","電話調查","待指派","","亮均分類表單同步 | 2026-06-23 11:33:39","1","","0","0","0","","2026-08-16 22:25:53.075+00","已有台語來源狀態但缺少台語review"
"18806","ST14841","彰化縣","田中鎮","龍潭里","龍潭","現場調查","待指派","","亮均分類表單同步 | 2026-06-23 11:33:39","1","","0","0","0","","2026-08-16 22:25:53.075+00","已有台語來源狀態但缺少台語review"
"18807","ST14842","彰化縣","田中鎮","新庄里","小新","電話調查","待指派","","亮均分類表單同步 | 2026-06-23 11:33:39","1","","0","0","0","","2026-08-16 22:25:53.075+00","已有台語來源狀態但缺少台語review"
"18808","ST14885","彰化縣","田尾鄉","田尾村","澎湖島","現場調查","待指派","","亮均分類表單同步 | 2026-06-23 11:33:39","1","","0","0","0","","2026-08-16 22:25:53.075+00","已有台語來源狀態但缺少台語review"
"18809","ST14895","彰化縣","田尾鄉","饒平村","外蒙古","現場調查","待指派","","亮均分類表單同步 | 2026-06-23 11:33:39","1","","0","0","0","","2026-08-16 22:25:53.075+00","已有台語來源狀態但缺少台語review"
"18810","ST14897","彰化縣","田尾鄉","南鎮村","巷子口","電話調查","待指派","","亮均分類表單同步 | 2026-06-23 11:33:39","1","","0","0","0","","2026-08-16 22:25:53.075+00","已有台語來源狀態但缺少台語review"
"18811","ST14898","彰化縣","田尾鄉","北曾村","沙子","電話調查","待指派","","亮均分類表單同步 | 2026-06-23 11:33:39","1","","0","0","0","","2026-08-16 22:25:53.075+00","已有台語來源狀態但缺少台語review"
"18812","ST14900","彰化縣","田尾鄉","北鎮村","土地公","電話調查","待指派","","亮均分類表單同步 | 2026-06-23 11:33:39","1","","0","0","0","","2026-08-16 22:25:53.075+00","已有台語來源狀態但缺少台語review"
"18813","ST14946","彰化縣","社頭鄉","廣興村","大樹公","電話調查","待指派","","亮均分類表單同步 | 2026-06-23 11:33:39","1","","0","0","0","","2026-08-16 22:25:53.075+00","已有台語來源狀態但缺少台語review"
"18814","ST14950","彰化縣","社頭鄉","社頭鄉","崙雅","現場調查","待指派","","亮均分類表單同步 | 2026-06-23 11:33:39","1","","0","0","0","","2026-08-16 22:25:53.075+00","已有台語來源狀態但缺少台語review"
"18815","ST15004","彰化縣","福興鄉","外中村","外中","電話調查","待指派","","亮均分類表單同步 | 2026-06-23 11:33:39","1","","0","0","0","","2026-08-16 22:25:53.075+00","已有台語來源狀態但缺少台語review"
"18822","ST15110","彰化縣","竹塘鄉","民靖村","牛稠子","電話調查","待指派","","亮均分類表單同步 | 2026-06-23 11:33:39","1","","0","0","0","","2026-08-16 22:25:53.075+00","已有台語來源狀態但缺少台語review"
"18823","ST15111","彰化縣","竹塘鄉","五庄村","本庄","現場調查","待指派","","亮均分類表單同步 | 2026-06-23 11:33:39","1","","0","0","0","","2026-08-16 22:25:53.075+00","已有台語來源狀態但缺少台語review"
"18824","ST15148","彰化縣","線西鄉","寓埔村","線西","電話調查","待指派","","亮均分類表單同步 | 2026-06-23 11:33:39","1","","0","0","0","","2026-08-16 22:25:53.075+00","已有台語來源狀態但缺少台語review"
"18842","ST15361","彰化縣","芳苑鄉","芳苑鄉","路上","現場調查","待指派","","亮均分類表單同步 | 2026-06-23 11:33:39","1","","0","0","0","","2026-08-16 22:25:53.075+00","已有台語來源狀態但缺少台語review"
"18843","ST15364","彰化縣","芳苑鄉","文津村","南原","現場調查","待指派","","亮均分類表單同步 | 2026-06-23 11:33:39","1","","0","0","0","","2026-08-16 22:25:53.075+00","已有台語來源狀態但缺少台語review"
"18844","ST15369","彰化縣","芳苑鄉","漢寶村","海尾","電話調查","待指派","","亮均分類表單同步 | 2026-06-23 11:33:39","1","","0","0","0","","2026-08-16 22:25:53.075+00","已有台語來源狀態但缺少台語review"
"18845","ST15373","彰化縣","芳苑鄉","芳苑鄉","王功","現場調查","待指派","","亮均分類表單同步 | 2026-06-23 11:33:39","1","","0","0","0","","2026-08-16 22:25:53.075+00","已有台語來源狀態但缺少台語review"
"18846","ST15374","彰化縣","芳苑鄉","漢寶村","漢寶","現場調查","待指派","","亮均分類表單同步 | 2026-06-23 11:33:39","1","","0","0","0","","2026-08-16 22:25:53.075+00","已有台語來源狀態但缺少台語review"
"18847","ST15375","彰化縣","芳苑鄉","文津村","東口","現場調查","待指派","","亮均分類表單同步 | 2026-06-23 11:33:39","1","","0","0","0","","2026-08-16 22:25:53.075+00","已有台語來源狀態但缺少台語review"
"18848","ST15376","彰化縣","芳苑鄉","芳苑鄉","芳苑","電話調查","待指派","","亮均分類表單同步 | 2026-06-23 11:33:39","1","","0","0","0","","2026-08-16 22:25:53.075+00","已有台語來源狀態但缺少台語review"
"18849","ST15401","彰化縣","鹿港鎮","廖厝里","旗官","電話調查","待指派","","亮均分類表單同步 | 2026-06-23 11:33:39","1","","0","0","0","","2026-08-16 22:25:53.075+00","已有台語來源狀態但缺少台語review"
"18850","ST15402","彰化縣","鹿港鎮","海埔里","兔仔寮","電話調查","待指派","","亮均分類表單同步 | 2026-06-23 11:33:39","1","","0","0","0","","2026-08-16 22:25:53.075+00","已有台語來源狀態但缺少台語review"
"18851","ST15408","彰化縣","鹿港鎮","海埔里","海墘厝","電話調查","待指派","","亮均分類表單同步 | 2026-06-23 11:33:39","1","","0","0","0","","2026-08-16 22:25:53.075+00","已有台語來源狀態但缺少台語review"
"18852","ST15409","彰化縣","鹿港鎮","東崎里","打鐵厝","電話調查","待指派","","亮均分類表單同步 | 2026-06-23 11:33:39","1","","0","0","0","","2026-08-16 22:25:53.075+00","已有台語來源狀態但缺少台語review"
"18853","ST15410","彰化縣","鹿港鎮","新宮里","日茂行","電話調查","待指派","","亮均分類表單同步 | 2026-06-23 11:33:39","1","","0","0","0","","2026-08-16 22:25:53.075+00","已有台語來源狀態但缺少台語review"
"18854","ST15419","彰化縣","鹿港鎮","頂番里","頂番婆","電話調查","待指派","","亮均分類表單同步 | 2026-06-23 11:33:39","1","","0","0","0","","2026-08-16 22:25:53.075+00","已有台語來源狀態但缺少台語review"
"18855","ST15423","彰化縣","鹿港鎮","海埔里","南橋","電話調查","待指派","","亮均分類表單同步 | 2026-06-23 11:33:39","1","","0","0","0","","2026-08-16 22:25:53.075+00","已有台語來源狀態但缺少台語review"
"18856","ST15429","彰化縣","鹿港鎮","洛津里","王宮","電話調查","待指派","","亮均分類表單同步 | 2026-06-23 11:33:39","1","","0","0","0","","2026-08-16 22:25:53.075+00","已有台語來源狀態但缺少台語review"
"18857","ST15432","彰化縣","鹿港鎮","景福里","牛頭","電話調查","待指派","","亮均分類表單同步 | 2026-06-23 11:33:39","1","","0","0","0","","2026-08-16 22:25:53.075+00","已有台語來源狀態但缺少台語review"
"18858","ST15506","屏東縣","三地門鄉","賽嘉村","賽嘉","原住民族","待指派","","亮均分類表單同步 | 2026-06-23 11:33:39","1","","0","0","0","","2026-08-16 22:25:53.075+00","已有台語來源狀態但缺少台語review"
"18859","ST15507","屏東縣","三地門鄉","三地村","三地門","原住民族","待指派","","亮均分類表單同步 | 2026-06-23 11:33:39","1","","0","0","0","","2026-08-16 22:25:53.075+00","已有台語來源狀態但缺少台語review"
"18860","ST15508","屏東縣","三地門鄉","青葉村","青葉","原住民族","待指派","","亮均分類表單同步 | 2026-06-23 11:33:39","1","","0","0","0","","2026-08-16 22:25:53.075+00","已有台語來源狀態但缺少台語review"
"18861","ST15509","屏東縣","三地門鄉","馬兒村","馬兒","原住民族","待指派","","亮均分類表單同步 | 2026-06-23 11:33:39","1","","0","0","0","","2026-08-16 22:25:53.075+00","已有台語來源狀態但缺少台語review"
"18862","ST15510","屏東縣","三地門鄉","德文村","德文","原住民族","待指派","","亮均分類表單同步 | 2026-06-23 11:33:39","1","","0","0","0","","2026-08-16 22:25:53.075+00","已有台語來源狀態但缺少台語review"
"18863","ST15511","屏東縣","三地門鄉","青山村","青山","原住民族","待指派","","亮均分類表單同步 | 2026-06-23 11:33:39","1","","0","0","0","","2026-08-16 22:25:53.075+00","已有台語來源狀態但缺少台語review"
"18872","ST15554","屏東縣","佳冬鄉","玉光村","玉光","直接標注","待指派","","亮均分類表單同步 | 2026-05-05 16:42:01","1","","0","0","0","","2026-08-16 22:25:53.075+00","已有台語來源狀態但缺少台語review"
"18873","ST15555","屏東縣","佳冬鄉","塭豐村","洲仔","直接標注","待指派","","亮均分類表單同步 | 2026-06-23 11:33:39","1","","0","0","0","","2026-08-16 22:25:53.075+00","已有台語來源狀態但缺少台語review"
"18877","ST15582","屏東縣","來義鄉","義林村","義林","原住民族","待指派","","亮均分類表單同步 | 2026-06-23 11:33:39","1","","0","0","0","","2026-08-16 22:25:53.075+00","已有台語來源狀態但缺少台語review"
"18878","ST15583","屏東縣","來義鄉","望嘉村","望嘉","原住民族","待指派","","亮均分類表單同步 | 2026-06-23 11:33:39","1","","0","0","0","","2026-08-16 22:25:53.075+00","已有台語來源狀態但缺少台語review"
"18879","ST15584","屏東縣","來義鄉","古樓村","古樓","原住民族","待指派","","亮均分類表單同步 | 2026-06-23 11:33:39","1","","0","0","0","","2026-08-16 22:25:53.075+00","已有台語來源狀態但缺少台語review"
"18880","ST15585","屏東縣","來義鄉","來義村","內社","原住民族","待指派","","亮均分類表單同步 | 2026-05-04 09:49:21","1","","0","0","0","","2026-08-16 22:25:53.075+00","已有台語來源狀態但缺少台語review"
"18881","ST15586","屏東縣","來義鄉","文樂村","文樂","原住民族","待指派","","亮均分類表單同步 | 2026-06-23 11:33:39","1","","0","0","0","","2026-08-16 22:25:53.075+00","已有台語來源狀態但缺少台語review"
"18882","ST15587","屏東縣","來義鄉","南和村","南和","原住民族","待指派","","亮均分類表單同步 | 2026-06-23 11:33:39","1","","0","0","0","","2026-08-16 22:25:53.075+00","已有台語來源狀態但缺少台語review"
"18883","ST15588","屏東縣","來義鄉","來義村","來義","原住民族","待指派","","亮均分類表單同步 | 2026-06-23 11:33:39","1","","0","0","0","","2026-08-16 22:25:53.075+00","已有台語來源狀態但缺少台語review"
"18884","ST15589","屏東縣","來義鄉","義林村","大後","原住民族","待指派","","亮均分類表單同步 | 2026-06-23 11:33:39","1","","0","0","0","","2026-08-16 22:25:53.075+00","已有台語來源狀態但缺少台語review"
"18885","ST15603","屏東縣","內埔鄉","水門村","北葉","原住民族","待指派","","亮均分類表單同步 | 2026-06-23 11:33:39","1","","0","0","0","","2026-08-16 22:25:53.075+00","已有台語來源狀態但缺少台語review"
"18895","ST15636","屏東縣","南州鄉","壽元村","巷仔內","直接標注","待指派","","亮均分類表單同步 | 2026-06-23 11:33:39","1","","0","0","0","","2026-08-16 22:25:53.075+00","已有台語來源狀態但缺少台語review"
"18899","ST15654","屏東縣","屏東市","勝利里","勝利新村","直接標注","待指派","","亮均分類表單同步 | 2026-06-23 11:33:39","1","","0","0","0","","2026-08-16 22:25:53.075+00","已有台語來源狀態但缺少台語review"
"18900","ST15655","屏東縣","屏東市","屏東市","街頭仔","直接標注","待指派","","亮均分類表單同步 | 2026-06-23 11:33:39","1","","0","0","0","","2026-08-16 22:25:53.075+00","已有台語來源狀態但缺少台語review"
"18946","ST15976","屏東縣","春日鄉","古華村","古華","原住民族","待指派","","亮均分類表單同步 | 2026-06-23 11:33:39","1","","0","0","0","","2026-08-16 22:25:53.075+00","已有台語來源狀態但缺少台語review"
"18950","ST15991","屏東縣","東港鎮","鎮海里","崙仔頂","直接標注","待指派","","亮均分類表單同步 | 2026-06-23 11:33:39","1","","0","0","0","","2026-08-16 22:25:53.075+00","已有台語來源狀態但缺少台語review"
"18951","ST15992","屏東縣","東港鎮","鎮海里","巷仔口","直接標注","待指派","","亮均分類表單同步 | 2026-06-23 11:33:39","1","","0","0","0","","2026-08-16 22:25:53.075+00","已有台語來源狀態但缺少台語review"
"18955","ST15996","屏東縣","東港鎮","興東里","新竹仔","直接標注","待指派","","亮均分類表單同步 | 2026-06-23 11:33:39","1","","0","0","0","","2026-08-16 22:25:53.075+00","已有台語來源狀態但缺少台語review"
"18958","ST16001","屏東縣","東港鎮","頂新里","蚵仔寮","直接標注","待指派","","亮均分類表單同步 | 2026-06-23 11:33:39","1","","0","0","0","","2026-08-16 22:25:53.075+00","已有台語來源狀態但缺少台語review"
"18960","ST16005","屏東縣","東港鎮","豐漁里","神社","直接標注","待指派","","亮均分類表單同步 | 2026-05-12 09:13:54","1","","0","0","0","","2026-08-16 22:25:53.075+00","已有台語來源狀態但缺少台語review"
"18968","ST16086","屏東縣","林邊鄉","竹林村","竹仔腳","直接標注","待指派","","亮均分類表單同步 | 2026-05-12 09:13:54","1","","0","0","0","","2026-08-16 22:25:53.075+00","已有台語來源狀態但缺少台語review"
"18975","ST16095","屏東縣","林邊鄉","竹林村","凹仔底","直接標注","待指派","","亮均分類表單同步 | 2026-06-23 11:33:39","1","","0","0","0","","2026-08-16 22:25:53.075+00","已有台語來源狀態但缺少台語review"
"18977","ST16125","屏東縣","泰武鄉","佳平村","瑪仕","原住民族","待指派","","亮均分類表單同步 | 2026-06-23 11:33:39","1","","0","0","0","","2026-08-16 22:25:53.075+00","已有台語來源狀態但缺少台語review"
"18978","ST16126","屏東縣","泰武鄉","佳平村","佳平","原住民族","待指派","","亮均分類表單同步 | 2026-06-23 11:33:39","1","","0","0","0","","2026-08-16 22:25:53.075+00","已有台語來源狀態但缺少台語review"
"18979","ST16127","屏東縣","泰武鄉","泰武村","泰武","原住民族","待指派","","亮均分類表單同步 | 2026-06-23 11:33:39","1","","0","0","0","","2026-08-16 22:25:53.075+00","已有台語來源狀態但缺少台語review"
"18980","ST16128","屏東縣","泰武鄉","佳興村","佳興","原住民族","待指派","","亮均分類表單同步 | 2026-06-23 11:33:39","1","","0","0","0","","2026-08-16 22:25:53.075+00","已有台語來源狀態但缺少台語review"
"18981","ST16130","屏東縣","泰武鄉","萬安村","安平","原住民族","待指派","","亮均分類表單同步 | 2026-06-23 11:33:39","1","","0","0","0","","2026-08-16 22:25:53.075+00","已有台語來源狀態但缺少台語review"
"18982","ST16131","屏東縣","泰武鄉","萬安村","萬安","原住民族","待指派","","亮均分類表單同步 | 2026-06-23 11:33:39","1","","0","0","0","","2026-08-16 22:25:53.075+00","已有台語來源狀態但缺少台語review"
"18983","ST16140","屏東縣","滿州鄉","長樂村","八瑤","原住民族","待指派","","亮均分類表單同步 | 2026-06-23 11:33:39","1","","0","0","0","","2026-08-16 22:25:53.075+00","已有台語來源狀態但缺少台語review"
"18984","ST16141","屏東縣","滿州鄉","九棚村","八瑤灣","原住民族","待指派","","亮均分類表單同步 | 2026-05-12 09:13:54","1","","0","0","0","","2026-08-16 22:25:53.075+00","已有台語來源狀態但缺少台語review"
"18985","ST16142","屏東縣","滿州鄉","九棚村","九棚","原住民族","待指派","","亮均分類表單同步 | 2026-06-23 11:33:39","1","","0","0","0","","2026-08-16 22:25:53.075+00","已有台語來源狀態但缺少台語review"
"18986","ST16143","屏東縣","滿州鄉","九棚村","灣島","原住民族","待指派","","亮均分類表單同步 | 2026-06-23 11:33:39","1","","0","0","0","","2026-08-16 22:25:53.075+00","已有台語來源狀態但缺少台語review"
"18987","ST16144","屏東縣","滿州鄉","港口村","茶山","原住民族","待指派","","亮均分類表單同步 | 2026-06-23 11:33:39","1","","0","0","0","","2026-08-16 22:25:53.075+00","已有台語來源狀態但缺少台語review"
"18988","ST16145","屏東縣","滿州鄉","長樂村","長樂","原住民族","待指派","","亮均分類表單同步 | 2026-06-23 11:33:39","1","","0","0","0","","2026-08-16 22:25:53.075+00","已有台語來源狀態但缺少台語review"
"18989","ST16146","屏東縣","滿州鄉","滿州村","滿州","原住民族","待指派","","亮均分類表單同步 | 2026-06-23 11:33:39","1","","0","0","0","","2026-08-16 22:25:53.075+00","已有台語來源狀態但缺少台語review"
"18990","ST16147","屏東縣","滿州鄉","里德村","里德","原住民族","待指派","","亮均分類表單同步 | 2026-06-23 11:33:39","1","","0","0","0","","2026-08-16 22:25:53.075+00","已有台語來源狀態但缺少台語review"
"18991","ST16149","屏東縣","滿州鄉","滿州村","老佛","原住民族","待指派","","亮均分類表單同步 | 2026-06-23 11:33:39","1","","0","0","0","","2026-08-16 22:25:53.075+00","已有台語來源狀態但缺少台語review"
"18992","ST16151","屏東縣","滿州鄉","港仔村","港仔","原住民族","待指派","","亮均分類表單同步 | 2026-05-12 09:13:54","1","","0","0","0","","2026-08-16 22:25:53.075+00","已有台語來源狀態但缺少台語review"
"18993","ST16156","屏東縣","滿州鄉","長樂村","檳榔","原住民族","待指派","","亮均分類表單同步 | 2026-06-23 11:33:39","1","","0","0","0","","2026-08-16 22:25:53.075+00","已有台語來源狀態但缺少台語review"
"18998","ST16215","屏東縣","牡丹鄉","高士村","高士佛","原住民族","待指派","","亮均分類表單同步 | 2026-06-23 11:33:39","1","","0","0","0","","2026-08-16 22:25:53.076+00","已有台語來源狀態但缺少台語review"
"18999","ST16216","屏東縣","牡丹鄉","東源村","東源","原住民族","待指派","","亮均分類表單同步 | 2026-06-23 11:33:39","1","","0","0","0","","2026-08-16 22:25:53.076+00","已有台語來源狀態但缺少台語review"
"19000","ST16217","屏東縣","牡丹鄉","四林村","四林","原住民族","待指派","","亮均分類表單同步 | 2026-05-12 09:13:54","1","","0","0","0","","2026-08-16 22:25:53.076+00","已有台語來源狀態但缺少台語review"
"19001","ST16218","屏東縣","牡丹鄉","旭海村","旭海","原住民族","待指派","","亮均分類表單同步 | 2026-06-23 11:33:39","1","","0","0","0","","2026-08-16 22:25:53.076+00","已有台語來源狀態但缺少台語review"
"19002","ST16220","屏東縣","牡丹鄉","牡丹村","佳德","原住民族","待指派","","亮均分類表單同步 | 2026-06-23 11:33:39","1","","0","0","0","","2026-08-16 22:25:53.076+00","已有台語來源狀態但缺少台語review"
"19003","ST16223","屏東縣","牡丹鄉","四林村","小路","原住民族","待指派","","亮均分類表單同步 | 2026-06-23 11:33:39","1","","0","0","0","","2026-08-16 22:25:53.076+00","已有台語來源狀態但缺少台語review"
"19004","ST16240","屏東縣","獅子鄉","丹路村","丹路","原住民族","待指派","","亮均分類表單同步 | 2026-06-23 11:33:39","1","","0","0","0","","2026-08-16 22:25:53.076+00","已有台語來源狀態但缺少台語review"
"19005","ST16242","屏東縣","獅子鄉","草埔村","草埔","原住民族","待指派","","亮均分類表單同步 | 2026-06-23 11:33:39","1","","0","0","0","","2026-08-16 22:25:53.076+00","已有台語來源狀態但缺少台語review"
"19006","ST16243","屏東縣","獅子鄉","楓林村","楓林","原住民族","待指派","","亮均分類表單同步 | 2026-06-23 11:33:39","1","","0","0","0","","2026-08-16 22:25:53.076+00","已有台語來源狀態但缺少台語review"
"19007","ST16244","屏東縣","獅子鄉","內文村","內海","原住民族","待指派","","亮均分類表單同步 | 2026-06-23 11:33:39","1","","0","0","0","","2026-08-16 22:25:53.076+00","已有台語來源狀態但缺少台語review"
"19008","ST16246","屏東縣","獅子鄉","內文村","內文","原住民族","待指派","","亮均分類表單同步 | 2026-05-12 09:13:54","1","","0","0","0","","2026-08-16 22:25:53.076+00","已有台語來源狀態但缺少台語review"
"19015","ST16311","屏東縣","瑪家鄉","瑪家村","瑪家","原住民族","待指派","","亮均分類表單同步 | 2026-06-23 11:33:39","1","","0","0","0","","2026-08-16 22:25:53.076+00","已有台語來源狀態但缺少台語review"
"19016","ST16312","屏東縣","瑪家鄉","排灣村","排灣","原住民族","待指派","","亮均分類表單同步 | 2026-05-12 09:13:54","1","","0","0","0","","2026-08-16 22:25:53.076+00","已有台語來源狀態但缺少台語review"
"19017","ST16313","屏東縣","瑪家鄉","涼山村","涼山","原住民族","待指派","","亮均分類表單同步 | 2026-06-23 11:33:39","1","","0","0","0","","2026-08-16 22:25:53.076+00","已有台語來源狀態但缺少台語review"
"19018","ST16314","屏東縣","瑪家鄉","三和村","三和","原住民族","待指派","","亮均分類表單同步 | 2026-06-23 11:33:39","1","","0","0","0","","2026-08-16 22:25:53.076+00","已有台語來源狀態但缺少台語review"
"19025","ST16353","屏東縣","萬丹鄉","萬丹鄉","新庄子","直接標注","待指派","","亮均分類表單同步 | 2026-06-23 11:33:39","1","","0","0","0","","2026-08-16 22:25:53.076+00","已有台語來源狀態但缺少台語review"
"19056","ST16466","屏東縣","里港鄉","中和村","寮仔","直接標注","待指派","","亮均分類表單同步 | 2026-05-05 16:42:01","1","","0","0","0","","2026-08-16 22:25:53.076+00","已有台語來源狀態但缺少台語review"
"19058","ST16468","屏東縣","里港鄉","春林村","林仔","直接標注","待指派","","亮均分類表單同步 | 2026-06-23 11:33:39","1","","0","0","0","","2026-08-16 22:25:53.076+00","已有台語來源狀態但缺少台語review"
"19067","ST16545","屏東縣","霧臺鄉","佳暮村","佳暮","原住民族","待指派","","亮均分類表單同步 | 2026-06-23 11:33:39","1","","0","0","0","","2026-08-16 22:25:53.076+00","已有台語來源狀態但缺少台語review"
"19068","ST16546","屏東縣","霧臺鄉","霧臺村","霧臺","原住民族","待指派","","亮均分類表單同步 | 2026-06-23 11:33:39","1","","0","0","0","","2026-08-16 22:25:53.076+00","已有台語來源狀態但缺少台語review"
"19069","ST16547","屏東縣","霧臺鄉","阿禮村","阿禮","原住民族","待指派","","亮均分類表單同步 | 2026-06-23 11:33:39","1","","0","0","0","","2026-08-16 22:25:53.076+00","已有台語來源狀態但缺少台語review"
"19070","ST16548","屏東縣","霧臺鄉","霧臺村","伊拉","原住民族","待指派","","亮均分類表單同步 | 2026-06-23 11:33:39","1","","0","0","0","","2026-08-16 22:25:53.076+00","已有台語來源狀態但缺少台語review"
"19071","ST16549","屏東縣","霧臺鄉","好茶村","好茶","原住民族","待指派","","亮均分類表單同步 | 2026-06-23 11:33:39","1","","0","0","0","","2026-08-16 22:25:53.076+00","已有台語來源狀態但缺少台語review"
"19072","ST16550","屏東縣","霧臺鄉","霧臺村","神山","原住民族","待指派","","亮均分類表單同步 | 2026-05-12 09:13:54","1","","0","0","0","","2026-08-16 22:25:53.076+00","已有台語來源狀態但缺少台語review"
"19091","ST16805","雲林縣","古坑鄉","永光村","大湖口","直接標注","待指派","","亮均分類表單同步 | 2026-06-23 11:33:39","1","","0","0","0","","2026-08-16 22:25:53.076+00","已有台語來源狀態但缺少台語review"
"19094","ST16827","雲林縣","古坑鄉","古坑鄉","古坑","直接標注","待指派","","亮均分類表單同步 | 2026-06-23 11:33:39","1","","0","0","0","","2026-08-16 22:25:53.076+00","已有台語來源狀態但缺少台語review"
"19099","ST16974","雲林縣","土庫鎮","新庄里","新莊子","直接標注","待指派","","亮均分類表單同步 | 2026-06-23 11:33:39","1","","0","0","0","","2026-08-16 22:25:53.076+00","已有台語來源狀態但缺少台語review"
"19108","ST17132","雲林縣","斗南鎮","新光里","文安","直接標注","待指派","","亮均分類表單同步 | 2026-06-23 11:33:39","1","","0","0","0","","2026-08-16 22:25:53.076+00","已有台語來源狀態但缺少台語review"
"19117","ST17287","雲林縣","莿桐鄉","興貴村","興北","直接標注","待指派","","亮均分類表單同步 | 2026-06-23 11:33:39","1","","0","0","0","","2026-08-16 22:25:53.095+00","已有台語來源狀態但缺少台語review"
"19119","ST17291","雲林縣","莿桐鄉","莿桐村","莿桐","直接標注","待指派","","亮均分類表單同步 | 2026-06-23 11:33:39","1","","0","0","0","","2026-08-16 22:25:53.095+00","已有台語來源狀態但缺少台語review"
"19123","ST17300","雲林縣","莿桐鄉","莿桐村","安南","直接標注","待指派","","亮均分類表單同步 | 2026-06-23 11:33:39","1","","0","0","0","","2026-08-16 22:25:53.095+00","已有台語來源狀態但缺少台語review"
"19136","ST17430","新竹縣","五峰鄉","大隘村","大隘","原住民族","待指派","","亮均分類表單同步 | 2026-05-05 16:42:01","1","","0","0","0","","2026-08-16 22:25:53.097+00","已有台語來源狀態但缺少台語review"
"19137","ST17431","新竹縣","五峰鄉","竹林村","喜翁","原住民族","待指派","","亮均分類表單同步 | 2026-06-23 11:33:39","1","","0","0","0","","2026-08-16 22:25:53.097+00","已有台語來源狀態但缺少台語review"
"19138","ST17432","新竹縣","五峰鄉","竹林村","忠興","原住民族","待指派","","亮均分類表單同步 | 2026-06-23 11:33:39","1","","0","0","0","","2026-08-16 22:25:53.097+00","已有台語來源狀態但缺少台語review"
"19139","ST17433","新竹縣","五峰鄉","五峰鄉","石鹿","原住民族","待指派","","亮均分類表單同步 | 2026-06-23 11:33:39","1","","0","0","0","","2026-08-16 22:25:53.097+00","已有台語來源狀態但缺少台語review"
"19140","ST17435","新竹縣","五峰鄉","五峰鄉","三叉路","原住民族","待指派","","亮均分類表單同步 | 2026-06-23 11:33:39","1","","0","0","0","","2026-08-16 22:25:53.097+00","已有台語來源狀態但缺少台語review"
"19141","ST17439","新竹縣","五峰鄉","桃山村","檜山","原住民族","待指派","","亮均分類表單同步 | 2026-06-23 11:33:39","1","","0","0","0","","2026-08-16 22:25:53.097+00","已有台語來源狀態但缺少台語review"
"19142","ST17440","新竹縣","五峰鄉","桃山村","雲山","原住民族","待指派","","亮均分類表單同步 | 2026-06-23 11:33:39","1","","0","0","0","","2026-08-16 22:25:53.097+00","已有台語來源狀態但缺少台語review"
"19143","ST17441","新竹縣","五峰鄉","五峰鄉","清泉","原住民族","待指派","","亮均分類表單同步 | 2026-06-23 11:33:39","1","","0","0","0","","2026-08-16 22:25:53.097+00","已有台語來源狀態但缺少台語review"
"19144","ST17443","新竹縣","五峰鄉","五峰鄉","五峰","原住民族","待指派","","亮均分類表單同步 | 2026-05-05 16:42:01","1","","0","0","0","","2026-08-16 22:25:53.097+00","已有台語來源狀態但缺少台語review"
"19145","ST17445","新竹縣","五峰鄉","桃山村","白蘭","原住民族","待指派","","亮均分類表單同步 | 2026-06-23 11:33:39","1","","0","0","0","","2026-08-16 22:25:53.097+00","已有台語來源狀態但缺少台語review"
"19146","ST17446","新竹縣","五峰鄉","桃山村","桃山","原住民族","待指派","","亮均分類表單同步 | 2026-06-23 11:33:39","1","","0","0","0","","2026-08-16 22:25:53.097+00","已有台語來源狀態但缺少台語review"
"19147","ST17447","新竹縣","五峰鄉","大隘村","南口","原住民族","待指派","","亮均分類表單同步 | 2026-06-23 11:33:39","1","","0","0","0","","2026-08-16 22:25:53.097+00","已有台語來源狀態但缺少台語review"
"19148","ST17448","新竹縣","五峰鄉","花園村","比來","原住民族","待指派","","亮均分類表單同步 | 2026-06-23 11:33:39","1","","0","0","0","","2026-08-16 22:25:53.097+00","已有台語來源狀態但缺少台語review"
"19149","ST17449","新竹縣","五峰鄉","竹林村","松下","原住民族","待指派","","亮均分類表單同步 | 2026-06-23 11:33:39","1","","0","0","0","","2026-08-16 22:25:53.097+00","已有台語來源狀態但缺少台語review"
"19150","ST17450","新竹縣","五峰鄉","桃山村","松本","原住民族","待指派","","亮均分類表單同步 | 2026-06-23 11:33:39","1","","0","0","0","","2026-08-16 22:25:53.097+00","已有台語來源狀態但缺少台語review"
"19151","ST17453","新竹縣","五峰鄉","桃山村","佐藤","原住民族","待指派","","亮均分類表單同步 | 2026-06-23 11:33:39","1","","0","0","0","","2026-08-16 22:25:53.097+00","已有台語來源狀態但缺少台語review"
"19152","ST17455","新竹縣","五峰鄉","五峰鄉","無名","原住民族","待指派","","亮均分類表單同步 | 2026-05-05 16:42:01","1","","0","0","0","","2026-08-16 22:25:53.097+00","已有台語來源狀態但缺少台語review"
"19153","ST17456","新竹縣","五峰鄉","五峰鄉","高峰","原住民族","待指派","","亮均分類表單同步 | 2026-06-23 11:33:39","1","","0","0","0","","2026-08-16 22:25:53.097+00","已有台語來源狀態但缺少台語review"
"19154","ST17459","新竹縣","五峰鄉","五峰鄉","民生","原住民族","待指派","","亮均分類表單同步 | 2026-06-23 11:33:39","1","","0","0","0","","2026-08-16 22:25:53.097+00","已有台語來源狀態但缺少台語review"
"19155","ST17461","新竹縣","五峰鄉","桃山村","根本","原住民族","待指派","","亮均分類表單同步 | 2026-06-23 11:33:39","1","","0","0","0","","2026-08-16 22:25:53.097+00","已有台語來源狀態但缺少台語review"
"19174","ST17957","新竹縣","尖石鄉","尖石鄉","馬石","原住民族","待指派","","亮均分類表單同步 | 2026-06-23 11:33:39","1","","0","0","0","","2026-08-16 22:25:53.097+00","已有台語來源狀態但缺少台語review"
"19175","ST17958","新竹縣","尖石鄉","秀巒村","斯馬庫斯","原住民族","待指派","","亮均分類表單同步 | 2026-06-23 11:33:39","1","","0","0","0","","2026-08-16 22:25:53.097+00","已有台語來源狀態但缺少台語review"
"19176","ST17959","新竹縣","尖石鄉","尖石鄉","道下","原住民族","待指派","","亮均分類表單同步 | 2026-05-04 09:49:21","1","","0","0","0","","2026-08-16 22:25:53.097+00","已有台語來源狀態但缺少台語review"
"19177","ST17960","新竹縣","尖石鄉","尖石鄉","拉號","原住民族","待指派","","亮均分類表單同步 | 2026-06-23 11:33:39","1","","0","0","0","","2026-08-16 22:25:53.097+00","已有台語來源狀態但缺少台語review"
"19178","ST17961","新竹縣","尖石鄉","尖石鄉","馬美","原住民族","待指派","","亮均分類表單同步 | 2026-06-23 11:33:39","1","","0","0","0","","2026-08-16 22:25:53.097+00","已有台語來源狀態但缺少台語review"
"19179","ST17962","新竹縣","尖石鄉","尖石鄉","新樂","原住民族","待指派","","亮均分類表單同步 | 2026-06-23 11:33:39","1","","0","0","0","","2026-08-16 22:25:53.097+00","已有台語來源狀態但缺少台語review"
"19180","ST17963","新竹縣","尖石鄉","尖石鄉","泰崗","原住民族","待指派","","亮均分類表單同步 | 2026-06-23 11:33:39","1","","0","0","0","","2026-08-16 22:25:53.097+00","已有台語來源狀態但缺少台語review"
"19181","ST17964","新竹縣","尖石鄉","尖石鄉","馬胎","原住民族","待指派","","亮均分類表單同步 | 2026-06-23 11:33:39","1","","0","0","0","","2026-08-16 22:25:53.097+00","已有台語來源狀態但缺少台語review"
"19182","ST17965","新竹縣","尖石鄉","尖石鄉","玉峰","原住民族","待指派","","亮均分類表單同步 | 2026-06-23 11:33:39","1","","0","0","0","","2026-08-16 22:25:53.097+00","已有台語來源狀態但缺少台語review"
"19183","ST17969","新竹縣","尖石鄉","尖石鄉","鎮西堡","原住民族","待指派","","亮均分類表單同步 | 2026-06-23 11:33:39","1","","0","0","0","","2026-08-16 22:25:53.097+00","已有台語來源狀態但缺少台語review"
"19184","ST17970","新竹縣","尖石鄉","尖石鄉","嘉樂","原住民族","待指派","","亮均分類表單同步 | 2026-05-04 09:49:21","1","","0","0","0","","2026-08-16 22:25:53.097+00","已有台語來源狀態但缺少台語review"
"19185","ST17971","新竹縣","尖石鄉","尖石鄉","秀巒","原住民族","待指派","","亮均分類表單同步 | 2026-06-23 11:33:39","1","","0","0","0","","2026-08-16 22:25:53.097+00","已有台語來源狀態但缺少台語review"
"19186","ST17972","新竹縣","尖石鄉","尖石鄉","錦屏","原住民族","待指派","","亮均分類表單同步 | 2026-06-23 11:33:39","1","","0","0","0","","2026-08-16 22:25:53.097+00","已有台語來源狀態但缺少台語review"
"19187","ST17973","新竹縣","尖石鄉","尖石鄉","那羅","原住民族","待指派","","亮均分類表單同步 | 2026-06-23 11:33:39","1","","0","0","0","","2026-08-16 22:25:53.097+00","已有台語來源狀態但缺少台語review"
"19188","ST17978","新竹縣","尖石鄉","尖石鄉","鳥嘴","原住民族","待指派","","亮均分類表單同步 | 2026-06-23 11:33:39","1","","0","0","0","","2026-08-16 22:25:53.097+00","已有台語來源狀態但缺少台語review"
"19189","ST17979","新竹縣","尖石鄉","","島田","原住民族","待指派","","亮均分類表單同步 | 2026-06-23 11:33:39","1","","0","0","0","","2026-08-16 22:25:53.097+00","已有台語來源狀態但缺少台語review"
"19190","ST17980","新竹縣","尖石鄉","","拉庫","原住民族","待指派","","亮均分類表單同步 | 2026-06-23 11:33:39","1","","0","0","0","","2026-08-16 22:25:53.097+00","已有台語來源狀態但缺少台語review"
"19191","ST17981","新竹縣","尖石鄉","尖石鄉","尖石","原住民族","待指派","","亮均分類表單同步 | 2026-06-23 11:33:39","1","","0","0","0","","2026-08-16 22:25:53.097+00","已有台語來源狀態但缺少台語review"
"19192","ST17982","新竹縣","尖石鄉","尖石鄉","司馬庫斯","原住民族","待指派","","亮均分類表單同步 | 2026-05-04 09:49:21","1","","0","0","0","","2026-08-16 22:25:53.097+00","已有台語來源狀態但缺少台語review"
"19193","ST17987","新竹縣","尖石鄉","尖石鄉","吹上","原住民族","待指派","","亮均分類表單同步 | 2026-06-23 11:33:39","1","","0","0","0","","2026-08-16 22:25:53.097+00","已有台語來源狀態但缺少台語review"
"19194","ST17989","新竹縣","尖石鄉","秀巒村","朝日","原住民族","待指派","","亮均分類表單同步 | 2026-06-23 11:33:39","1","","0","0","0","","2026-08-16 22:25:53.097+00","已有台語來源狀態但缺少台語review"
"19195","ST17991","新竹縣","尖石鄉","尖石鄉","梅花","原住民族","待指派","","亮均分類表單同步 | 2026-06-23 11:33:39","1","","0","0","0","","2026-08-16 22:25:53.097+00","已有台語來源狀態但缺少台語review"
"19196","ST17993","新竹縣","尖石鄉","新樂村","武漢","原住民族","待指派","","亮均分類表單同步 | 2026-06-23 11:33:39","1","","0","0","0","","2026-08-16 22:25:53.097+00","已有台語來源狀態但缺少台語review"
"19242","ST18841","新竹縣","竹東鎮","竹東鎮","資源莊","直接標注","待指派","","亮均分類表單同步 | 2026-06-23 11:33:39","1","","0","0","0","","2026-08-16 22:25:53.097+00","已有台語來源狀態但缺少台語review"
"19274","ST19473","苗栗縣","公館鄉","大坑村","三叉路口","直接標注","待指派","","亮均分類表單同步 | 2026-06-23 11:33:39","1","","0","0","0","","2026-08-16 22:25:53.097+00","已有台語來源狀態但缺少台語review"
"19280","ST19599","苗栗縣","卓蘭鎮","景山里","蘇魯","原住民族","待指派","","亮均分類表單同步 | 2026-05-12 09:13:54","1","","0","0","0","","2026-08-16 22:25:53.097+00","已有台語來源狀態但缺少台語review"
"19286","ST19792","苗栗縣","南庄鄉","東河村","鹿湖","原住民族","待指派","","亮均分類表單同步 | 2026-06-23 11:33:39","1","","0","0","0","","2026-08-16 22:25:53.097+00","已有台語來源狀態但缺少台語review"
"19301","ST20306","苗栗縣","泰安鄉","中興村","司馬限","原住民族","待指派","","亮均分類表單同步 | 2026-06-23 11:33:39","1","","0","0","0","","2026-08-16 22:25:53.097+00","已有台語來源狀態但缺少台語review"
"19302","ST20312","苗栗縣","泰安鄉","梅園村","松安","原住民族","待指派","","亮均分類表單同步 | 2026-06-23 11:33:39","1","","0","0","0","","2026-08-16 22:25:53.097+00","已有台語來源狀態但缺少台語review"
"19303","ST20313","苗栗縣","泰安鄉","清安村","清安","原住民族","待指派","","亮均分類表單同步 | 2026-06-23 11:33:39","1","","0","0","0","","2026-08-16 22:25:53.097+00","已有台語來源狀態但缺少台語review"
"19304","ST20314","苗栗縣","泰安鄉","大興村","榮安","原住民族","待指派","","亮均分類表單同步 | 2026-05-12 09:13:54","1","","0","0","0","","2026-08-16 22:25:53.097+00","已有台語來源狀態但缺少台語review"
"19305","ST20660","苗栗縣","獅潭鄉","百壽村","百壽","原住民族","待指派","","亮均分類表單同步 | 2026-06-23 11:33:39","1","","0","0","0","","2026-08-16 22:25:53.097+00","已有台語來源狀態但缺少台語review"
"19308","ST20677","苗栗縣","獅潭鄉","獅潭鄉","獅潭","直接標注","待指派","","亮均分類表單同步 | 2026-06-23 11:33:39","1","","0","0","0","","2026-08-16 22:25:53.097+00","已有台語來源狀態但缺少台語review"
"19357","ST21773","苗栗縣","頭屋鄉","獅潭村","中興莊","直接標注","待指派","","亮均分類表單同步 | 2026-06-23 11:33:39","1","","0","0","0","","2026-08-16 22:25:53.099+00","已有台語來源狀態但缺少台語review"
"19364","ST21926","嘉義縣","中埔鄉","中埔鄉","鹽館","電話調查","待指派","","亮均分類表單同步 | 2026-06-23 11:33:39","1","","0","0","0","","2026-08-16 22:25:53.099+00","已有台語來源狀態但缺少台語review"
"19365","ST21929","嘉義縣","中埔鄉","同仁村","圓山仔","電話調查","待指派","","亮均分類表單同步 | 2026-06-23 11:33:39","1","","0","0","0","","2026-08-16 22:25:53.099+00","已有台語來源狀態但缺少台語review"
"19366","ST21932","嘉義縣","中埔鄉","中埔鄉","庄內","電話調查","待指派","","亮均分類表單同步 | 2026-06-23 11:33:39","1","","0","0","0","","2026-08-16 22:25:53.099+00","已有台語來源狀態但缺少台語review"
"19367","ST21933","嘉義縣","中埔鄉","中埔鄉","頂六","電話調查","待指派","","亮均分類表單同步 | 2026-06-23 11:33:39","1","","0","0","0","","2026-08-16 22:25:53.099+00","已有台語來源狀態但缺少台語review"
"19368","ST21937","嘉義縣","中埔鄉","和美村","司公","電話調查","待指派","","亮均分類表單同步 | 2026-06-23 11:33:39","1","","0","0","0","","2026-08-16 22:25:53.099+00","已有台語來源狀態但缺少台語review"
"19369","ST21938","嘉義縣","中埔鄉","鹽館村","頂角","電話調查","待指派","","亮均分類表單同步 | 2026-06-23 11:33:39","1","","0","0","0","","2026-08-16 22:25:53.099+00","已有台語來源狀態但缺少台語review"
"19370","ST21940","嘉義縣","中埔鄉","中埔鄉","君臨天下","電話調查","待指派","","亮均分類表單同步 | 2026-06-23 11:33:39","1","","0","0","0","","2026-08-16 22:25:53.099+00","已有台語來源狀態但缺少台語review"
"19371","ST21943","嘉義縣","中埔鄉","中埔鄉","學仔","電話調查","待指派","","亮均分類表單同步 | 2026-06-23 11:33:39","1","","0","0","0","","2026-08-16 22:25:53.099+00","已有台語來源狀態但缺少台語review"
"19372","ST21952","嘉義縣","中埔鄉","沄水村","鳥嘴山","電話調查","待指派","","亮均分類表單同步 | 2026-06-23 11:33:39","1","","0","0","0","","2026-08-16 22:25:53.099+00","已有台語來源狀態但缺少台語review"
"19373","ST21957","嘉義縣","中埔鄉","鹽館村","下角","電話調查","待指派","","亮均分類表單同步 | 2026-06-23 11:33:39","1","","0","0","0","","2026-08-16 22:25:53.099+00","已有台語來源狀態但缺少台語review"
"19374","ST21958","嘉義縣","中埔鄉","中埔鄉","崩山","電話調查","待指派","","亮均分類表單同步 | 2026-06-23 11:33:39","1","","0","0","0","","2026-08-16 22:25:53.099+00","已有台語來源狀態但缺少台語review"
"19375","ST21960","嘉義縣","中埔鄉","中埔鄉","蘇厝","電話調查","待指派","","亮均分類表單同步 | 2026-06-23 11:33:39","1","","0","0","0","","2026-08-16 22:25:53.099+00","已有台語來源狀態但缺少台語review"
"19376","ST21961","嘉義縣","中埔鄉","中埔鄉","永富","電話調查","待指派","","亮均分類表單同步 | 2026-06-23 11:33:39","1","","0","0","0","","2026-08-16 22:25:53.099+00","已有台語來源狀態但缺少台語review"
"19377","ST21967","嘉義縣","中埔鄉","龍門村","大厝","電話調查","待指派","","亮均分類表單同步 | 2026-06-23 11:33:39","1","","0","0","0","","2026-08-16 22:25:53.099+00","已有台語來源狀態但缺少台語review"
"19378","ST21971","嘉義縣","中埔鄉","中崙村","賴厝","電話調查","待指派","","亮均分類表單同步 | 2026-06-23 11:33:39","1","","0","0","0","","2026-08-16 22:25:53.099+00","已有台語來源狀態但缺少台語review"
"19379","ST21980","嘉義縣","中埔鄉","金蘭村","金蘭","電話調查","待指派","","亮均分類表單同步 | 2026-06-23 11:33:39","1","","0","0","0","","2026-08-16 22:25:53.099+00","已有台語來源狀態但缺少台語review"
"19380","ST21987","嘉義縣","中埔鄉","中埔鄉","大興","電話調查","待指派","","亮均分類表單同步 | 2026-06-23 11:33:39","1","","0","0","0","","2026-08-16 22:25:53.099+00","已有台語來源狀態但缺少台語review"
"19381","ST21990","嘉義縣","中埔鄉","沄水村","鳥巢","現場調查","待指派","","亮均分類表單同步 | 2026-06-25 05:28:17","1","","0","0","0","","2026-08-16 22:25:53.099+00","已有台語來源狀態但缺少台語review"
"19382","ST21991","嘉義縣","中埔鄉","灣潭村","大龍","電話調查","待指派","","亮均分類表單同步 | 2026-06-25 05:28:17","1","","0","0","0","","2026-08-16 22:25:53.099+00","已有台語來源狀態但缺少台語review"
"19383","ST21994","嘉義縣","中埔鄉","沄水村","大上","現場調查","待指派","","亮均分類表單同步 | 2026-06-25 05:28:17","1","","0","0","0","","2026-08-16 22:25:53.099+00","已有台語來源狀態但缺少台語review"
"19384","ST21997","嘉義縣","中埔鄉","中埔鄉","龍門","現場調查","待指派","","亮均分類表單同步 | 2026-06-25 05:28:17","1","","0","0","0","","2026-08-16 22:25:53.099+00","已有台語來源狀態但缺少台語review"
"19385","ST21998","嘉義縣","中埔鄉","金蘭村","大洋","電話調查","待指派","","亮均分類表單同步 | 2026-06-25 05:28:17","1","","0","0","0","","2026-08-16 22:25:53.099+00","已有台語來源狀態但缺少台語review"
"19386","ST22000","嘉義縣","中埔鄉","石硦村","學子","電話調查","待指派","","亮均分類表單同步 | 2026-06-25 05:28:17","1","","0","0","0","","2026-08-16 22:25:53.099+00","已有台語來源狀態但缺少台語review"
"19387","ST22003","嘉義縣","中埔鄉","中埔鄉","同仁","電話調查","待指派","","亮均分類表單同步 | 2026-06-25 05:28:17","1","","0","0","0","","2026-08-16 22:25:53.099+00","已有台語來源狀態但缺少台語review"
"19388","ST22005","嘉義縣","中埔鄉","沄水村","中正","現場調查","待指派","","亮均分類表單同步 | 2026-06-25 05:28:17","1","","0","0","0","","2026-08-16 22:25:53.099+00","已有台語來源狀態但缺少台語review"
"19389","ST22177","嘉義縣","六腳鄉","溪厝村","溪厝","電話調查","待指派","","亮均分類表單同步 | 2026-07-07 05:28:25","1","","0","0","0","","2026-08-16 22:25:53.099+00","已有台語來源狀態但缺少台語review"
"19390","ST22178","嘉義縣","六腳鄉","六腳鄉","潭仔墘","直接標注","待指派","","亮均分類表單同步 | 2026-07-07 05:28:25","1","","0","0","0","","2026-08-16 22:25:53.099+00","已有台語來源狀態但缺少台語review"
"19391","ST22179","嘉義縣","六腳鄉","正義村","溝頂","電話調查","待指派","","亮均分類表單同步 | 2026-07-07 05:28:25","1","","0","0","0","","2026-08-16 22:25:53.099+00","已有台語來源狀態但缺少台語review"
"19392","ST22184","嘉義縣","六腳鄉","六腳鄉","豬戶","電話調查","待指派","","亮均分類表單同步 | 2026-07-07 05:28:25","1","","0","0","0","","2026-08-16 22:25:53.099+00","已有台語來源狀態但缺少台語review"
"19393","ST22192","嘉義縣","六腳鄉","魚寮村","頂魚寮","電話調查","待指派","","亮均分類表單同步 | 2026-07-07 05:28:25","1","","0","0","0","","2026-08-16 22:25:53.099+00","已有台語來源狀態但缺少台語review"
"19394","ST22195","嘉義縣","六腳鄉","六腳鄉","更寮","電話調查","待指派","","亮均分類表單同步 | 2026-07-07 05:28:25","1","","0","0","0","","2026-08-16 22:25:53.099+00","已有台語來源狀態但缺少台語review"
"19395","ST22198","嘉義縣","六腳鄉","六腳鄉","灣內","電話調查","待指派","","亮均分類表單同步 | 2026-07-07 05:28:25","1","","0","0","0","","2026-08-16 22:25:53.099+00","已有台語來源狀態但缺少台語review"
"19396","ST22199","嘉義縣","六腳鄉","六腳鄉","四柱","電話調查","待指派","","亮均分類表單同步 | 2026-07-07 05:28:25","1","","0","0","0","","2026-08-16 22:25:53.099+00","已有台語來源狀態但缺少台語review"
"19397","ST22203","嘉義縣","六腳鄉","六腳鄉","一甲","電話調查","待指派","","亮均分類表單同步 | 2026-07-07 05:28:25","1","","0","0","0","","2026-08-16 22:25:53.099+00","已有台語來源狀態但缺少台語review"
"19398","ST22205","嘉義縣","六腳鄉","六腳鄉","六腳","電話調查","待指派","","亮均分類表單同步 | 2026-07-07 05:28:25","1","","0","0","0","","2026-08-16 22:25:53.099+00","已有台語來源狀態但缺少台語review"
"19399","ST22217","嘉義縣","六腳鄉","工廠村","宿舍區","電話調查","待指派","","亮均分類表單同步 | 2026-07-07 05:28:25","1","","0","0","0","","2026-08-16 22:25:53.099+00","已有台語來源狀態但缺少台語review"
"19400","ST22220","嘉義縣","六腳鄉","六腳村","校地","電話調查","待指派","","亮均分類表單同步 | 2026-07-07 05:28:25","1","","0","0","0","","2026-08-16 22:25:53.099+00","已有台語來源狀態但缺少台語review"
"19401","ST22221","嘉義縣","六腳鄉","六腳村","水利","電話調查","待指派","","亮均分類表單同步 | 2026-07-07 05:28:25","1","","0","0","0","","2026-08-16 22:25:53.099+00","已有台語來源狀態但缺少台語review"
"19402","ST22226","嘉義縣","六腳鄉","古林村","古林","現場調查","待指派","","亮均分類表單同步 | 2026-07-07 05:28:25","1","","0","0","0","","2026-08-16 22:25:53.099+00","已有台語來源狀態但缺少台語review"
"19403","ST22371","嘉義縣","大埔鄉","大埔鄉","番仔路","直接標注","待指派","","亮均分類表單同步 | 2026-06-25 05:28:17","1","","0","0","0","","2026-08-16 22:25:53.099+00","已有台語來源狀態但缺少台語review"
"19404","ST22374","嘉義縣","大埔鄉","大埔鄉","大茅埔","電話調查","待指派","","亮均分類表單同步 | 2026-06-25 05:28:17","1","","0","0","0","","2026-08-16 22:25:53.099+00","已有台語來源狀態但缺少台語review"
"19405","ST22383","嘉義縣","大埔鄉","大埔鄉","馬頭山","電話調查","待指派","","亮均分類表單同步 | 2026-06-25 05:28:17","1","","0","0","0","","2026-08-16 22:25:53.099+00","已有台語來源狀態但缺少台語review"
"19406","ST22388","嘉義縣","大埔鄉","大埔鄉","石井","電話調查","待指派","","亮均分類表單同步 | 2026-06-25 05:28:17","1","","0","0","0","","2026-08-16 22:25:53.099+00","已有台語來源狀態但缺少台語review"
"19407","ST22393","嘉義縣","大埔鄉","西興村","碼頭","電話調查","待指派","","亮均分類表單同步 | 2026-06-25 05:28:17","1","","0","0","0","","2026-08-16 22:25:53.099+00","已有台語來源狀態但缺少台語review"
"19408","ST22461","嘉義縣","大林鎮","大林鎮","內林","電話調查","待指派","","亮均分類表單同步 | 2026-07-02 05:28:32","1","","0","0","0","","2026-08-16 22:25:53.099+00","已有台語來源狀態但缺少台語review"
"19409","ST22462","嘉義縣","大林鎮","三村里","湖仔","直接標注","待指派","","亮均分類表單同步 | 2026-07-02 05:28:32","1","","0","0","0","","2026-08-16 22:25:53.099+00","已有台語來源狀態但缺少台語review"
"19410","ST22463","嘉義縣","大林鎮","大林鎮","甘蔗崙","電話調查","待指派","","亮均分類表單同步 | 2026-07-02 05:28:32","1","","0","0","0","","2026-08-16 22:25:53.099+00","已有台語來源狀態但缺少台語review"
"19411","ST22466","嘉義縣","大林鎮","大林鎮","北頭","電話調查","待指派","","亮均分類表單同步 | 2026-07-02 05:28:32","1","","0","0","0","","2026-08-16 22:25:53.099+00","已有台語來源狀態但缺少台語review"
"19412","ST22467","嘉義縣","大林鎮","中林里","前庄","現場調查","待指派","","亮均分類表單同步 | 2026-07-02 05:28:32","1","","0","0","0","","2026-08-16 22:25:53.099+00","已有台語來源狀態但缺少台語review"
"19413","ST22470","嘉義縣","大林鎮","平林里","大眾爺廟","電話調查","待指派","","亮均分類表單同步 | 2026-07-02 05:28:32","1","","0","0","0","","2026-08-16 22:25:53.099+00","已有台語來源狀態但缺少台語review"
"19414","ST22474","嘉義縣","大林鎮","吉林里","市子","直接標注","待指派","","亮均分類表單同步 | 2026-07-02 05:28:32","1","","0","0","0","","2026-08-16 22:25:53.099+00","已有台語來源狀態但缺少台語review"
"19415","ST22479","嘉義縣","大林鎮","大林鎮","國宅區","電話調查","待指派","","亮均分類表單同步 | 2026-07-02 05:28:32","1","","0","0","0","","2026-08-16 22:25:53.099+00","已有台語來源狀態但缺少台語review"
"19416","ST22481","嘉義縣","大林鎮","大林鎮","翠湖","電話調查","待指派","","亮均分類表單同步 | 2026-07-02 05:28:32","1","","0","0","0","","2026-08-16 22:25:53.099+00","已有台語來源狀態但缺少台語review"
"19417","ST22482","嘉義縣","大林鎮","明華里","過埤","電話調查","待指派","","亮均分類表單同步 | 2026-07-02 05:28:32","1","","0","0","0","","2026-08-16 22:25:53.099+00","已有台語來源狀態但缺少台語review"
"19418","ST22484","嘉義縣","大林鎮","大美里","大埔美","現場調查","待指派","","亮均分類表單同步 | 2026-07-02 05:28:32","1","","0","0","0","","2026-08-16 22:25:53.099+00","已有台語來源狀態但缺少台語review"
"19419","ST22485","嘉義縣","大林鎮","三村里","湖子","直接標注","待指派","","亮均分類表單同步 | 2026-07-02 05:28:32","1","","0","0","0","","2026-08-16 22:25:53.099+00","已有台語來源狀態但缺少台語review"
"19420","ST22488","嘉義縣","大林鎮","大林鎮","早知","現場調查","待指派","","亮均分類表單同步 | 2026-07-02 05:28:32","1","","0","0","0","","2026-08-16 22:25:53.099+00","已有台語來源狀態但缺少台語review"
"19421","ST22493","嘉義縣","大林鎮","大林鎮","地磅","電話調查","待指派","","亮均分類表單同步 | 2026-07-02 05:28:32","1","","0","0","0","","2026-08-16 22:25:53.099+00","已有台語來源狀態但缺少台語review"
"19422","ST22501","嘉義縣","大林鎮","大林鎮","潭墘","電話調查","待指派","","亮均分類表單同步 | 2026-07-02 05:28:32","1","","0","0","0","","2026-08-16 22:25:53.099+00","已有台語來源狀態但缺少台語review"
"19423","ST22511","嘉義縣","大林鎮","三角里","三角","電話調查","待指派","","亮均分類表單同步 | 2026-07-02 05:28:32","1","","0","0","0","","2026-08-16 22:25:53.099+00","已有台語來源狀態但缺少台語review"
"19424","ST22597","嘉義縣","太保市","太保市","後潭","電話調查","待指派","","亮均分類表單同步 | 2026-07-07 14:26:21","1","","0","0","0","","2026-08-16 22:25:53.099+00","已有台語來源狀態但缺少台語review"
"19425","ST22598","嘉義縣","太保市","太保市","麻魚寮","電話調查","待指派","","亮均分類表單同步 | 2026-07-07 14:26:21","1","","0","0","0","","2026-08-16 22:25:53.099+00","已有台語來源狀態但缺少台語review"
"19426","ST22600","嘉義縣","太保市","太保市","水牛厝","電話調查","待指派","","亮均分類表單同步 | 2026-07-07 14:26:21","1","","0","0","0","","2026-08-16 22:25:53.099+00","已有台語來源狀態但缺少台語review"
"19427","ST22613","嘉義縣","太保市","太保市","廟仔","電話調查","待指派","","亮均分類表單同步 | 2026-07-07 14:26:21","1","","0","0","0","","2026-08-16 22:25:53.099+00","已有台語來源狀態但缺少台語review"
"19428","ST22617","嘉義縣","太保市","太保市","溪南","電話調查","待指派","","亮均分類表單同步 | 2026-07-07 14:26:21","1","","0","0","0","","2026-08-16 22:25:53.099+00","已有台語來源狀態但缺少台語review"
"19429","ST22620","嘉義縣","太保市","太保市","太保","電話調查","待指派","","亮均分類表單同步 | 2026-07-07 14:26:21","1","","0","0","0","","2026-08-16 22:25:53.099+00","已有台語來源狀態但缺少台語review"
"19430","ST22652","嘉義縣","布袋鎮","布袋鎮","客人庄","電話調查","待指派","","亮均分類表單同步 | 2026-07-07 14:26:21","1","","0","0","0","","2026-08-16 22:25:53.099+00","已有台語來源狀態但缺少台語review"
"19431","ST22654","嘉義縣","布袋鎮","新厝里","營仔","電話調查","待指派","","亮均分類表單同步 | 2026-07-07 14:26:21","1","","0","0","0","","2026-08-16 22:25:53.099+00","已有台語來源狀態但缺少台語review"
"19432","ST22655","嘉義縣","布袋鎮","振寮里","蕭厝庄","電話調查","待指派","","亮均分類表單同步 | 2026-07-07 14:26:21","1","","0","0","0","","2026-08-16 22:25:53.099+00","已有台語來源狀態但缺少台語review"
"19433","ST22656","嘉義縣","布袋鎮","布袋鎮","岸頭","現場調查","待指派","","亮均分類表單同步 | 2026-07-07 14:26:21","1","","0","0","0","","2026-08-16 22:25:53.099+00","已有台語來源狀態但缺少台語review"
"19434","ST22662","嘉義縣","布袋鎮","布袋鎮","半月","現場調查","待指派","","亮均分類表單同步 | 2026-07-07 14:26:21","1","","0","0","0","","2026-08-16 22:25:53.099+00","已有台語來源狀態但缺少台語review"
"19435","ST22664","嘉義縣","布袋鎮","布袋鎮","新塭","電話調查","待指派","","亮均分類表單同步 | 2026-07-07 14:26:21","1","","0","0","0","","2026-08-16 22:25:53.099+00","已有台語來源狀態但缺少台語review"
"19436","ST22671","嘉義縣","布袋鎮","布袋鎮","內田","電話調查","待指派","","亮均分類表單同步 | 2026-07-07 14:26:21","1","","0","0","0","","2026-08-16 22:25:53.099+00","已有台語來源狀態但缺少台語review"
"19437","ST22673","嘉義縣","布袋鎮","復興里","下頭","電話調查","待指派","","亮均分類表單同步 | 2026-07-07 14:26:21","1","","0","0","0","","2026-08-16 22:25:53.099+00","已有台語來源狀態但缺少台語review"
"19438","ST22674","嘉義縣","布袋鎮","布袋鎮","布袋","電話調查","待指派","","亮均分類表單同步 | 2026-07-07 14:26:21","1","","0","0","0","","2026-08-16 22:25:53.099+00","已有台語來源狀態但缺少台語review"
"19439","ST22676","嘉義縣","布袋鎮","新民里","北海道","電話調查","待指派","","亮均分類表單同步 | 2026-07-07 14:26:21","1","","0","0","0","","2026-08-16 22:25:53.099+00","已有台語來源狀態但缺少台語review"
"19440","ST22732","嘉義縣","新港鄉","埤子村","埤子頭","直接標注","待指派","","亮均分類表單同步 | 2026-07-02 05:28:32","1","","0","0","0","","2026-08-16 22:25:53.099+00","已有台語來源狀態但缺少台語review"
"19441","ST22739","嘉義縣","新港鄉","新港鄉","西庄","電話調查","待指派","","亮均分類表單同步 | 2026-07-02 05:28:32","1","","0","0","0","","2026-08-16 22:25:53.099+00","已有台語來源狀態但缺少台語review"
"19442","ST22740","嘉義縣","新港鄉","三間村","羅厝","電話調查","待指派","","亮均分類表單同步 | 2026-07-02 05:28:32","1","","0","0","0","","2026-08-16 22:25:53.099+00","已有台語來源狀態但缺少台語review"
"19443","ST22748","嘉義縣","新港鄉","新港鄉","大崙","電話調查","待指派","","亮均分類表單同步 | 2026-07-02 05:28:32","1","","0","0","0","","2026-08-16 22:25:53.099+00","已有台語來源狀態但缺少台語review"
"19444","ST22749","嘉義縣","新港鄉","古民村","古民","現場調查","待指派","","亮均分類表單同步 | 2026-07-02 05:28:32","1","","0","0","0","","2026-08-16 22:25:53.099+00","已有台語來源狀態但缺少台語review"
"19445","ST22751","嘉義縣","新港鄉","新港鄉","港尾","電話調查","待指派","","亮均分類表單同步 | 2026-07-02 05:28:32","1","","0","0","0","","2026-08-16 22:25:53.099+00","已有台語來源狀態但缺少台語review"
"19446","ST22752","嘉義縣","新港鄉","溪北村","鹿仔草","直接標注","待指派","","亮均分類表單同步 | 2026-07-02 05:28:32","1","","0","0","0","","2026-08-16 22:25:53.099+00","已有台語來源狀態但缺少台語review"
"19447","ST22754","嘉義縣","新港鄉","新港鄉","鵝頸","電話調查","待指派","","亮均分類表單同步 | 2026-07-02 05:28:32","1","","0","0","0","","2026-08-16 22:25:53.099+00","已有台語來源狀態但缺少台語review"
"19448","ST22756","嘉義縣","新港鄉","宮前村","東頭","電話調查","待指派","","亮均分類表單同步 | 2026-07-02 05:28:32","1","","0","0","0","","2026-08-16 22:25:53.099+00","已有台語來源狀態但缺少台語review"
"19449","ST22764","嘉義縣","新港鄉","潭大村","下客","電話調查","待指派","","亮均分類表單同步 | 2026-07-02 05:28:32","1","","0","0","0","","2026-08-16 22:25:53.099+00","已有台語來源狀態但缺少台語review"
"19450","ST22765","嘉義縣","新港鄉","潭大村","大客","電話調查","待指派","","亮均分類表單同步 | 2026-07-02 05:28:32","1","","0","0","0","","2026-08-16 22:25:53.099+00","已有台語來源狀態但缺少台語review"
"19451","ST22768","嘉義縣","新港鄉","安和村","安和","現場調查","待指派","","亮均分類表單同步 | 2026-07-02 05:28:32","1","","0","0","0","","2026-08-16 22:25:53.099+00","已有台語來源狀態但缺少台語review"
"19452","ST22769","嘉義縣","新港鄉","新港鄉","新港","電話調查","待指派","","亮均分類表單同步 | 2026-07-02 05:28:32","1","","0","0","0","","2026-08-16 22:25:53.099+00","已有台語來源狀態但缺少台語review"
"19453","ST22771","嘉義縣","新港鄉","新港鄉","大潭","電話調查","待指派","","亮均分類表單同步 | 2026-07-02 05:28:32","1","","0","0","0","","2026-08-16 22:25:53.099+00","已有台語來源狀態但缺少台語review"
"19454","ST22904","嘉義縣","朴子市","朴子市","五甲尾","電話調查","待指派","","亮均分類表單同步 | 2026-07-07 14:26:21","1","","0","0","0","","2026-08-16 22:25:53.099+00","已有台語來源狀態但缺少台語review"
"19455","ST22910","嘉義縣","朴子市","","樸仔腳","電話調查","待指派","","亮均分類表單同步 | 2026-07-07 14:26:21","1","","0","0","0","","2026-08-16 22:25:53.099+00","已有台語來源狀態但缺少台語review"
"19456","ST22913","嘉義縣","朴子市","朴子市","米市","電話調查","待指派","","亮均分類表單同步 | 2026-07-07 14:26:21","1","","0","0","0","","2026-08-16 22:25:53.099+00","已有台語來源狀態但缺少台語review"
"19457","ST22915","嘉義縣","朴子市","開元里","大銃街","電話調查","待指派","","亮均分類表單同步 | 2026-07-07 14:26:21","1","","0","0","0","","2026-08-16 22:25:53.099+00","已有台語來源狀態但缺少台語review"
"19458","ST22916","嘉義縣","朴子市","朴子市","牛挑灣","現場調查","待指派","","亮均分類表單同步 | 2026-07-07 14:26:21","1","","0","0","0","","2026-08-16 22:25:53.099+00","已有台語來源狀態但缺少台語review"
"19459","ST22917","嘉義縣","朴子市","雙溪里","中行","電話調查","待指派","","亮均分類表單同步 | 2026-07-07 14:26:21","1","","0","0","0","","2026-08-16 22:25:53.099+00","已有台語來源狀態但缺少台語review"
"19460","ST22921","嘉義縣","朴子市","仁和里","後溝","電話調查","待指派","","亮均分類表單同步 | 2026-07-07 14:26:21","1","","0","0","0","","2026-08-16 22:25:53.099+00","已有台語來源狀態但缺少台語review"
"19461","ST22922","嘉義縣","朴子市","仁和里","中股","電話調查","待指派","","亮均分類表單同步 | 2026-07-07 14:26:21","1","","0","0","0","","2026-08-16 22:25:53.099+00","已有台語來源狀態但缺少台語review"
"19462","ST22924","嘉義縣","朴子市","崁前里","中站","現場調查","待指派","","亮均分類表單同步 | 2026-07-07 14:26:21","1","","0","0","0","","2026-08-16 22:25:53.099+00","已有台語來源狀態但缺少台語review"
"19463","ST22925","嘉義縣","朴子市","博厚里","網仔寮","現場調查","待指派","","亮均分類表單同步 | 2026-07-07 14:26:21","1","","0","0","0","","2026-08-16 22:25:53.099+00","已有台語來源狀態但缺少台語review"
"19464","ST22927","嘉義縣","朴子市","朴子市","大館","電話調查","待指派","","亮均分類表單同步 | 2026-07-07 14:26:21","1","","0","0","0","","2026-08-16 22:25:53.099+00","已有台語來源狀態但缺少台語review"
"19465","ST22932","嘉義縣","朴子市","朴子市","中甲","電話調查","待指派","","亮均分類表單同步 | 2026-07-07 14:26:21","1","","0","0","0","","2026-08-16 22:25:53.099+00","已有台語來源狀態但缺少台語review"
"19466","ST22933","嘉義縣","朴子市","朴子市","朴子","電話調查","待指派","","亮均分類表單同步 | 2026-07-07 14:26:21","1","","0","0","0","","2026-08-16 22:25:53.099+00","已有台語來源狀態但缺少台語review"
"19467","ST22936","嘉義縣","朴子市","大鄉里","廟口","電話調查","待指派","","亮均分類表單同步 | 2026-07-07 14:26:21","1","","0","0","0","","2026-08-16 22:25:53.099+00","已有台語來源狀態但缺少台語review"
"19468","ST23032","嘉義縣","東石鄉","東石鄉","中截","現場調查","待指派","","亮均分類表單同步 | 2026-07-07 14:26:21","1","","0","0","0","","2026-08-16 22:25:53.099+00","已有台語來源狀態但缺少台語review"
"19469","ST23033","嘉義縣","東石鄉","下揖村","西爿","電話調查","待指派","","亮均分類表單同步 | 2026-07-07 14:26:21","1","","0","0","0","","2026-08-16 22:25:53.099+00","已有台語來源狀態但缺少台語review"
"19470","ST23038","嘉義縣","東石鄉","東石鄉","副瀨","電話調查","待指派","","亮均分類表單同步 | 2026-07-07 14:26:21","1","","0","0","0","","2026-08-16 22:25:53.099+00","已有台語來源狀態但缺少台語review"
"19471","ST23039","嘉義縣","東石鄉","港口村","蚶仔寮","現場調查","待指派","","亮均分類表單同步 | 2026-07-07 14:26:21","1","","0","0","0","","2026-08-16 22:25:53.099+00","已有台語來源狀態但缺少台語review"
"19472","ST23040","嘉義縣","東石鄉","東石鄉","月眉池","電話調查","待指派","","亮均分類表單同步 | 2026-07-07 14:26:21","1","","0","0","0","","2026-08-16 22:25:53.099+00","已有台語來源狀態但缺少台語review"
"19473","ST23042","嘉義縣","東石鄉","東石鄉","塭港","現場調查","待指派","","亮均分類表單同步 | 2026-07-07 14:26:21","1","","0","0","0","","2026-08-16 22:25:53.099+00","已有台語來源狀態但缺少台語review"
"19474","ST23044","嘉義縣","東石鄉","東石鄉","壽島","現場調查","待指派","","亮均分類表單同步 | 2026-07-07 14:26:21","1","","0","0","0","","2026-08-16 22:25:53.099+00","已有台語來源狀態但缺少台語review"
"19475","ST23047","嘉義縣","東石鄉","掌潭村","白水湖","電話調查","待指派","","亮均分類表單同步 | 2026-07-07 14:26:21","1","","0","0","0","","2026-08-16 22:25:53.099+00","已有台語來源狀態但缺少台語review"
"19476","ST23048","嘉義縣","東石鄉","東石鄉","網寮","電話調查","待指派","","亮均分類表單同步 | 2026-07-07 14:26:21","1","","0","0","0","","2026-08-16 22:25:53.099+00","已有台語來源狀態但缺少台語review"
"19477","ST23049","嘉義縣","東石鄉","東石鄉","後埔","電話調查","待指派","","亮均分類表單同步 | 2026-07-07 14:26:21","1","","0","0","0","","2026-08-16 22:25:53.099+00","已有台語來源狀態但缺少台語review"
"19478","ST23050","嘉義縣","東石鄉","東石鄉","鰲鼓","現場調查","待指派","","亮均分類表單同步 | 2026-07-07 14:26:21","1","","0","0","0","","2026-08-16 22:25:53.099+00","已有台語來源狀態但缺少台語review"
"19479","ST23055","嘉義縣","東石鄉","東石鄉","北線","電話調查","待指派","","亮均分類表單同步 | 2026-07-07 14:26:21","1","","0","0","0","","2026-08-16 22:25:53.099+00","已有台語來源狀態但缺少台語review"
"19480","ST23061","嘉義縣","東石鄉","東石鄉","南線","電話調查","待指派","","亮均分類表單同步 | 2026-07-07 14:26:21","1","","0","0","0","","2026-08-16 22:25:53.099+00","已有台語來源狀態但缺少台語review"
"19481","ST23063","嘉義縣","東石鄉","東石村","東石","電話調查","待指派","","亮均分類表單同步 | 2026-07-07 05:28:25","1","","0","0","0","","2026-08-16 22:25:53.099+00","已有台語來源狀態但缺少台語review"
"19482","ST23157","嘉義縣","梅山鄉","瑞峰村","坔埔","電話調查","待指派","","亮均分類表單同步 | 2026-06-25 05:28:17","1","","0","0","0","","2026-08-16 22:25:53.099+00","已有台語來源狀態但缺少台語review"
"19483","ST23158","嘉義縣","梅山鄉","梅山鄉","內坑","電話調查","待指派","","亮均分類表單同步 | 2026-06-25 05:28:17","1","","0","0","0","","2026-08-16 22:25:53.099+00","已有台語來源狀態但缺少台語review"
"19484","ST23165","嘉義縣","梅山鄉","梅山鄉","公田","電話調查","待指派","","亮均分類表單同步 | 2026-06-25 05:28:17","1","","0","0","0","","2026-08-16 22:25:53.099+00","已有台語來源狀態但缺少台語review"
"19485","ST23166","嘉義縣","梅山鄉","過山村","過山","電話調查","待指派","","亮均分類表單同步 | 2026-06-25 05:28:17","1","","0","0","0","","2026-08-16 22:25:53.099+00","已有台語來源狀態但缺少台語review"
"19486","ST23168","嘉義縣","梅山鄉","太興村","太興","電話調查","待指派","","亮均分類表單同步 | 2026-06-25 05:28:17","1","","0","0","0","","2026-08-16 22:25:53.099+00","已有台語來源狀態但缺少台語review"
"19487","ST23169","嘉義縣","梅山鄉","梅山鄉","青園","電話調查","待指派","","亮均分類表單同步 | 2026-06-25 05:28:17","1","","0","0","0","","2026-08-16 22:25:53.099+00","已有台語來源狀態但缺少台語review"
"19488","ST23170","嘉義縣","梅山鄉","永興村","山美","電話調查","待指派","","亮均分類表單同步 | 2026-06-25 05:28:17","1","","0","0","0","","2026-08-16 22:25:53.099+00","已有台語來源狀態但缺少台語review"
"19489","ST23172","嘉義縣","梅山鄉","瑞峰村","瑞峰","電話調查","待指派","","亮均分類表單同步 | 2026-06-25 05:28:17","1","","0","0","0","","2026-08-16 22:25:53.099+00","已有台語來源狀態但缺少台語review"
"19490","ST23176","嘉義縣","梅山鄉","瑞里村","瑞里","電話調查","待指派","","亮均分類表單同步 | 2026-06-25 05:28:17","1","","0","0","0","","2026-08-16 22:25:53.099+00","已有台語來源狀態但缺少台語review"
"19491","ST23182","嘉義縣","梅山鄉","太和村","太和","電話調查","待指派","","亮均分類表單同步 | 2026-06-25 05:28:17","1","","0","0","0","","2026-08-16 22:25:53.099+00","已有台語來源狀態但缺少台語review"
"19492","ST23186","嘉義縣","梅山鄉","梅山鄉","平路","電話調查","待指派","","亮均分類表單同步 | 2026-06-25 05:28:17","1","","0","0","0","","2026-08-16 22:25:53.099+00","已有台語來源狀態但缺少台語review"
"19493","ST23187","嘉義縣","梅山鄉","太和村","口湖","電話調查","待指派","","亮均分類表單同步 | 2026-06-25 05:28:17","1","","0","0","0","","2026-08-16 22:25:53.099+00","已有台語來源狀態但缺少台語review"
"19494","ST23188","嘉義縣","梅山鄉","梅山鄉","梅山","電話調查","待指派","","亮均分類表單同步 | 2026-06-25 05:28:17","1","","0","0","0","","2026-08-16 22:25:53.099+00","已有台語來源狀態但缺少台語review"
"19495","ST23190","嘉義縣","梅山鄉","圳南村","大豐","電話調查","待指派","","亮均分類表單同步 | 2026-06-25 05:28:17","1","","0","0","0","","2026-08-16 22:25:53.099+00","已有台語來源狀態但缺少台語review"
"19496","ST23323","嘉義縣","民雄鄉","菁埔村","東巷","電話調查","待指派","","亮均分類表單同步 | 2026-07-02 05:28:32","1","","0","0","0","","2026-08-16 22:25:53.099+00","已有台語來源狀態但缺少台語review"
"19497","ST23324","嘉義縣","民雄鄉","東湖村","湖頭","電話調查","待指派","","亮均分類表單同步 | 2026-07-02 05:28:32","1","","0","0","0","","2026-08-16 22:25:53.099+00","已有台語來源狀態但缺少台語review"
"19498","ST23325","嘉義縣","民雄鄉","秀林村","林仔尾","電話調查","待指派","","亮均分類表單同步 | 2026-07-02 05:28:32","1","","0","0","0","","2026-08-16 22:25:53.099+00","已有台語來源狀態但缺少台語review"
"19499","ST23327","嘉義縣","民雄鄉","大崎村","彩虹城","電話調查","待指派","","亮均分類表單同步 | 2026-07-02 05:28:32","1","","0","0","0","","2026-08-16 22:25:53.099+00","已有台語來源狀態但缺少台語review"
"19500","ST23331","嘉義縣","民雄鄉","民雄鄉","客人仔","電話調查","待指派","","亮均分類表單同步 | 2026-07-02 05:28:32","1","","0","0","0","","2026-08-16 22:25:53.099+00","已有台語來源狀態但缺少台語review"
"19501","ST23332","嘉義縣","民雄鄉","民雄鄉","江厝店","電話調查","待指派","","亮均分類表單同步 | 2026-07-02 05:28:32","1","","0","0","0","","2026-08-16 22:25:53.099+00","已有台語來源狀態但缺少台語review"
"19502","ST23333","嘉義縣","民雄鄉","民雄鄉","北勢子","電話調查","待指派","","亮均分類表單同步 | 2026-07-02 05:28:32","1","","0","0","0","","2026-08-16 22:25:53.099+00","已有台語來源狀態但缺少台語review"
"19503","ST23338","嘉義縣","民雄鄉","文隆村","鴨母坔","電話調查","待指派","","亮均分類表單同步 | 2026-07-02 05:28:32","1","","0","0","0","","2026-08-16 22:25:53.099+00","已有台語來源狀態但缺少台語review"
"19504","ST23339","嘉義縣","民雄鄉","金興村","桂花鄉","電話調查","待指派","","亮均分類表單同步 | 2026-07-02 05:28:32","1","","0","0","0","","2026-08-16 22:25:53.099+00","已有台語來源狀態但缺少台語review"
"19505","ST23341","嘉義縣","民雄鄉","豐收村","內窩","現場調查","待指派","","亮均分類表單同步 | 2026-07-02 05:28:32","1","","0","0","0","","2026-08-16 22:25:53.099+00","已有台語來源狀態但缺少台語review"
"19506","ST23343","嘉義縣","民雄鄉","金興村","金世界","電話調查","待指派","","亮均分類表單同步 | 2026-07-02 05:28:32","1","","0","0","0","","2026-08-16 22:25:53.099+00","已有台語來源狀態但缺少台語review"
"19507","ST23344","嘉義縣","民雄鄉","秀林村","東義","電話調查","待指派","","亮均分類表單同步 | 2026-07-02 05:28:32","1","","0","0","0","","2026-08-16 22:25:53.099+00","已有台語來源狀態但缺少台語review"
"19508","ST23350","嘉義縣","民雄鄉","民雄鄉","頭橋","電話調查","待指派","","亮均分類表單同步 | 2026-07-02 05:28:32","1","","0","0","0","","2026-08-16 22:25:53.099+00","已有台語來源狀態但缺少台語review"
"19509","ST23359","嘉義縣","民雄鄉","豐收村","好收","現場調查","待指派","","亮均分類表單同步 | 2026-07-02 05:28:32","1","","0","0","0","","2026-08-16 22:25:53.099+00","已有台語來源狀態但缺少台語review"
"19510","ST23361","嘉義縣","民雄鄉","民雄鄉","頂頭","電話調查","待指派","","亮均分類表單同步 | 2026-07-02 05:28:32","1","","0","0","0","","2026-08-16 22:25:53.099+00","已有台語來源狀態但缺少台語review"
"19511","ST23367","嘉義縣","民雄鄉","雙福村","雙福","現場調查","待指派","","亮均分類表單同步 | 2026-07-02 05:28:32","1","","0","0","0","","2026-08-16 22:25:53.099+00","已有台語來源狀態但缺少台語review"
"19512","ST23369","嘉義縣","民雄鄉","大崎村","六福","電話調查","待指派","","亮均分類表單同步 | 2026-07-02 05:28:32","1","","0","0","0","","2026-08-16 22:25:53.099+00","已有台語來源狀態但缺少台語review"
"19513","ST23373","嘉義縣","民雄鄉","民雄鄉","菜園","電話調查","待指派","","亮均分類表單同步 | 2026-07-02 05:28:32","1","","0","0","0","","2026-08-16 22:25:53.099+00","已有台語來源狀態但缺少台語review"
"19514","ST23375","嘉義縣","民雄鄉","大崎村","鳳凰城","電話調查","待指派","","亮均分類表單同步 | 2026-07-02 05:28:32","1","","0","0","0","","2026-08-16 22:25:53.099+00","已有台語來源狀態但缺少台語review"
"19515","ST23380","嘉義縣","民雄鄉","北斗村","工業區","電話調查","待指派","","亮均分類表單同步 | 2026-07-02 05:28:32","1","","0","0","0","","2026-08-16 22:25:53.099+00","已有台語來源狀態但缺少台語review"
"19516","ST23528","嘉義縣","水上鄉","水頭村","水堀頭","電話調查","待指派","","亮均分類表單同步 | 2026-07-07 14:26:21","1","","0","0","0","","2026-08-16 22:25:53.099+00","已有台語來源狀態但缺少台語review"
"19517","ST23530","嘉義縣","水上鄉","水上鄉","下山腳","電話調查","待指派","","亮均分類表單同步 | 2026-07-07 14:26:21","1","","0","0","0","","2026-08-16 22:25:53.099+00","已有台語來源狀態但缺少台語review"
"19518","ST23531","嘉義縣","水上鄉","水上鄉","十一指厝","電話調查","待指派","","亮均分類表單同步 | 2026-07-07 14:26:21","1","","0","0","0","","2026-08-16 22:25:53.099+00","已有台語來源狀態但缺少台語review"
"19519","ST23535","嘉義縣","水上鄉","水上鄉","頂過溝","電話調查","待指派","","亮均分類表單同步 | 2026-07-07 14:26:21","1","","0","0","0","","2026-08-16 22:25:53.099+00","已有台語來源狀態但缺少台語review"
"19520","ST23536","嘉義縣","水上鄉","溪洲村","頂廍","電話調查","待指派","","亮均分類表單同步 | 2026-07-07 14:26:21","1","","0","0","0","","2026-08-16 22:25:53.099+00","已有台語來源狀態但缺少台語review"
"19521","ST23537","嘉義縣","水上鄉","水上鄉","外林","電話調查","待指派","","亮均分類表單同步 | 2026-07-07 14:26:21","1","","0","0","0","","2026-08-16 22:25:53.099+00","已有台語來源狀態但缺少台語review"
"19522","ST23540","嘉義縣","水上鄉","水上鄉","三界埔","現場調查","待指派","","亮均分類表單同步 | 2026-07-07 14:26:21","1","","0","0","0","","2026-08-16 22:25:53.099+00","已有台語來源狀態但缺少台語review"
"19523","ST23542","嘉義縣","水上鄉","水上村","糖間","電話調查","待指派","","亮均分類表單同步 | 2026-07-07 14:26:21","1","","0","0","0","","2026-08-16 22:25:53.099+00","已有台語來源狀態但缺少台語review"
"19524","ST23547","嘉義縣","水上鄉","柳林村","柳林","電話調查","待指派","","亮均分類表單同步 | 2026-07-07 14:26:21","1","","0","0","0","","2026-08-16 22:25:53.099+00","已有台語來源狀態但缺少台語review"
"19525","ST23548","嘉義縣","水上鄉","忠和村","高炮","電話調查","待指派","","亮均分類表單同步 | 2026-07-07 14:26:21","1","","0","0","0","","2026-08-16 22:25:53.099+00","已有台語來源狀態但缺少台語review"
"19526","ST23549","嘉義縣","水上鄉","回歸村","北回","電話調查","待指派","","亮均分類表單同步 | 2026-07-07 14:26:21","1","","0","0","0","","2026-08-16 22:25:53.099+00","已有台語來源狀態但缺少台語review"
"19527","ST23550","嘉義縣","水上鄉","忠和村","國際城","電話調查","待指派","","亮均分類表單同步 | 2026-07-07 14:26:21","1","","0","0","0","","2026-08-16 22:25:53.099+00","已有台語來源狀態但缺少台語review"
"19528","ST23552","嘉義縣","水上鄉","南鄉村","牛稠埔","電話調查","待指派","","亮均分類表單同步 | 2026-07-07 14:26:21","1","","0","0","0","","2026-08-16 22:25:53.099+00","已有台語來源狀態但缺少台語review"
"19529","ST23555","嘉義縣","水上鄉","忠和村","尚美","電話調查","待指派","","亮均分類表單同步 | 2026-07-07 14:26:21","1","","0","0","0","","2026-08-16 22:25:53.099+00","已有台語來源狀態但缺少台語review"
"19530","ST23565","嘉義縣","水上鄉","中庄村","真善美","電話調查","待指派","","亮均分類表單同步 | 2026-07-07 14:26:21","1","","0","0","0","","2026-08-16 22:25:53.099+00","已有台語來源狀態但缺少台語review"
"19531","ST23567","嘉義縣","水上鄉","粗溪村","老店","現場調查","待指派","","亮均分類表單同步 | 2026-07-07 14:26:21","1","","0","0","0","","2026-08-16 22:25:53.099+00","已有台語來源狀態但缺少台語review"
"19532","ST23569","嘉義縣","水上鄉","國姓村","龜頭","電話調查","待指派","","亮均分類表單同步 | 2026-07-07 14:26:21","1","","0","0","0","","2026-08-16 22:25:53.099+00","已有台語來源狀態但缺少台語review"
"19533","ST23570","嘉義縣","水上鄉","水上鄉","巷口","現場調查","待指派","","亮均分類表單同步 | 2026-07-07 14:26:21","1","","0","0","0","","2026-08-16 22:25:53.099+00","已有台語來源狀態但缺少台語review"
"19534","ST23571","嘉義縣","水上鄉","南和村","彩虹","電話調查","待指派","","亮均分類表單同步 | 2026-07-07 14:26:21","1","","0","0","0","","2026-08-16 22:25:53.099+00","已有台語來源狀態但缺少台語review"
"19535","ST23670","嘉義縣","溪口鄉","柳溝村","柳子溝","直接標注","待指派","","亮均分類表單同步 | 2026-07-02 05:28:32","1","","0","0","0","","2026-08-16 22:25:53.099+00","已有台語來源狀態但缺少台語review"
"19536","ST23675","嘉義縣","溪口鄉","溪口鄉","上崙","現場調查","待指派","","亮均分類表單同步 | 2026-07-02 05:28:32","1","","0","0","0","","2026-08-16 22:25:53.099+00","已有台語來源狀態但缺少台語review"
"19537","ST23676","嘉義縣","溪口鄉","溪口鄉","天赦","現場調查","待指派","","亮均分類表單同步 | 2026-07-02 05:28:32","1","","0","0","0","","2026-08-16 22:25:53.099+00","已有台語來源狀態但缺少台語review"
"19538","ST23677","嘉義縣","溪口鄉","溪口鄉","下崙","電話調查","待指派","","亮均分類表單同步 | 2026-07-02 05:28:32","1","","0","0","0","","2026-08-16 22:25:53.099+00","已有台語來源狀態但缺少台語review"
"19539","ST23678","嘉義縣","溪口鄉","溪口鄉","崙尾","電話調查","待指派","","亮均分類表單同步 | 2026-07-02 05:28:32","1","","0","0","0","","2026-08-16 22:25:53.099+00","已有台語來源狀態但缺少台語review"
"19540","ST23679","嘉義縣","溪口鄉","溪口鄉","前港","電話調查","待指派","","亮均分類表單同步 | 2026-07-02 05:28:32","1","","0","0","0","","2026-08-16 22:25:53.099+00","已有台語來源狀態但缺少台語review"
"19541","ST23680","嘉義縣","溪口鄉","溪口鄉","後港","電話調查","待指派","","亮均分類表單同步 | 2026-07-02 05:28:32","1","","0","0","0","","2026-08-16 22:25:53.099+00","已有台語來源狀態但缺少台語review"
"19542","ST23719","嘉義縣","番路鄉","公田村","二延平","現場調查","待指派","","亮均分類表單同步 | 2026-06-25 05:28:17","1","","0","0","0","","2026-08-16 22:25:53.099+00","已有台語來源狀態但缺少台語review"
"19543","ST23722","嘉義縣","番路鄉","番路鄉","三姓","電話調查","待指派","","亮均分類表單同步 | 2026-06-29 17:39:13","1","","0","0","0","","2026-08-16 22:25:53.099+00","已有台語來源狀態但缺少台語review"
"19544","ST23727","嘉義縣","番路鄉","公興村","竹湖","電話調查","待指派","","亮均分類表單同步 | 2026-06-29 17:39:13","1","","0","0","0","","2026-08-16 22:25:53.099+00","已有台語來源狀態但缺少台語review"
"19545","ST23731","嘉義縣","番路鄉","新福村","鳳梨園","電話調查","待指派","","亮均分類表單同步 | 2026-06-29 17:39:13","1","","0","0","0","","2026-08-16 22:25:53.099+00","已有台語來源狀態但缺少台語review"
"19546","ST23732","嘉義縣","番路鄉","番路村","番路","電話調查","待指派","","亮均分類表單同步 | 2026-06-29 17:39:13","1","","0","0","0","","2026-08-16 22:25:53.099+00","已有台語來源狀態但缺少台語review"
"19547","ST23739","嘉義縣","番路鄉","民和村","頂客","電話調查","待指派","","亮均分類表單同步 | 2026-06-29 17:39:13","1","","0","0","0","","2026-08-16 22:25:53.099+00","已有台語來源狀態但缺少台語review"
"19548","ST23741","嘉義縣","番路鄉","草山村","大吹","電話調查","待指派","","亮均分類表單同步 | 2026-06-29 17:39:13","1","","0","0","0","","2026-08-16 22:25:53.099+00","已有台語來源狀態但缺少台語review"
"19549","ST23743","嘉義縣","番路鄉","番路鄉","客庄","電話調查","待指派","","亮均分類表單同步 | 2026-06-29 17:39:13","1","","0","0","0","","2026-08-16 22:25:53.1+00","已有台語來源狀態但缺少台語review"
"19550","ST23746","嘉義縣","番路鄉","番路鄉","竹山","電話調查","待指派","","亮均分類表單同步 | 2026-06-29 17:39:13","1","","0","0","0","","2026-08-16 22:25:53.1+00","已有台語來源狀態但缺少台語review"
"19551","ST23748","嘉義縣","番路鄉","番路鄉","烏山頭","電話調查","待指派","","亮均分類表單同步 | 2026-06-29 17:39:13","1","","0","0","0","","2026-08-16 22:25:53.1+00","已有台語來源狀態但缺少台語review"
"19552","ST23750","嘉義縣","番路鄉","番路鄉","下路","電話調查","待指派","","亮均分類表單同步 | 2026-06-29 17:39:13","1","","0","0","0","","2026-08-16 22:25:53.1+00","已有台語來源狀態但缺少台語review"
"19553","ST23853","嘉義縣","竹崎鄉","竹崎鄉","溪灘","電話調查","待指派","","亮均分類表單同步 | 2026-06-25 05:28:17","1","","0","0","0","","2026-08-16 22:25:53.1+00","已有台語來源狀態但缺少台語review"
"19554","ST23854","嘉義縣","竹崎鄉","竹崎鄉","埤頂","電話調查","待指派","","亮均分類表單同步 | 2026-06-25 05:28:17","1","","0","0","0","","2026-08-16 22:25:53.1+00","已有台語來源狀態但缺少台語review"
"19555","ST23856","嘉義縣","竹崎鄉","竹崎鄉","山子門","電話調查","待指派","","亮均分類表單同步 | 2026-06-25 05:28:17","1","","0","0","0","","2026-08-16 22:25:53.1+00","已有台語來源狀態但缺少台語review"
"19556","ST23859","嘉義縣","竹崎鄉","竹崎鄉","溪心寮","電話調查","待指派","","亮均分類表單同步 | 2026-06-25 05:28:17","1","","0","0","0","","2026-08-16 22:25:53.1+00","已有台語來源狀態但缺少台語review"
"19557","ST23862","嘉義縣","竹崎鄉","竹崎鄉","火炭埔","電話調查","待指派","","亮均分類表單同步 | 2026-06-25 05:28:17","1","","0","0","0","","2026-08-16 22:25:53.1+00","已有台語來源狀態但缺少台語review"
"19558","ST23863","嘉義縣","竹崎鄉","昇平村","宅仔","電話調查","待指派","","亮均分類表單同步 | 2026-06-25 05:28:17","1","","0","0","0","","2026-08-16 22:25:53.1+00","已有台語來源狀態但缺少台語review"
"19559","ST23864","嘉義縣","竹崎鄉","竹崎鄉","下寮仔","電話調查","待指派","","亮均分類表單同步 | 2026-06-25 05:28:17","1","","0","0","0","","2026-08-16 22:25:53.1+00","已有台語來源狀態但缺少台語review"
"19560","ST23872","嘉義縣","竹崎鄉","昇平村","番仔園","直接標注","待指派","","亮均分類表單同步 | 2026-06-25 05:28:17","1","","0","0","0","","2026-08-16 22:25:53.1+00","已有台語來源狀態但缺少台語review"
"19561","ST23880","嘉義縣","竹崎鄉","竹崎鄉","六角亭","電話調查","待指派","","亮均分類表單同步 | 2026-06-25 05:28:17","1","","0","0","0","","2026-08-16 22:25:53.1+00","已有台語來源狀態但缺少台語review"
"19562","ST23882","嘉義縣","竹崎鄉","竹崎鄉","菜堂","電話調查","待指派","","亮均分類表單同步 | 2026-06-25 05:28:17","1","","0","0","0","","2026-08-16 22:25:53.1+00","已有台語來源狀態但缺少台語review"
"19563","ST23883","嘉義縣","竹崎鄉","竹崎鄉","灣橋","電話調查","待指派","","亮均分類表單同步 | 2026-06-25 05:28:17","1","","0","0","0","","2026-08-16 22:25:53.1+00","已有台語來源狀態但缺少台語review"
"19564","ST23884","嘉義縣","竹崎鄉","竹崎鄉","半山仔","電話調查","待指派","","亮均分類表單同步 | 2026-06-25 05:28:17","1","","0","0","0","","2026-08-16 22:25:53.1+00","已有台語來源狀態但缺少台語review"
"19565","ST23890","嘉義縣","竹崎鄉","竹崎鄉","軟歐","電話調查","待指派","","亮均分類表單同步 | 2026-06-25 05:28:17","1","","0","0","0","","2026-08-16 22:25:53.1+00","已有台語來源狀態但缺少台語review"
"19566","ST23897","嘉義縣","竹崎鄉","龍山村","大庭","現場調查","待指派","","亮均分類表單同步 | 2026-06-25 05:28:17","1","","0","0","0","","2026-08-16 22:25:53.1+00","已有台語來源狀態但缺少台語review"
"19567","ST23899","嘉義縣","竹崎鄉","竹崎鄉","石桌","電話調查","待指派","","亮均分類表單同步 | 2026-06-23 11:33:39","1","","0","0","0","","2026-08-16 22:25:53.1+00","已有台語來源狀態但缺少台語review"
"19568","ST23906","嘉義縣","竹崎鄉","沙坑村","望高寮","現場調查","待指派","","亮均分類表單同步 | 2026-06-23 11:33:39","1","","0","0","0","","2026-08-16 22:25:53.1+00","已有台語來源狀態但缺少台語review"
"19569","ST23915","嘉義縣","竹崎鄉","竹崎鄉","沙坑","電話調查","待指派","","亮均分類表單同步 | 2026-06-23 11:33:39","1","","0","0","0","","2026-08-16 22:25:53.1+00","已有台語來源狀態但缺少台語review"
"19570","ST23916","嘉義縣","竹崎鄉","桃源村","桃源","現場調查","待指派","","亮均分類表單同步 | 2026-06-23 11:33:39","1","","0","0","0","","2026-08-16 22:25:53.1+00","已有台語來源狀態但缺少台語review"
"19571","ST23922","嘉義縣","竹崎鄉","龍山村","水道","電話調查","待指派","","亮均分類表單同步 | 2026-06-23 11:33:39","1","","0","0","0","","2026-08-16 22:25:53.1+00","已有台語來源狀態但缺少台語review"
"19572","ST23929","嘉義縣","竹崎鄉","竹崎鄉","酒店","電話調查","待指派","","亮均分類表單同步 | 2026-06-23 11:33:39","1","","0","0","0","","2026-08-16 22:25:53.1+00","已有台語來源狀態但缺少台語review"
"19573","ST24119","嘉義縣","義竹鄉","傳芳村","傳芳","現場調查","待指派","","亮均分類表單同步 | 2026-07-07 14:26:21","1","","0","0","0","","2026-08-16 22:25:53.1+00","已有台語來源狀態但缺少台語review"
"19574","ST24123","嘉義縣","義竹鄉","義竹鄉","厝尾","電話調查","待指派","","亮均分類表單同步 | 2026-07-07 14:26:21","1","","0","0","0","","2026-08-16 22:25:53.1+00","已有台語來源狀態但缺少台語review"
"19575","ST24127","嘉義縣","義竹鄉","東過村","東過","現場調查","待指派","","亮均分類表單同步 | 2026-07-07 14:26:21","1","","0","0","0","","2026-08-16 22:25:53.1+00","已有台語來源狀態但缺少台語review"
"19576","ST24128","嘉義縣","義竹鄉","官和村","官和","現場調查","待指派","","亮均分類表單同步 | 2026-07-07 14:26:21","1","","0","0","0","","2026-08-16 22:25:53.1+00","已有台語來源狀態但缺少台語review"
"19577","ST24132","嘉義縣","義竹鄉","義竹鄉","六分","現場調查","待指派","","亮均分類表單同步 | 2026-07-07 14:26:21","1","","0","0","0","","2026-08-16 22:25:53.1+00","已有台語來源狀態但缺少台語review"
"19578","ST24134","嘉義縣","義竹鄉","西過村","新莊仔","電話調查","待指派","","亮均分類表單同步 | 2026-07-07 14:26:21","1","","0","0","0","","2026-08-16 22:25:53.1+00","已有台語來源狀態但缺少台語review"
"19579","ST24135","嘉義縣","義竹鄉","平溪村","菁埔","電話調查","待指派","","亮均分類表單同步 | 2026-07-07 14:26:21","1","","0","0","0","","2026-08-16 22:25:53.1+00","已有台語來源狀態但缺少台語review"
"19580","ST24140","嘉義縣","義竹鄉","頭竹村","頭竹","電話調查","待指派","","亮均分類表單同步 | 2026-07-07 14:26:21","1","","0","0","0","","2026-08-16 22:25:53.1+00","已有台語來源狀態但缺少台語review"
"19581","ST24142","嘉義縣","義竹鄉","埤前村","水碓","電話調查","待指派","","亮均分類表單同步 | 2026-07-07 14:26:21","1","","0","0","0","","2026-08-16 22:25:53.1+00","已有台語來源狀態但缺少台語review"
"19582","ST24144","嘉義縣","義竹鄉","龍蛟村","草湖","電話調查","待指派","","亮均分類表單同步 | 2026-07-07 14:26:21","1","","0","0","0","","2026-08-16 22:25:53.1+00","已有台語來源狀態但缺少台語review"
"19583","ST24145","嘉義縣","義竹鄉","義竹鄉","義竹","電話調查","待指派","","亮均分類表單同步 | 2026-07-07 14:26:21","1","","0","0","0","","2026-08-16 22:25:53.1+00","已有台語來源狀態但缺少台語review"
"19584","ST24147","嘉義縣","義竹鄉","義竹鄉","三腳貓","現場調查","待指派","","亮均分類表單同步 | 2026-07-07 14:26:21","1","","0","0","0","","2026-08-16 22:25:53.1+00","已有台語來源狀態但缺少台語review"
"19585","ST24148","嘉義縣","義竹鄉","中平村","中平","電話調查","待指派","","亮均分類表單同步 | 2026-07-07 14:26:21","1","","0","0","0","","2026-08-16 22:25:53.1+00","已有台語來源狀態但缺少台語review"
"19586","ST24262","嘉義縣","阿里山鄉","茶山村","竹子屋","原住民族","待指派","","亮均分類表單同步 | 2026-06-23 11:33:39","1","","0","0","0","","2026-08-16 22:25:53.1+00","已有台語來源狀態但缺少台語review"
"19587","ST24263","嘉義縣","阿里山鄉","阿里山鄉","竹腳","原住民族","待指派","","亮均分類表單同步 | 2026-06-23 11:33:39","1","","0","0","0","","2026-08-16 22:25:53.1+00","已有台語來源狀態但缺少台語review"
"19588","ST24266","嘉義縣","阿里山鄉","阿里山鄉","達娜伊谷","原住民族","待指派","","亮均分類表單同步 | 2026-06-23 11:33:39","1","","0","0","0","","2026-08-16 22:25:53.1+00","已有台語來源狀態但缺少台語review"
"19589","ST24267","嘉義縣","阿里山鄉","達邦村","達邦","原住民族","待指派","","亮均分類表單同步 | 2026-06-23 11:33:39","1","","0","0","0","","2026-08-16 22:25:53.1+00","已有台語來源狀態但缺少台語review"
"19590","ST24269","嘉義縣","阿里山鄉","里佳村","里佳","原住民族","待指派","","亮均分類表單同步 | 2026-06-23 11:33:39","1","","0","0","0","","2026-08-16 22:25:53.1+00","已有台語來源狀態但缺少台語review"
"19591","ST24270","嘉義縣","阿里山鄉","達邦村","特富野","原住民族","待指派","","亮均分類表單同步 | 2026-06-23 11:33:39","1","","0","0","0","","2026-08-16 22:25:53.1+00","已有台語來源狀態但缺少台語review"
"19592","ST24272","嘉義縣","阿里山鄉","達邦村","霞山","原住民族","待指派","","亮均分類表單同步 | 2026-06-23 11:33:39","1","","0","0","0","","2026-08-16 22:25:53.1+00","已有台語來源狀態但缺少台語review"
"19593","ST24274","嘉義縣","阿里山鄉","中正村","塔山","原住民族","待指派","","亮均分類表單同步 | 2026-06-23 11:33:39","1","","0","0","0","","2026-08-16 22:25:53.1+00","已有台語來源狀態但缺少台語review"
"19594","ST24275","嘉義縣","阿里山鄉","新美村","新美","原住民族","待指派","","亮均分類表單同步 | 2026-06-23 11:33:39","1","","0","0","0","","2026-08-16 22:25:53.1+00","已有台語來源狀態但缺少台語review"
"19595","ST24276","嘉義縣","阿里山鄉","中山村","石山","原住民族","待指派","","亮均分類表單同步 | 2026-06-23 11:33:39","1","","0","0","0","","2026-08-16 22:25:53.1+00","已有台語來源狀態但缺少台語review"
"19596","ST24562","嘉義縣","鹿草鄉","鹿草鄉","後堀","電話調查","待指派","","亮均分類表單同步 | 2026-07-07 14:26:21","1","","0","0","0","","2026-08-16 22:25:53.1+00","已有台語來源狀態但缺少台語review"
"19597","ST24564","嘉義縣","鹿草鄉","鹿草鄉","西港仔","直接標注","待指派","","亮均分類表單同步 | 2026-07-07 14:26:21","1","","0","0","0","","2026-08-16 22:25:53.1+00","已有台語來源狀態但缺少台語review"
"19598","ST24565","嘉義縣","鹿草鄉","鹿草鄉","重寮","電話調查","待指派","","亮均分類表單同步 | 2026-07-07 14:26:21","1","","0","0","0","","2026-08-16 22:25:53.1+00","已有台語來源狀態但缺少台語review"
"19599","ST24568","嘉義縣","鹿草鄉","後堀村","枋橋","電話調查","待指派","","亮均分類表單同步 | 2026-07-07 14:26:21","1","","0","0","0","","2026-08-16 22:25:53.1+00","已有台語來源狀態但缺少台語review"
"19600","ST24570","嘉義縣","鹿草鄉","鹿草鄉","五房","電話調查","待指派","","亮均分類表單同步 | 2026-07-07 14:26:21","1","","0","0","0","","2026-08-16 22:25:53.1+00","已有台語來源狀態但缺少台語review"
"19601","ST24572","嘉義縣","鹿草鄉","鹿草鄉","麻豆店","電話調查","待指派","","亮均分類表單同步 | 2026-07-07 14:26:21","1","","0","0","0","","2026-08-16 22:25:53.1+00","已有台語來源狀態但缺少台語review"
"19602","ST24576","嘉義縣","鹿草鄉","重寮村","張寮","現場調查","待指派","","亮均分類表單同步 | 2026-07-07 14:26:21","1","","0","0","0","","2026-08-16 22:25:53.1+00","已有台語來源狀態但缺少台語review"
"19603","ST24582","嘉義縣","鹿草鄉","光潭村","二保","電話調查","待指派","","亮均分類表單同步 | 2026-07-07 14:26:21","1","","0","0","0","","2026-08-16 22:25:53.1+00","已有台語來源狀態但缺少台語review"
"19604","ST24583","嘉義縣","鹿草鄉","鹿東村","鹿東","電話調查","待指派","","亮均分類表單同步 | 2026-07-07 14:26:21","1","","0","0","0","","2026-08-16 22:25:53.1+00","已有台語來源狀態但缺少台語review"
"19605","ST24584","嘉義縣","鹿草鄉","鹿東村","草仔","電話調查","待指派","","亮均分類表單同步 | 2026-07-07 14:26:21","1","","0","0","0","","2026-08-16 22:25:53.1+00","已有台語來源狀態但缺少台語review"
"19606","ST24586","嘉義縣","鹿草鄉","鹿草鄉","鎮平","電話調查","待指派","","亮均分類表單同步 | 2026-07-07 14:26:21","1","","0","0","0","","2026-08-16 22:25:53.1+00","已有台語來源狀態但缺少台語review"
"19607","ST24590","嘉義縣","鹿草鄉","鹿草鄉","龜塔","電話調查","待指派","","亮均分類表單同步 | 2026-07-07 14:26:21","1","","0","0","0","","2026-08-16 22:25:53.1+00","已有台語來源狀態但缺少台語review"
"19608","ST24591","嘉義縣","鹿草鄉","後寮村","石敢當","電話調查","待指派","","亮均分類表單同步 | 2026-07-07 14:26:21","1","","0","0","0","","2026-08-16 22:25:53.1+00","已有台語來源狀態但缺少台語review"
"19609","ST24592","嘉義縣","鹿草鄉","西井村","三角湧","電話調查","待指派","","亮均分類表單同步 | 2026-07-07 14:26:21","1","","0","0","0","","2026-08-16 22:25:53.1+00","已有台語來源狀態但缺少台語review"
"19610","ST24594","嘉義縣","鹿草鄉","鹿草鄉","四房","電話調查","待指派","","亮均分類表單同步 | 2026-07-07 14:26:21","1","","0","0","0","","2026-08-16 22:25:53.1+00","已有台語來源狀態但缺少台語review"
"19611","ST24597","嘉義縣","鹿草鄉","鹿草鄉","中館","電話調查","待指派","","亮均分類表單同步 | 2026-07-07 14:26:21","1","","0","0","0","","2026-08-16 22:25:53.1+00","已有台語來源狀態但缺少台語review"
"19612","ST24601","嘉義縣","鹿草鄉","鹿草鄉","西館","電話調查","待指派","","亮均分類表單同步 | 2026-07-07 14:26:21","1","","0","0","0","","2026-08-16 22:25:53.1+00","已有台語來源狀態但缺少台語review"
"19613","ST24602","嘉義縣","鹿草鄉","鹿草鄉","東館","電話調查","待指派","","亮均分類表單同步 | 2026-07-07 14:26:21","1","","0","0","0","","2026-08-16 22:25:53.1+00","已有台語來源狀態但缺少台語review"
"19614","ST24604","嘉義縣","鹿草鄉","鹿草鄉","馬稠後","電話調查","待指派","","亮均分類表單同步 | 2026-07-07 14:26:21","1","","0","0","0","","2026-08-16 22:25:53.1+00","已有台語來源狀態但缺少台語review"
"19615","ST24606","嘉義縣","鹿草鄉","後寮村","深溝","電話調查","待指派","","亮均分類表單同步 | 2026-07-07 14:26:21","1","","0","0","0","","2026-08-16 22:25:53.1+00","已有台語來源狀態但缺少台語review"
"19616","ST24609","嘉義縣","鹿草鄉","鹿草鄉","鹿草","電話調查","待指派","","亮均分類表單同步 | 2026-07-07 14:26:21","1","","0","0","0","","2026-08-16 22:25:53.1+00","已有台語來源狀態但缺少台語review"
"19617","ST24612","嘉義縣","鹿草鄉","鹿草鄉","大宅","電話調查","待指派","","亮均分類表單同步 | 2026-07-07 14:26:21","1","","0","0","0","","2026-08-16 22:25:53.1+00","已有台語來源狀態但缺少台語review"
"19618","ST24613","嘉義縣","鹿草鄉","碧潭村","碧潭","電話調查","待指派","","亮均分類表單同步 | 2026-07-07 14:26:21","1","","0","0","0","","2026-08-16 22:25:53.1+00","已有台語來源狀態但缺少台語review"
"19619","ST24615","嘉義縣","鹿草鄉","碧潭村","龍穴","電話調查","待指派","","亮均分類表單同步 | 2026-07-07 14:26:21","1","","0","0","0","","2026-08-16 22:25:53.1+00","已有台語來源狀態但缺少台語review"
"19620","ST24617","嘉義縣","鹿草鄉","松竹村","書房","電話調查","待指派","","亮均分類表單同步 | 2026-07-07 14:26:21","1","","0","0","0","","2026-08-16 22:25:53.1+00","已有台語來源狀態但缺少台語review"
"19637","ST24813","南投縣","仁愛鄉","南豐村","夢谷","原住民族","待指派","","亮均分類表單同步 | 2026-06-23 11:33:39","1","","0","0","0","","2026-08-16 22:25:53.102+00","已有台語來源狀態但缺少台語review"
"19638","ST24814","南投縣","仁愛鄉","新生村","眉原","原住民族","待指派","","亮均分類表單同步 | 2026-06-23 11:33:39","1","","0","0","0","","2026-08-16 22:25:53.102+00","已有台語來源狀態但缺少台語review"
"19639","ST24815","南投縣","仁愛鄉","萬豐村","曲冰","原住民族","待指派","","亮均分類表單同步 | 2026-06-23 11:33:39","1","","0","0","0","","2026-08-16 22:25:53.102+00","已有台語來源狀態但缺少台語review"
"19640","ST24817","南投縣","仁愛鄉","力行村","翠巒","原住民族","待指派","","亮均分類表單同步 | 2026-04-27 22:10:34","1","","0","0","0","","2026-08-16 22:25:53.102+00","已有台語來源狀態但缺少台語review"
"19641","ST24818","南投縣","仁愛鄉","發祥村","紅香","原住民族","待指派","","亮均分類表單同步 | 2026-06-23 11:33:39","1","","0","0","0","","2026-08-16 22:25:53.102+00","已有台語來源狀態但缺少台語review"
"19642","ST24819","南投縣","仁愛鄉","互助村","川中島","原住民族","待指派","","亮均分類表單同步 | 2026-06-23 11:33:39","1","","0","0","0","","2026-08-16 22:25:53.102+00","已有台語來源狀態但缺少台語review"
"19643","ST24820","南投縣","仁愛鄉","力行村","松嶺","原住民族","待指派","","亮均分類表單同步 | 2026-06-23 11:33:39","1","","0","0","0","","2026-08-16 22:25:53.102+00","已有台語來源狀態但缺少台語review"
"19644","ST24821","南投縣","仁愛鄉","法治村","武界","原住民族","待指派","","亮均分類表單同步 | 2026-06-23 11:33:39","1","","0","0","0","","2026-08-16 22:25:53.102+00","已有台語來源狀態但缺少台語review"
"19645","ST24822","南投縣","仁愛鄉","親愛村","松林","原住民族","待指派","","亮均分類表單同步 | 2026-06-23 11:33:39","1","","0","0","0","","2026-08-16 22:25:53.102+00","已有台語來源狀態但缺少台語review"
"19646","ST24823","南投縣","仁愛鄉","合作村","靜觀","原住民族","待指派","","亮均分類表單同步 | 2026-06-23 11:33:39","1","","0","0","0","","2026-08-16 22:25:53.102+00","已有台語來源狀態但缺少台語review"
"19647","ST24824","南投縣","仁愛鄉","親愛村","奧萬大","原住民族","待指派","","亮均分類表單同步 | 2026-06-23 11:33:39","1","","0","0","0","","2026-08-16 22:25:53.102+00","已有台語來源狀態但缺少台語review"
"19648","ST24825","南投縣","仁愛鄉","春陽村","春陽","原住民族","待指派","","亮均分類表單同步 | 2026-04-27 22:10:34","1","","0","0","0","","2026-08-16 22:25:53.102+00","已有台語來源狀態但缺少台語review"
"19649","ST24827","南投縣","仁愛鄉","合作村","平生","原住民族","待指派","","亮均分類表單同步 | 2026-06-23 11:33:39","1","","0","0","0","","2026-08-16 22:25:53.102+00","已有台語來源狀態但缺少台語review"
"19650","ST24828","南投縣","仁愛鄉","精英村","廬山","原住民族","待指派","","亮均分類表單同步 | 2026-06-23 11:33:39","1","","0","0","0","","2026-08-16 22:25:53.102+00","已有台語來源狀態但缺少台語review"
"19651","ST24830","南投縣","仁愛鄉","親愛村","萬大","原住民族","待指派","","亮均分類表單同步 | 2026-06-23 11:33:39","1","","0","0","0","","2026-08-16 22:25:53.102+00","已有台語來源狀態但缺少台語review"
"19652","ST24831","南投縣","仁愛鄉","大同村","武嶺","原住民族","待指派","","亮均分類表單同步 | 2026-06-23 11:33:39","1","","0","0","0","","2026-08-16 22:25:53.102+00","已有台語來源狀態但缺少台語review"
"19653","ST24833","南投縣","仁愛鄉","親愛村","親愛","原住民族","待指派","","亮均分類表單同步 | 2026-06-23 11:33:39","1","","0","0","0","","2026-08-16 22:25:53.102+00","已有台語來源狀態但缺少台語review"
"19654","ST24835","南投縣","仁愛鄉","精英村","平靜","原住民族","待指派","","亮均分類表單同步 | 2026-06-23 11:33:39","1","","0","0","0","","2026-08-16 22:25:53.102+00","已有台語來源狀態但缺少台語review"
"19660","ST24880","南投縣","信義鄉","潭南村","潭南","原住民族","待指派","","亮均分類表單同步 | 2026-06-23 11:33:39","1","","0","0","0","","2026-08-16 22:25:53.102+00","已有台語來源狀態但缺少台語review"
"19661","ST24883","南投縣","信義鄉","新鄉村","新鄉","原住民族","待指派","","亮均分類表單同步 | 2026-06-23 11:33:39","1","","0","0","0","","2026-08-16 22:25:53.102+00","已有台語來源狀態但缺少台語review"
"19662","ST24884","南投縣","信義鄉","羅娜村","羅娜","原住民族","待指派","","亮均分類表單同步 | 2026-06-23 11:33:39","1","","0","0","0","","2026-08-16 22:25:53.102+00","已有台語來源狀態但缺少台語review"
"19663","ST24885","南投縣","信義鄉","東埔村","八通關","原住民族","待指派","","亮均分類表單同步 | 2026-06-23 11:33:39","1","","0","0","0","","2026-08-16 22:25:53.102+00","已有台語來源狀態但缺少台語review"
"19664","ST24886","南投縣","信義鄉","人和村","人倫","原住民族","待指派","","亮均分類表單同步 | 2026-04-27 22:10:34","1","","0","0","0","","2026-08-16 22:25:53.102+00","已有台語來源狀態但缺少台語review"
"19676","ST24939","南投縣","南投市","永豐里","林子","直接標注","待指派","","亮均分類表單同步 | 2026-06-23 11:33:39","1","","0","0","0","","2026-08-16 22:25:53.102+00","已有台語來源狀態但缺少台語review"
"19677","ST24942","南投縣","南投市","光華里","中興新村","直接標注","待指派","","亮均分類表單同步 | 2026-06-23 11:33:39","1","","0","0","0","","2026-08-16 22:25:53.102+00","已有台語來源狀態但缺少台語review"
"19678","ST24943","南投縣","南投市","","南投","直接標注","待指派","","亮均分類表單同步 | 2026-06-23 11:33:39","1","","0","0","0","","2026-08-16 22:25:53.102+00","已有台語來源狀態但缺少台語review"
"19680","ST24980","南投縣","名間鄉","中正村","庄仔","直接標注","待指派","","亮均分類表單同步 | 2026-05-12 09:13:54","1","","0","0","0","","2026-08-16 22:25:53.102+00","已有台語來源狀態但缺少台語review"
"19681","ST24981","南投縣","名間鄉","中正村","湳仔","直接標注","待指派","","亮均分類表單同步 | 2026-06-23 11:33:39","1","","0","0","0","","2026-08-16 22:25:53.102+00","已有台語來源狀態但缺少台語review"
"19687","ST25000","南投縣","名間鄉","中正村","名間","直接標注","待指派","","亮均分類表單同步 | 2026-06-23 11:33:39","1","","0","0","0","","2026-08-16 22:25:53.102+00","已有台語來源狀態但缺少台語review"
"19725","ST25295","南投縣","水里鄉","永豐村","社仔","直接標注","待指派","","亮均分類表單同步 | 2026-06-23 11:33:39","1","","0","0","0","","2026-08-16 22:25:53.102+00","已有台語來源狀態但缺少台語review"
"19730","ST25340","南投縣","竹山鎮","大鞍里","豬仔寮","直接標注","待指派","","亮均分類表單同步 | 2026-06-23 11:33:39","1","","0","0","0","","2026-08-16 22:25:53.102+00","已有台語來源狀態但缺少台語review"
"19732","ST25342","南投縣","竹山鎮","中和里","營盤口","直接標注","待指派","","亮均分類表單同步 | 2026-06-23 11:33:39","1","","0","0","0","","2026-08-16 22:25:53.102+00","已有台語來源狀態但缺少台語review"
"19735","ST25346","南投縣","竹山鎮","中崎里","桃仔園","直接標注","待指派","","亮均分類表單同步 | 2026-06-23 11:33:39","1","","0","0","0","","2026-08-16 22:25:53.102+00","已有台語來源狀態但缺少台語review"
"19744","ST25459","南投縣","草屯鎮","玉峰里","草鞋墩","直接標注","待指派","","亮均分類表單同步 | 2026-05-12 09:13:54","1","","0","0","0","","2026-08-16 22:25:53.102+00","已有台語來源狀態但缺少台語review"
"19756","ST25484","南投縣","草屯鎮","玉峰里","草屯","直接標注","待指派","","亮均分類表單同步 | 2026-06-23 11:33:39","1","","0","0","0","","2026-08-16 22:25:53.102+00","已有台語來源狀態但缺少台語review"
"19800","ST26199","宜蘭縣","冬山鄉","大興村","王爺廟","直接標注","待指派","","亮均分類表單同步 | 2026-05-04 14:43:59","1","","0","0","0","","2026-08-16 22:25:53.103+00","已有台語來源狀態但缺少台語review"
"19803","ST26204","宜蘭縣","冬山鄉","順安村","順安","直接標注","待指派","","亮均分類表單同步 | 2026-06-23 11:33:39","1","","0","0","0","","2026-08-16 22:25:53.103+00","已有台語來源狀態但缺少台語review"
"19814","ST26409","宜蘭縣","大同鄉","太平村","白系","原住民族","待指派","","亮均分類表單同步 | 2026-06-23 11:33:39","1","","0","0","0","","2026-08-16 22:25:53.103+00","已有台語來源狀態但缺少台語review"
"19815","ST26411","宜蘭縣","大同鄉","太平村","白嶺","原住民族","待指派","","亮均分類表單同步 | 2026-06-23 11:33:39","1","","0","0","0","","2026-08-16 22:25:53.103+00","已有台語來源狀態但缺少台語review"
"19816","ST26412","宜蘭縣","大同鄉","英士村","棲蘭","原住民族","待指派","","亮均分類表單同步 | 2026-05-04 14:43:59","1","","0","0","0","","2026-08-16 22:25:53.103+00","已有台語來源狀態但缺少台語review"
"19817","ST26413","宜蘭縣","大同鄉","太平村","上平","原住民族","待指派","","亮均分類表單同步 | 2026-06-23 11:33:39","1","","0","0","0","","2026-08-16 22:25:53.103+00","已有台語來源狀態但缺少台語review"
"19818","ST26414","宜蘭縣","大同鄉","樂水村","智腦","原住民族","待指派","","亮均分類表單同步 | 2026-06-23 11:33:39","1","","0","0","0","","2026-08-16 22:25:53.103+00","已有台語來源狀態但缺少台語review"
"19819","ST26415","宜蘭縣","大同鄉","英士村","梵梵","原住民族","待指派","","亮均分類表單同步 | 2026-06-23 11:33:39","1","","0","0","0","","2026-08-16 22:25:53.103+00","已有台語來源狀態但缺少台語review"
"19820","ST26417","宜蘭縣","大同鄉","四季村","見晴","原住民族","待指派","","亮均分類表單同步 | 2026-06-23 11:33:39","1","","0","0","0","","2026-08-16 22:25:53.103+00","已有台語來源狀態但缺少台語review"
"19822","ST26419","宜蘭縣","大同鄉","太平村","蘭台","原住民族","待指派","","亮均分類表單同步 | 2026-06-23 11:33:39","1","","0","0","0","","2026-08-16 22:25:53.103+00","已有台語來源狀態但缺少台語review"
"19823","ST26420","宜蘭縣","大同鄉","茂安村","仁澤","原住民族","待指派","","亮均分類表單同步 | 2026-06-23 11:33:39","1","","0","0","0","","2026-08-16 22:25:53.103+00","已有台語來源狀態但缺少台語review"
"19824","ST26421","宜蘭縣","大同鄉","英士村","明池","原住民族","待指派","","亮均分類表單同步 | 2026-05-04 14:43:59","1","","0","0","0","","2026-08-16 22:25:53.103+00","已有台語來源狀態但缺少台語review"
"19825","ST26422","宜蘭縣","大同鄉","崙埤村","玉蘭","原住民族","待指派","","亮均分類表單同步 | 2026-06-23 11:33:39","1","","0","0","0","","2026-08-16 22:25:53.103+00","已有台語來源狀態但缺少台語review"
"19826","ST26423","宜蘭縣","大同鄉","四季村","四季","原住民族","待指派","","亮均分類表單同步 | 2026-06-23 11:33:39","1","","0","0","0","","2026-08-16 22:25:53.103+00","已有台語來源狀態但缺少台語review"
"19827","ST26424","宜蘭縣","大同鄉","太平村","吉野","原住民族","待指派","","亮均分類表單同步 | 2026-06-23 11:33:39","1","","0","0","0","","2026-08-16 22:25:53.103+00","已有台語來源狀態但缺少台語review"
"19828","ST26426","宜蘭縣","大同鄉","太平村","中間","原住民族","待指派","","亮均分類表單同步 | 2026-06-23 11:33:39","1","","0","0","0","","2026-08-16 22:25:53.103+00","已有台語來源狀態但缺少台語review"
"19836","ST26528","宜蘭縣","礁溪鄉","大義村","東門口","直接標注","待指派","","亮均分類表單同步 | 2026-06-23 11:33:39","1","","0","0","0","","2026-08-16 22:25:53.103+00","已有台語來源狀態但缺少台語review"
"19844","ST26649","宜蘭縣","蘇澳鎮","南興里","移民仔","直接標注","待指派","","亮均分類表單同步 | 2026-06-23 11:33:39","1","","0","0","0","","2026-08-16 22:25:53.103+00","已有台語來源狀態但缺少台語review"
"19862","ST26901","基隆市","中山區","仁正里","炭寮仔","直接標注","待指派","","亮均分類表單同步 | 2026-06-23 11:33:39","1","","0","0","0","","2026-08-16 22:25:53.103+00","已有台語來源狀態但缺少台語review"
"19887","ST27230","基隆市","暖暖區","暖同里","派出所","直接標注","待指派","","亮均分類表單同步 | 2026-06-23 11:33:39","1","","0","0","0","","2026-08-16 22:25:53.103+00","已有台語來源狀態但缺少台語review"
"19888","ST27304","花蓮縣","卓溪鄉","卓清村","哈哈米","原住民族","待指派","","亮均分類表單同步 | 2026-07-07 05:28:25","1","","0","0","0","","2026-08-16 22:25:53.103+00","已有台語來源狀態但缺少台語review"
"19889","ST27305","花蓮縣","卓溪鄉","卓清村","抱崖","原住民族","待指派","","亮均分類表單同步 | 2026-07-07 05:28:25","1","","0","0","0","","2026-08-16 22:25:53.103+00","已有台語來源狀態但缺少台語review"
"19890","ST27306","花蓮縣","卓溪鄉","卓清村","黃麻","原住民族","待指派","","亮均分類表單同步 | 2026-07-07 05:28:25","1","","0","0","0","","2026-08-16 22:25:53.103+00","已有台語來源狀態但缺少台語review"
"19891","ST27307","花蓮縣","卓溪鄉","卓清村","哈比","原住民族","待指派","","亮均分類表單同步 | 2026-07-07 05:28:25","1","","0","0","0","","2026-08-16 22:25:53.103+00","已有台語來源狀態但缺少台語review"
"19892","ST27308","花蓮縣","卓溪鄉","卓清村","南安","原住民族","待指派","","亮均分類表單同步 | 2026-07-07 05:28:25","1","","0","0","0","","2026-08-16 22:25:53.103+00","已有台語來源狀態但缺少台語review"
"19893","ST27310","花蓮縣","卓溪鄉","卓清村","山陰","原住民族","待指派","","亮均分類表單同步 | 2026-07-07 05:28:25","1","","0","0","0","","2026-08-16 22:25:53.103+00","已有台語來源狀態但缺少台語review"
"19894","ST27311","花蓮縣","卓溪鄉","卓清村","山風","原住民族","待指派","","亮均分類表單同步 | 2026-07-07 05:28:25","1","","0","0","0","","2026-08-16 22:25:53.103+00","已有台語來源狀態但缺少台語review"
"19895","ST27312","花蓮縣","卓溪鄉","卓清村","大心","原住民族","待指派","","亮均分類表單同步 | 2026-07-07 05:28:25","1","","0","0","0","","2026-08-16 22:25:53.103+00","已有台語來源狀態但缺少台語review"
"19896","ST27363","花蓮縣","吉安鄉","仁里村","薄薄","原住民族","待指派","","亮均分類表單同步 | 2026-07-02 05:28:32","1","","0","0","0","","2026-08-16 22:25:53.103+00","已有台語來源狀態但缺少台語review"
"19897","ST27635","花蓮縣","玉里鎮","大禹里","信農","現場調查","待指派","","亮均分類表單同步 | 2026-07-02 05:28:32","1","","0","0","0","","2026-08-16 22:25:53.103+00","已有台語來源狀態但缺少台語review"
"19898","ST27783","花蓮縣","秀林鄉","富世村","谷園","原住民族","待指派","","亮均分類表單同步 | 2026-07-07 05:28:25","1","","0","0","0","","2026-08-16 22:25:53.103+00","已有台語來源狀態但缺少台語review"
"19899","ST27784","花蓮縣","秀林鄉","","卡拉卡","原住民族","待指派","","亮均分類表單同步 | 2026-07-07 05:28:25","1","","0","0","0","","2026-08-16 22:25:53.103+00","已有台語來源狀態但缺少台語review"
"19900","ST27785","花蓮縣","秀林鄉","富世村","洛韶","原住民族","待指派","","亮均分類表單同步 | 2026-07-07 05:28:25","1","","0","0","0","","2026-08-16 22:25:53.103+00","已有台語來源狀態但缺少台語review"
"19901","ST27786","花蓮縣","秀林鄉","銅門村","檜林","原住民族","待指派","","亮均分類表單同步 | 2026-07-07 05:28:25","1","","0","0","0","","2026-08-16 22:25:53.103+00","已有台語來源狀態但缺少台語review"
"19902","ST27787","花蓮縣","秀林鄉","富世村","玻士岸","原住民族","待指派","","亮均分類表單同步 | 2026-07-07 05:28:25","1","","0","0","0","","2026-08-16 22:25:53.103+00","已有台語來源狀態但缺少台語review"
"19903","ST27788","花蓮縣","秀林鄉","崇德村","板下","原住民族","待指派","","亮均分類表單同步 | 2026-07-07 05:28:25","1","","0","0","0","","2026-08-16 22:25:53.103+00","已有台語來源狀態但缺少台語review"
"19904","ST27791","花蓮縣","秀林鄉","秀林鄉","西寶","原住民族","待指派","","亮均分類表單同步 | 2026-07-07 05:28:25","1","","0","0","0","","2026-08-16 22:25:53.103+00","已有台語來源狀態但缺少台語review"
"19905","ST27793","花蓮縣","秀林鄉","","竹村","原住民族","待指派","","亮均分類表單同步 | 2026-07-07 05:28:25","1","","0","0","0","","2026-08-16 22:25:53.103+00","已有台語來源狀態但缺少台語review"
"19906","ST27795","花蓮縣","秀林鄉","","錐麓","原住民族","待指派","","亮均分類表單同步 | 2026-07-07 05:28:25","1","","0","0","0","","2026-08-16 22:25:53.103+00","已有台語來源狀態但缺少台語review"
"19907","ST27796","花蓮縣","秀林鄉","文蘭村","文蘭","原住民族","待指派","","亮均分類表單同步 | 2026-07-07 05:28:25","1","","0","0","0","","2026-08-16 22:25:53.103+00","已有台語來源狀態但缺少台語review"
"19908","ST27797","花蓮縣","秀林鄉","","能高","原住民族","待指派","","亮均分類表單同步 | 2026-07-07 05:28:25","1","","0","0","0","","2026-08-16 22:25:53.103+00","已有台語來源狀態但缺少台語review"
"19909","ST27798","花蓮縣","秀林鄉","秀林村","秀林","原住民族","待指派","","亮均分類表單同步 | 2026-07-07 05:28:25","1","","0","0","0","","2026-08-16 22:25:53.103+00","已有台語來源狀態但缺少台語review"
"19910","ST27799","花蓮縣","秀林鄉","富世村","碧綠","原住民族","待指派","","亮均分類表單同步 | 2026-07-07 05:28:25","1","","0","0","0","","2026-08-16 22:25:53.103+00","已有台語來源狀態但缺少台語review"
"19911","ST27802","花蓮縣","秀林鄉","","奇萊","原住民族","待指派","","亮均分類表單同步 | 2026-07-07 05:28:25","1","","0","0","0","","2026-08-16 22:25:53.103+00","已有台語來源狀態但缺少台語review"
"19912","ST27805","花蓮縣","秀林鄉","銅門村","磐石","原住民族","待指派","","亮均分類表單同步 | 2026-07-07 05:28:25","1","","0","0","0","","2026-08-16 22:25:53.103+00","已有台語來源狀態但缺少台語review"
"19913","ST27807","花蓮縣","秀林鄉","","關原","原住民族","待指派","","亮均分類表單同步 | 2026-07-07 05:28:25","1","","0","0","0","","2026-08-16 22:25:53.103+00","已有台語來源狀態但缺少台語review"
"19914","ST27810","花蓮縣","秀林鄉","水源村","水源","原住民族","待指派","","亮均分類表單同步 | 2026-07-07 05:28:25","1","","0","0","0","","2026-08-16 22:25:53.103+00","已有台語來源狀態但缺少台語review"
"19915","ST27887","花蓮縣","花蓮市","國強里","新夏","原住民族","待指派","","亮均分類表單同步 | 2026-07-02 05:28:32","1","","0","0","0","","2026-08-16 22:25:53.103+00","已有台語來源狀態但缺少台語review"
"19916","ST27950","花蓮縣","萬榮鄉","萬榮鄉","支亞干","原住民族","待指派","","亮均分類表單同步 | 2026-07-07 05:28:25","1","","0","0","0","","2026-08-16 22:25:53.103+00","已有台語來源狀態但缺少台語review"
"19917","ST27952","花蓮縣","萬榮鄉","萬榮鄉","清溪","原住民族","待指派","","亮均分類表單同步 | 2026-07-07 05:28:25","1","","0","0","0","","2026-08-16 22:25:53.103+00","已有台語來源狀態但缺少台語review"
"19918","ST27954","花蓮縣","萬榮鄉","馬遠村","東光","原住民族","待指派","","亮均分類表單同步 | 2026-07-07 05:28:25","1","","0","0","0","","2026-08-16 22:25:53.103+00","已有台語來源狀態但缺少台語review"
"19919","ST27955","花蓮縣","萬榮鄉","萬榮鄉","台地","原住民族","待指派","","亮均分類表單同步 | 2026-07-07 05:28:25","1","","0","0","0","","2026-08-16 22:25:53.103+00","已有台語來源狀態但缺少台語review"
"19920","ST27957","花蓮縣","萬榮鄉","紅葉村","紅葉","原住民族","待指派","","亮均分類表單同步 | 2026-07-07 05:28:25","1","","0","0","0","","2026-08-16 22:25:53.103+00","已有台語來源狀態但缺少台語review"
"19921","ST27979","花蓮縣","豐濱鄉","新社村","利比","原住民族","待指派","","亮均分類表單同步 | 2026-07-02 05:28:32","1","","0","0","0","","2026-08-16 22:25:53.103+00","已有台語來源狀態但缺少台語review"
"19922","ST27980","花蓮縣","豐濱鄉","靜浦村","靜浦","原住民族","待指派","","亮均分類表單同步 | 2026-07-02 05:28:32","1","","0","0","0","","2026-08-16 22:25:53.103+00","已有台語來源狀態但缺少台語review"
"19923","ST27986","花蓮縣","豐濱鄉","靜浦村","靜安","原住民族","待指派","","亮均分類表單同步 | 2026-07-02 05:28:32","1","","0","0","0","","2026-08-16 22:25:53.103+00","已有台語來源狀態但缺少台語review"
"19924","ST28033","花蓮縣","鳳林鎮","山興里","吉拉卡樣","原住民族","待指派","","亮均分類表單同步 | 2026-07-02 05:28:32","1","","0","0","0","","2026-08-16 22:25:53.103+00","已有台語來源狀態但缺少台語review"
"19925","ST28097","嘉義市","東區","新開里","跑馬場","電話調查","待指派","","亮均分類表單同步 | 2026-06-23 11:33:39","1","","0","0","0","","2026-08-16 22:25:53.103+00","已有台語來源狀態但缺少台語review"
"19926","ST28098","嘉義市","東區","盧厝里","紅毛埤","電話調查","待指派","","亮均分類表單同步 | 2026-06-23 11:33:39","1","","0","0","0","","2026-08-16 22:25:53.103+00","已有台語來源狀態但缺少台語review"
"19927","ST28099","嘉義市","東區","希康里","復興新村","直接標注","待指派","","亮均分類表單同步 | 2026-06-23 11:33:39","1","","0","0","0","","2026-08-16 22:25:53.103+00","已有台語來源狀態但缺少台語review"
"19928","ST28100","嘉義市","東區","龍山里","龍過脈","現場調查","待指派","","亮均分類表單同步 | 2026-06-23 11:33:39","1","","0","0","0","","2026-08-16 22:25:53.103+00","已有台語來源狀態但缺少台語review"
"19929","ST28101","嘉義市","東區","盧厝里","旺來山","電話調查","待指派","","亮均分類表單同步 | 2026-06-23 11:33:39","1","","0","0","0","","2026-08-16 22:25:53.103+00","已有台語來源狀態但缺少台語review"
"19930","ST28102","嘉義市","東區","文昌里","文昌閣","電話調查","待指派","","亮均分類表單同步 | 2026-06-23 11:33:39","1","","0","0","0","","2026-08-16 22:25:53.103+00","已有台語來源狀態但缺少台語review"
"19931","ST28103","嘉義市","東區","志航里","建國二村","直接標注","待指派","","亮均分類表單同步 | 2026-06-23 11:33:39","1","","0","0","0","","2026-08-16 22:25:53.103+00","已有台語來源狀態但缺少台語review"
"19932","ST28104","嘉義市","東區","大街里","布街","電話調查","待指派","","亮均分類表單同步 | 2026-06-23 11:33:39","1","","0","0","0","","2026-08-16 22:25:53.103+00","已有台語來源狀態但缺少台語review"
"19933","ST28105","嘉義市","東區","內安里","普濟寺","電話調查","待指派","","亮均分類表單同步 | 2026-06-23 11:33:39","1","","0","0","0","","2026-08-16 22:25:53.103+00","已有台語來源狀態但缺少台語review"
"19934","ST28106","嘉義市","東區","大街里","十字街","電話調查","待指派","","亮均分類表單同步 | 2026-06-23 11:33:39","1","","0","0","0","","2026-08-16 22:25:53.103+00","已有台語來源狀態但缺少台語review"
"19935","ST28109","嘉義市","東區","崇文里","協安宮","電話調查","待指派","","亮均分類表單同步 | 2026-06-23 11:33:39","1","","0","0","0","","2026-08-16 22:25:53.103+00","已有台語來源狀態但缺少台語review"
"19936","ST28112","嘉義市","東區","長竹里","山子頂","現場調查","待指派","","亮均分類表單同步 | 2026-06-23 11:33:39","1","","0","0","0","","2026-08-16 22:25:53.103+00","已有台語來源狀態但缺少台語review"
"19937","ST28114","嘉義市","東區","新店里","橘子園","電話調查","待指派","","亮均分類表單同步 | 2026-06-23 11:33:39","1","","0","0","0","","2026-08-16 22:25:53.103+00","已有台語來源狀態但缺少台語review"
"19938","ST28115","嘉義市","東區","大街里","米街","電話調查","待指派","","亮均分類表單同步 | 2026-06-23 11:33:39","1","","0","0","0","","2026-08-16 22:25:53.103+00","已有台語來源狀態但缺少台語review"
"19939","ST28119","嘉義市","東區","北城里","北門口","電話調查","待指派","","亮均分類表單同步 | 2026-06-23 11:33:39","1","","0","0","0","","2026-08-16 22:25:53.103+00","已有台語來源狀態但缺少台語review"
"19940","ST28122","嘉義市","東區","內安里","地藏庵","電話調查","待指派","","亮均分類表單同步 | 2026-06-23 11:33:39","1","","0","0","0","","2026-08-16 22:25:53.103+00","已有台語來源狀態但缺少台語review"
"19941","ST28123","嘉義市","東區","長竹里","巷尾","電話調查","待指派","","亮均分類表單同步 | 2026-06-23 11:33:39","1","","0","0","0","","2026-08-16 22:25:53.103+00","已有台語來源狀態但缺少台語review"
"19942","ST28125","嘉義市","東區","崇文里","三角窗","電話調查","待指派","","亮均分類表單同步 | 2026-06-23 11:33:39","1","","0","0","0","","2026-08-16 22:25:53.103+00","已有台語來源狀態但缺少台語review"
"19943","ST28127","嘉義市","東區","後湖里","馬場","電話調查","待指派","","亮均分類表單同步 | 2026-06-23 11:33:39","1","","0","0","0","","2026-08-16 22:25:53.103+00","已有台語來源狀態但缺少台語review"
"19944","ST28267","嘉義市","西區","美源里","園頂","電話調查","待指派","","亮均分類表單同步 | 2026-06-23 11:33:39","1","","0","0","0","","2026-08-16 22:25:53.103+00","已有台語來源狀態但缺少台語review"
"19945","ST28268","嘉義市","西區","港坪里","後莊","現場調查","待指派","","亮均分類表單同步 | 2026-06-23 11:33:39","1","","0","0","0","","2026-08-16 22:25:53.103+00","已有台語來源狀態但缺少台語review"
"19946","ST28272","嘉義市","西區","大業里","西市場","電話調查","待指派","","亮均分類表單同步 | 2026-06-23 11:33:39","1","","0","0","0","","2026-08-16 22:25:53.103+00","已有台語來源狀態但缺少台語review"
"19947","ST28274","嘉義市","西區","自強里","建國一村","直接標注","待指派","","亮均分類表單同步 | 2026-06-23 11:33:39","1","","0","0","0","","2026-08-16 22:25:53.103+00","已有台語來源狀態但缺少台語review"
"19948","ST28276","嘉義市","西區","功科里","府路巷","電話調查","待指派","","亮均分類表單同步 | 2026-06-23 11:33:39","1","","0","0","0","","2026-08-16 22:25:53.103+00","已有台語來源狀態但缺少台語review"
"19949","ST28279","嘉義市","西區","福松里","夜市仔","電話調查","待指派","","亮均分類表單同步 | 2026-06-23 11:33:39","1","","0","0","0","","2026-08-16 22:25:53.103+00","已有台語來源狀態但缺少台語review"
"19950","ST28283","嘉義市","西區","香湖里","北香湖","電話調查","待指派","","亮均分類表單同步 | 2026-06-23 11:33:39","1","","0","0","0","","2026-08-16 22:25:53.103+00","已有台語來源狀態但缺少台語review"
"19951","ST28285","嘉義市","西區","福松里","牛墟","電話調查","待指派","","亮均分類表單同步 | 2026-06-23 11:33:39","1","","0","0","0","","2026-08-16 22:25:53.103+00","已有台語來源狀態但缺少台語review"
"19952","ST28286","嘉義市","西區","新西里","車店","電話調查","待指派","","亮均分類表單同步 | 2026-06-23 11:33:39","1","","0","0","0","","2026-08-16 22:25:53.103+00","已有台語來源狀態但缺少台語review"
"19953","ST28287","嘉義市","西區","慶昇里","大通","電話調查","待指派","","亮均分類表單同步 | 2026-06-23 11:33:39","1","","0","0","0","","2026-08-16 22:25:53.103+00","已有台語來源狀態但缺少台語review"
"19955","ST28379","臺東縣","卑南鄉","利吉村","利吉","原住民族","待指派","","亮均分類表單同步 | 2026-06-23 11:33:39","1","","0","0","0","","2026-08-16 22:25:53.103+00","已有台語來源狀態但缺少台語review"
"19957","ST28383","臺東縣","卑南鄉","美農村","班鳩","原住民族","待指派","","亮均分類表單同步 | 2026-06-23 11:33:39","1","","0","0","0","","2026-08-16 22:25:53.103+00","已有台語來源狀態但缺少台語review"
"19958","ST28387","臺東縣","卑南鄉","利嘉村","利嘉","原住民族","待指派","","亮均分類表單同步 | 2026-06-23 11:33:39","1","","0","0","0","","2026-08-16 22:25:53.103+00","已有台語來源狀態但缺少台語review"
"19961","ST28394","臺東縣","卑南鄉","初鹿村","初鹿","原住民族","待指派","","亮均分類表單同步 | 2026-06-23 11:33:39","1","","0","0","0","","2026-08-16 22:25:53.103+00","已有台語來源狀態但缺少台語review"
"19963","ST28399","臺東縣","卑南鄉","嘉豐村","稻葉","原住民族","待指派","","亮均分類表單同步 | 2026-06-23 11:33:39","1","","0","0","0","","2026-08-16 22:25:53.103+00","已有台語來源狀態但缺少台語review"
"19965","ST28404","臺東縣","卑南鄉","美農村","萬萬","原住民族","待指派","","亮均分類表單同步 | 2026-06-23 11:33:39","1","","0","0","0","","2026-08-16 22:25:53.103+00","已有台語來源狀態但缺少台語review"
"19966","ST28439","臺東縣","大武鄉","大鳥村","獅子獅","原住民族","待指派","","亮均分類表單同步 | 2026-06-23 11:33:39","1","","0","0","0","","2026-08-16 22:25:53.103+00","已有台語來源狀態但缺少台語review"
"19967","ST28440","臺東縣","大武鄉","大竹村","加津林","原住民族","待指派","","亮均分類表單同步 | 2026-06-23 11:33:39","1","","0","0","0","","2026-08-16 22:25:53.103+00","已有台語來源狀態但缺少台語review"
"19968","ST28441","臺東縣","大武鄉","南興村","南嘉","原住民族","待指派","","亮均分類表單同步 | 2026-05-12 09:13:54","1","","0","0","0","","2026-08-16 22:25:53.103+00","已有台語來源狀態但缺少台語review"
"19969","ST28442","臺東縣","大武鄉","大武村","加羅板","原住民族","待指派","","亮均分類表單同步 | 2026-06-23 11:33:39","1","","0","0","0","","2026-08-16 22:25:53.103+00","已有台語來源狀態但缺少台語review"
"19971","ST28444","臺東縣","大武鄉","大竹村","富中","原住民族","待指派","","亮均分類表單同步 | 2026-06-23 11:33:39","1","","0","0","0","","2026-08-16 22:25:53.103+00","已有台語來源狀態但缺少台語review"
"19972","ST28445","臺東縣","大武鄉","大鳥村","達萬","原住民族","待指派","","亮均分類表單同步 | 2026-06-23 11:33:39","1","","0","0","0","","2026-08-16 22:25:53.103+00","已有台語來源狀態但缺少台語review"
"19973","ST28446","臺東縣","大武鄉","大竹村","工作地","原住民族","待指派","","亮均分類表單同步 | 2026-06-23 11:33:39","1","","0","0","0","","2026-08-16 22:25:53.103+00","已有台語來源狀態但缺少台語review"
"19974","ST28467","臺東縣","太麻里鄉","美和村","坪仔","直接標注","待指派","","亮均分類表單同步 | 2026-06-23 11:33:39","1","","0","0","0","","2026-08-16 22:25:53.103+00","已有台語來源狀態但缺少台語review"
"19977","ST28474","臺東縣","太麻里鄉","北里村","森川","原住民族","待指派","","亮均分類表單同步 | 2026-06-23 11:33:39","1","","0","0","0","","2026-08-16 22:25:53.103+00","已有台語來源狀態但缺少台語review"
"19980","ST28544","臺東縣","延平鄉","桃源村","下里","原住民族","待指派","","亮均分類表單同步 | 2026-06-23 11:33:39","1","","0","0","0","","2026-08-16 22:25:53.103+00","已有台語來源狀態但缺少台語review"
"19981","ST28545","臺東縣","延平鄉","武陵村","明野","原住民族","待指派","","亮均分類表單同步 | 2026-06-23 11:33:39","1","","0","0","0","","2026-08-16 22:25:53.103+00","已有台語來源狀態但缺少台語review"
"19982","ST28546","臺東縣","延平鄉","紅葉村","上里","原住民族","待指派","","亮均分類表單同步 | 2026-06-23 11:33:39","1","","0","0","0","","2026-08-16 22:25:53.103+00","已有台語來源狀態但缺少台語review"
"19983","ST28548","臺東縣","延平鄉","鸞山村","下野","原住民族","待指派","","亮均分類表單同步 | 2026-06-23 11:33:39","1","","0","0","0","","2026-08-16 22:25:53.103+00","已有台語來源狀態但缺少台語review"
"19984","ST28549","臺東縣","延平鄉","鸞山村","中野","原住民族","待指派","","亮均分類表單同步 | 2026-05-12 09:13:54","1","","0","0","0","","2026-08-16 22:25:53.103+00","已有台語來源狀態但缺少台語review"
"19985","ST28551","臺東縣","延平鄉","鸞山村","上野","原住民族","待指派","","亮均分類表單同步 | 2026-06-23 11:33:39","1","","0","0","0","","2026-08-16 22:25:53.103+00","已有台語來源狀態但缺少台語review"
"19986","ST28563","臺東縣","成功鎮","博愛里","重安","原住民族","待指派","","亮均分類表單同步 | 2026-06-23 11:33:39","1","","0","0","0","","2026-08-16 22:25:53.103+00","已有台語來源狀態但缺少台語review"
"19987","ST28564","臺東縣","成功鎮","三仙里","基翬","原住民族","待指派","","亮均分類表單同步 | 2026-06-23 11:33:39","1","","0","0","0","","2026-08-16 22:25:53.103+00","已有台語來源狀態但缺少台語review"
"19988","ST28565","臺東縣","成功鎮","三仙里","芝田","原住民族","待指派","","亮均分類表單同步 | 2026-06-23 11:33:39","1","","0","0","0","","2026-08-16 22:25:53.103+00","已有台語來源狀態但缺少台語review"
"19990","ST28568","臺東縣","成功鎮","信義里","都歷","原住民族","待指派","","亮均分類表單同步 | 2026-06-23 11:33:39","1","","0","0","0","","2026-08-16 22:25:53.105+00","已有台語來源狀態但缺少台語review"
"19991","ST28570","臺東縣","成功鎮","忠孝里","美山","原住民族","待指派","","亮均分類表單同步 | 2026-06-23 11:33:39","1","","0","0","0","","2026-08-16 22:25:53.105+00","已有台語來源狀態但缺少台語review"
"19992","ST28575","臺東縣","成功鎮","忠智里","麒麟","原住民族","待指派","","亮均分類表單同步 | 2026-05-12 09:13:54","1","","0","0","0","","2026-08-16 22:25:53.105+00","已有台語來源狀態但缺少台語review"
"19993","ST28576","臺東縣","成功鎮","信義里","小馬","原住民族","待指派","","亮均分類表單同步 | 2026-06-23 11:33:39","1","","0","0","0","","2026-08-16 22:25:53.105+00","已有台語來源狀態但缺少台語review"
"19995","ST28608","臺東縣","東河鄉","北源村","德成","原住民族","待指派","","亮均分類表單同步 | 2026-06-23 11:33:39","1","","0","0","0","","2026-08-16 22:25:53.105+00","已有台語來源狀態但缺少台語review"
"19996","ST28610","臺東縣","東河鄉","泰源村","製材所","原住民族","待指派","","亮均分類表單同步 | 2026-06-23 11:33:39","1","","0","0","0","","2026-08-16 22:25:53.105+00","已有台語來源狀態但缺少台語review"
"20003","ST28621","臺東縣","東河鄉","北源村","美蘭","原住民族","待指派","","亮均分類表單同步 | 2026-06-23 11:33:39","1","","0","0","0","","2026-08-16 22:25:53.105+00","已有台語來源狀態但缺少台語review"
"20004","ST28627","臺東縣","東河鄉","東河村","大馬","原住民族","待指派","","亮均分類表單同步 | 2026-06-23 11:33:39","1","","0","0","0","","2026-08-16 22:25:53.105+00","已有台語來源狀態但缺少台語review"
"20006","ST28677","臺東縣","池上鄉","振興村","嘉文","直接標注","待指派","","亮均分類表單同步 | 2026-06-23 11:33:39","1","","0","0","0","","2026-08-16 22:25:53.105+00","已有台語來源狀態但缺少台語review"
"20007","ST28708","臺東縣","海端鄉","加拿村","加樂","原住民族","待指派","","亮均分類表單同步 | 2026-06-23 11:33:39","1","","0","0","0","","2026-08-16 22:25:53.105+00","已有台語來源狀態但缺少台語review"
"20008","ST28709","臺東縣","海端鄉","崁頂村","中石","原住民族","待指派","","亮均分類表單同步 | 2026-05-12 09:13:54","1","","0","0","0","","2026-08-16 22:25:53.105+00","已有台語來源狀態但缺少台語review"
"20009","ST28711","臺東縣","海端鄉","海端村","新武","原住民族","待指派","","亮均分類表單同步 | 2026-06-23 11:33:39","1","","0","0","0","","2026-08-16 22:25:53.105+00","已有台語來源狀態但缺少台語review"
"20010","ST28713","臺東縣","海端鄉","海端村","初來","原住民族","待指派","","亮均分類表單同步 | 2026-06-23 11:33:39","1","","0","0","0","","2026-08-16 22:25:53.105+00","已有台語來源狀態但缺少台語review"
"20011","ST28714","臺東縣","海端鄉","利稻村","摩天","原住民族","待指派","","亮均分類表單同步 | 2026-06-23 11:33:39","1","","0","0","0","","2026-08-16 22:25:53.105+00","已有台語來源狀態但缺少台語review"
"20012","ST28715","臺東縣","海端鄉","崁頂村","紅石","原住民族","待指派","","亮均分類表單同步 | 2026-06-23 11:33:39","1","","0","0","0","","2026-08-16 22:25:53.105+00","已有台語來源狀態但缺少台語review"
"20013","ST28717","臺東縣","海端鄉","霧鹿村","下馬","原住民族","待指派","","亮均分類表單同步 | 2026-06-23 11:33:39","1","","0","0","0","","2026-08-16 22:25:53.105+00","已有台語來源狀態但缺少台語review"
"20014","ST28718","臺東縣","海端鄉","利稻村","向陽","原住民族","待指派","","亮均分類表單同步 | 2026-06-23 11:33:39","1","","0","0","0","","2026-08-16 22:25:53.105+00","已有台語來源狀態但缺少台語review"
"20015","ST28737","臺東縣","綠島鄉","中寮村","龜山仔","直接標注","待指派","","亮均分類表單同步 | 2026-06-23 11:33:39","1","","0","0","0","","2026-08-16 22:25:53.105+00","已有台語來源狀態但缺少台語review"
"20021","ST28775","臺東縣","臺東市","建和里","射馬干","原住民族","待指派","","亮均分類表單同步 | 2026-06-23 11:33:39","1","","0","0","0","","2026-08-16 22:25:53.105+00","已有台語來源狀態但缺少台語review"
"20025","ST28782","臺東縣","臺東市","豐里里","馬東","原住民族","待指派","","亮均分類表單同步 | 2026-06-23 11:33:39","1","","0","0","0","","2026-08-16 22:25:53.105+00","已有台語來源狀態但缺少台語review"
"20026","ST28785","臺東縣","臺東市","寶桑里","寶桑","原住民族","待指派","","亮均分類表單同步 | 2026-06-23 11:33:39","1","","0","0","0","","2026-08-16 22:25:53.105+00","已有台語來源狀態但缺少台語review"
"20027","ST28786","臺東縣","臺東市","南王里","南王","原住民族","待指派","","亮均分類表單同步 | 2026-06-23 11:33:39","1","","0","0","0","","2026-08-16 22:25:53.105+00","已有台語來源狀態但缺少台語review"
"20028","ST28788","臺東縣","臺東市","馬蘭里","馬蘭","原住民族","待指派","","亮均分類表單同步 | 2026-06-23 11:33:39","1","","0","0","0","","2026-08-16 22:25:53.105+00","已有台語來源狀態但缺少台語review"
"20031","ST28793","臺東縣","臺東市","卑南里","卑南","原住民族","待指派","","亮均分類表單同步 | 2026-06-23 11:33:39","1","","0","0","0","","2026-08-16 22:25:53.105+00","已有台語來源狀態但缺少台語review"
"20033","ST28799","臺東縣","臺東市","豐里里","嘟嘟","原住民族","待指派","","亮均分類表單同步 | 2026-06-23 11:33:39","1","","0","0","0","","2026-08-16 22:25:53.105+00","已有台語來源狀態但缺少台語review"
"20034","ST28879","臺東縣","達仁鄉","土阪村","東高","原住民族","待指派","","亮均分類表單同步 | 2026-06-23 11:33:39","1","","0","0","0","","2026-08-16 22:25:53.105+00","已有台語來源狀態但缺少台語review"
"20035","ST28903","臺東縣","金峰鄉","正興村","比魯","原住民族","待指派","","亮均分類表單同步 | 2026-06-23 11:33:39","1","","0","0","0","","2026-08-16 22:25:53.105+00","已有台語來源狀態但缺少台語review"
"20036","ST28904","臺東縣","金峰鄉","嘉蘭村","二區","原住民族","待指派","","亮均分類表單同步 | 2026-06-23 11:33:39","1","","0","0","0","","2026-08-16 22:25:53.105+00","已有台語來源狀態但缺少台語review"
"20037","ST28905","臺東縣","金峰鄉","嘉蘭村","嘉蘭","原住民族","待指派","","亮均分類表單同步 | 2026-06-23 11:33:39","1","","0","0","0","","2026-08-16 22:25:53.105+00","已有台語來源狀態但缺少台語review"
"20038","ST28906","臺東縣","金峰鄉","歷坵村","崑崙","原住民族","待指派","","亮均分類表單同步 | 2026-06-23 11:33:39","1","","0","0","0","","2026-08-16 22:25:53.105+00","已有台語來源狀態但缺少台語review"
"20039","ST28907","臺東縣","金峰鄉","歷坵村","飛龍","原住民族","待指派","","亮均分類表單同步 | 2026-06-23 11:33:39","1","","0","0","0","","2026-08-16 22:25:53.105+00","已有台語來源狀態但缺少台語review"
"20040","ST28971","臺東縣","長濱鄉","樟原村","樟原","原住民族","待指派","","亮均分類表單同步 | 2026-05-12 09:13:54","1","","0","0","0","","2026-08-16 22:25:53.105+00","已有台語來源狀態但缺少台語review"
"20041","ST28972","臺東縣","長濱鄉","寧埔村","界橋","原住民族","待指派","","亮均分類表單同步 | 2026-06-23 11:33:39","1","","0","0","0","","2026-08-16 22:25:53.105+00","已有台語來源狀態但缺少台語review"
"20042","ST28975","臺東縣","長濱鄉","長濱村","長光","原住民族","待指派","","亮均分類表單同步 | 2026-06-23 11:33:39","1","","0","0","0","","2026-08-16 22:25:53.105+00","已有台語來源狀態但缺少台語review"
"20043","ST28976","臺東縣","長濱鄉","寧埔村","城山","原住民族","待指派","","亮均分類表單同步 | 2026-06-23 11:33:39","1","","0","0","0","","2026-08-16 22:25:53.105+00","已有台語來源狀態但缺少台語review"
"20044","ST28977","臺東縣","長濱鄉","忠勇村","忠勇","原住民族","待指派","","亮均分類表單同步 | 2026-06-23 11:33:39","1","","0","0","0","","2026-08-16 22:25:53.105+00","已有台語來源狀態但缺少台語review"
"20045","ST28980","臺東縣","長濱鄉","長濱村","長濱","原住民族","待指派","","亮均分類表單同步 | 2026-06-23 11:33:39","1","","0","0","0","","2026-08-16 22:25:53.105+00","已有台語來源狀態但缺少台語review"
"20047","ST29025","臺東縣","關山鎮","電光里","盛豐","直接標注","待指派","","亮均分類表單同步 | 2026-06-23 11:33:39","1","","0","0","0","","2026-08-16 22:25:53.105+00","已有台語來源狀態但缺少台語review"
"20049","ST29030","臺東縣","關山鎮","里●里","隆興","直接標注","待指派","","亮均分類表單同步 | 2026-06-23 11:33:39","1","","0","0","0","","2026-08-16 22:25:53.105+00","已有台語來源狀態但缺少台語review"
"20050","ST29031","臺東縣","關山鎮","新福里","順興","直接標注","待指派","","亮均分類表單同步 | 2026-06-23 11:33:39","1","","0","0","0","","2026-08-16 22:25:53.105+00","已有台語來源狀態但缺少台語review"
"20051","ST29032","臺東縣","關山鎮","電光里","加和","原住民族","待指派","","亮均分類表單同步 | 2026-06-23 11:33:39","1","","0","0","0","","2026-08-16 22:25:53.105+00","已有台語來源狀態但缺少台語review"
"20052","ST29033","臺東縣","關山鎮","新福里","新福","直接標注","待指派","","亮均分類表單同步 | 2026-06-23 11:33:39","1","","0","0","0","","2026-08-16 22:25:53.105+00","已有台語來源狀態但缺少台語review"
"20055","ST29041","臺東縣","關山鎮","德高里","永盛","直接標注","待指派","","亮均分類表單同步 | 2026-06-23 11:33:39","1","","0","0","0","","2026-08-16 22:25:53.105+00","已有台語來源狀態但缺少台語review"
"20056","ST29065","臺東縣","鹿野鄉","永安村","永德","直接標注","待指派","","亮均分類表單同步 | 2026-05-04 09:49:21","1","","0","0","0","","2026-08-16 22:25:53.105+00","已有台語來源狀態但缺少台語review"
"20062","ST29081","臺東縣","鹿野鄉","瑞和村","寶華","直接標注","待指派","","亮均分類表單同步 | 2026-06-23 11:33:39","1","","0","0","0","","2026-08-16 22:25:53.105+00","已有台語來源狀態但缺少台語review"
"20065","ST29115","金門縣","烈嶼鄉","","大山頂","未分類","待指派","","亮均分類表單同步 | 2026-06-23 11:33:39","1","","0","0","0","","2026-08-16 22:25:53.105+00","已有台語來源狀態但缺少台語review"
"20066","ST29116","金門縣","烈嶼鄉","烈嶼鄉","后頭","未分類","待指派","","亮均分類表單同步 | 2026-06-23 11:33:39","1","","0","0","0","","2026-08-16 22:25:53.105+00","已有台語來源狀態但缺少台語review"
"20067","ST29117","金門縣","烈嶼鄉","烈嶼鄉","湖井頭","未分類","待指派","","亮均分類表單同步 | 2026-06-23 11:33:39","1","","0","0","0","","2026-08-16 22:25:53.105+00","已有台語來源狀態但缺少台語review"
"20068","ST29118","金門縣","烈嶼鄉","","南山頭","未分類","待指派","","亮均分類表單同步 | 2026-06-23 11:33:39","1","","0","0","0","","2026-08-16 22:25:53.105+00","已有台語來源狀態但缺少台語review"
"20069","ST29119","金門縣","烈嶼鄉","烈嶼鄉","南塘","未分類","待指派","","亮均分類表單同步 | 2026-06-23 11:33:39","1","","0","0","0","","2026-08-16 22:25:53.105+00","已有台語來源狀態但缺少台語review"
"20070","ST29121","金門縣","烈嶼鄉","烈嶼鄉","青岐","未分類","待指派","","亮均分類表單同步 | 2026-06-23 11:33:39","1","","0","0","0","","2026-08-16 22:25:53.105+00","已有台語來源狀態但缺少台語review"
"20071","ST29122","金門縣","烈嶼鄉","","東崗","未分類","待指派","","亮均分類表單同步 | 2026-06-23 11:33:39","1","","0","0","0","","2026-08-16 22:25:53.105+00","已有台語來源狀態但缺少台語review"
"20072","ST29125","金門縣","烈嶼鄉","烈嶼鄉","雙口","未分類","待指派","","L1總表匯入|2026-04-27 21:46:14","1","","0","0","0","","2026-08-16 22:25:53.105+00","已有台語來源狀態但缺少台語review"
"20073","ST29128","金門縣","烈嶼鄉","烈嶼鄉","上林","未分類","待指派","","亮均分類表單同步 | 2026-06-23 11:33:39","1","","0","0","0","","2026-08-16 22:25:53.105+00","已有台語來源狀態但缺少台語review"
"20074","ST29130","金門縣","烈嶼鄉","烈嶼鄉","西方","未分類","待指派","","亮均分類表單同步 | 2026-06-23 11:33:39","1","","0","0","0","","2026-08-16 22:25:53.105+00","已有台語來源狀態但缺少台語review"
"20075","ST29146","金門縣","烏坵鄉","大坵村","銅鐘","未分類","待指派","","亮均分類表單同步 | 2026-06-23 11:33:39","1","","0","0","0","","2026-08-16 22:25:53.105+00","已有台語來源狀態但缺少台語review"
"20076","ST29147","金門縣","烏坵鄉","大坵村","烏坵","未分類","待指派","","亮均分類表單同步 | 2026-06-23 11:33:39","1","","0","0","0","","2026-08-16 22:25:53.105+00","已有台語來源狀態但缺少台語review"
"20077","ST29149","金門縣","烏坵鄉","大坵村","龍爪","未分類","待指派","","亮均分類表單同步 | 2026-06-23 11:33:39","1","","0","0","0","","2026-08-16 22:25:53.105+00","已有台語來源狀態但缺少台語review"
"20078","ST29165","金門縣","金城鎮","金城鎮","金門城","未分類","待指派","","亮均分類表單同步 | 2026-06-23 11:33:39","1","","0","0","0","","2026-08-16 22:25:53.105+00","已有台語來源狀態但缺少台語review"
"20079","ST29166","金門縣","金城鎮","珠沙里","東廟","未分類","待指派","","亮均分類表單同步 | 2026-06-23 11:33:39","1","","0","0","0","","2026-08-16 22:25:53.105+00","已有台語來源狀態但缺少台語review"
"20080","ST29169","金門縣","金城鎮","南門里","後浦","未分類","待指派","","L1總表匯入|2026-04-27 21:46:14","1","","0","0","0","","2026-08-16 22:25:53.105+00","已有台語來源狀態但缺少台語review"
"20081","ST29170","金門縣","金城鎮","珠沙里","珠山","未分類","待指派","","亮均分類表單同步 | 2026-06-23 11:33:39","1","","0","0","0","","2026-08-16 22:25:53.105+00","已有台語來源狀態但缺少台語review"
"20082","ST29175","金門縣","金城鎮","金城鎮","東沙","未分類","待指派","","亮均分類表單同步 | 2026-06-23 11:33:39","1","","0","0","0","","2026-08-16 22:25:53.105+00","已有台語來源狀態但缺少台語review"
"20083","ST29213","金門縣","金寧鄉","湖埔村","慈堤","未分類","待指派","","亮均分類表單同步 | 2026-06-23 11:33:39","1","","0","0","0","","2026-08-16 22:25:53.105+00","已有台語來源狀態但缺少台語review"
"20084","ST29214","金門縣","金寧鄉","金寧鄉","埔邊","未分類","待指派","","亮均分類表單同步 | 2026-06-23 11:33:39","1","","0","0","0","","2026-08-16 22:25:53.105+00","已有台語來源狀態但缺少台語review"
"20085","ST29215","金門縣","金寧鄉","金寧鄉","安岐","未分類","待指派","","亮均分類表單同步 | 2026-06-23 11:33:39","1","","0","0","0","","2026-08-16 22:25:53.105+00","已有台語來源狀態但缺少台語review"
"20086","ST29216","金門縣","金寧鄉","金寧鄉","東堡","未分類","待指派","","亮均分類表單同步 | 2026-06-23 11:33:39","1","","0","0","0","","2026-08-16 22:25:53.105+00","已有台語來源狀態但缺少台語review"
"20087","ST29217","金門縣","金寧鄉","金寧鄉","嚨口","未分類","待指派","","亮均分類表單同步 | 2026-06-23 11:33:39","1","","0","0","0","","2026-08-16 22:25:53.105+00","已有台語來源狀態但缺少台語review"
"20088","ST29218","金門縣","金寧鄉","金寧鄉","頂埔下","未分類","待指派","","L1總表匯入|2026-04-27 21:46:14","1","","0","0","0","","2026-08-16 22:25:53.105+00","已有台語來源狀態但缺少台語review"
"20089","ST29219","金門縣","金寧鄉","金寧鄉","頂堡","未分類","待指派","","亮均分類表單同步 | 2026-06-23 11:33:39","1","","0","0","0","","2026-08-16 22:25:53.105+00","已有台語來源狀態但缺少台語review"
"20090","ST29220","金門縣","金寧鄉","金寧鄉","后沙","未分類","待指派","","亮均分類表單同步 | 2026-06-23 11:33:39","1","","0","0","0","","2026-08-16 22:25:53.105+00","已有台語來源狀態但缺少台語review"
"20091","ST29221","金門縣","金寧鄉","金寧鄉","榜林","未分類","待指派","","亮均分類表單同步 | 2026-06-23 11:33:39","1","","0","0","0","","2026-08-16 22:25:53.105+00","已有台語來源狀態但缺少台語review"
"20092","ST29223","金門縣","金寧鄉","金寧鄉","西堡","未分類","待指派","","亮均分類表單同步 | 2026-06-23 11:33:39","1","","0","0","0","","2026-08-16 22:25:53.105+00","已有台語來源狀態但缺少台語review"
"20093","ST29226","金門縣","金寧鄉","金寧鄉","東洲","未分類","待指派","","亮均分類表單同步 | 2026-06-23 11:33:39","1","","0","0","0","","2026-08-16 22:25:53.105+00","已有台語來源狀態但缺少台語review"
"20094","ST29227","金門縣","金寧鄉","金寧鄉","北山","未分類","待指派","","亮均分類表單同步 | 2026-06-23 11:33:39","1","","0","0","0","","2026-08-16 22:25:53.105+00","已有台語來源狀態但缺少台語review"
"20095","ST29231","金門縣","金寧鄉","金寧鄉","南山","未分類","待指派","","亮均分類表單同步 | 2026-06-23 11:33:39","1","","0","0","0","","2026-08-16 22:25:53.105+00","已有台語來源狀態但缺少台語review"
"20096","ST29251","金門縣","金沙鎮","金沙鎮","青嶼","未分類","待指派","","L1總表匯入|2026-04-27 21:46:14","1","","0","0","0","","2026-08-16 22:25:53.105+00","已有台語來源狀態但缺少台語review"
"20097","ST29252","金門縣","金沙鎮","金沙鎮","田墩","未分類","待指派","","亮均分類表單同步 | 2026-06-23 11:33:39","1","","0","0","0","","2026-08-16 22:25:53.105+00","已有台語來源狀態但缺少台語review"
"20098","ST29253","金門縣","金沙鎮","金沙鎮","官澳","未分類","待指派","","亮均分類表單同步 | 2026-06-23 11:33:39","1","","0","0","0","","2026-08-16 22:25:53.105+00","已有台語來源狀態但缺少台語review"
"20099","ST29255","金門縣","金沙鎮","金沙鎮","高坑","未分類","待指派","","亮均分類表單同步 | 2026-06-23 11:33:39","1","","0","0","0","","2026-08-16 22:25:53.105+00","已有台語來源狀態但缺少台語review"
"20100","ST29257","金門縣","金沙鎮","金沙鎮","東店","未分類","待指派","","亮均分類表單同步 | 2026-06-23 11:33:39","1","","0","0","0","","2026-08-16 22:25:53.105+00","已有台語來源狀態但缺少台語review"
"20101","ST29258","金門縣","金沙鎮","金沙鎮","碧山","未分類","待指派","","亮均分類表單同步 | 2026-06-23 11:33:39","1","","0","0","0","","2026-08-16 22:25:53.105+00","已有台語來源狀態但缺少台語review"
"20102","ST29259","金門縣","金沙鎮","光前里","陽翟","未分類","待指派","","亮均分類表單同步 | 2026-06-23 11:33:39","1","","0","0","0","","2026-08-16 22:25:53.105+00","已有台語來源狀態但缺少台語review"
"20103","ST29261","金門縣","金沙鎮","金沙鎮","沙美","未分類","待指派","","亮均分類表單同步 | 2026-06-23 11:33:39","1","","0","0","0","","2026-08-16 22:25:53.105+00","已有台語來源狀態但缺少台語review"
"20104","ST29266","金門縣","金沙鎮","光前里","陽宅","未分類","待指派","","L1總表匯入|2026-04-27 21:46:14","1","","0","0","0","","2026-08-16 22:25:53.105+00","已有台語來源狀態但缺少台語review"
"20105","ST29267","金門縣","金沙鎮","金沙鎮","山西","未分類","待指派","","亮均分類表單同步 | 2026-06-23 11:33:39","1","","0","0","0","","2026-08-16 22:25:53.105+00","已有台語來源狀態但缺少台語review"
"20106","ST29269","金門縣","金沙鎮","金沙鎮","大地","未分類","待指派","","亮均分類表單同步 | 2026-06-23 11:33:39","1","","0","0","0","","2026-08-16 22:25:53.105+00","已有台語來源狀態但缺少台語review"
"20107","ST29313","金門縣","金湖鎮","金湖鎮","夏興","未分類","待指派","","亮均分類表單同步 | 2026-06-23 11:33:39","1","","0","0","0","","2026-08-16 22:25:53.105+00","已有台語來源狀態但缺少台語review"
"20108","ST29315","金門縣","金湖鎮","蓮庵里","後峰","未分類","待指派","","亮均分類表單同步 | 2026-06-23 11:33:39","1","","0","0","0","","2026-08-16 22:25:53.105+00","已有台語來源狀態但缺少台語review"
"20109","ST29316","金門縣","金湖鎮","蓮庵里","峰上","未分類","待指派","","亮均分類表單同步 | 2026-06-23 11:33:39","1","","0","0","0","","2026-08-16 22:25:53.105+00","已有台語來源狀態但缺少台語review"
"20110","ST29318","金門縣","金湖鎮","金湖鎮","南雄","未分類","待指派","","亮均分類表單同步 | 2026-06-23 11:33:39","1","","0","0","0","","2026-08-16 22:25:53.105+00","已有台語來源狀態但缺少台語review"
"20111","ST29319","金門縣","金湖鎮","金湖鎮","料羅","未分類","待指派","","亮均分類表單同步 | 2026-06-23 11:33:39","1","","0","0","0","","2026-08-16 22:25:53.105+00","已有台語來源狀態但缺少台語review"
"20112","ST29320","金門縣","金湖鎮","金湖鎮","復國墩","未分類","待指派","","L1總表匯入|2026-04-27 21:46:14","1","","0","0","0","","2026-08-16 22:25:53.105+00","已有台語來源狀態但缺少台語review"
"20113","ST29321","金門縣","金湖鎮","金湖鎮","山外","未分類","待指派","","亮均分類表單同步 | 2026-06-23 11:33:39","1","","0","0","0","","2026-08-16 22:25:53.105+00","已有台語來源狀態但缺少台語review"
"20114","ST29322","金門縣","金湖鎮","金湖鎮","尚義","未分類","待指派","","亮均分類表單同步 | 2026-06-23 11:33:39","1","","0","0","0","","2026-08-16 22:25:53.105+00","已有台語來源狀態但缺少台語review"
"20115","ST29324","金門縣","金湖鎮","金湖鎮","土樓","未分類","待指派","","亮均分類表單同步 | 2026-06-23 11:33:39","1","","0","0","0","","2026-08-16 22:25:53.105+00","已有台語來源狀態但缺少台語review"
"20116","ST29326","金門縣","金湖鎮","金湖鎮","新頭","未分類","待指派","","亮均分類表單同步 | 2026-06-23 11:33:39","1","","0","0","0","","2026-08-16 22:25:53.105+00","已有台語來源狀態但缺少台語review"
"20117","ST29327","金門縣","金湖鎮","金湖鎮","安民","未分類","待指派","","亮均分類表單同步 | 2026-06-23 11:33:39","1","","0","0","0","","2026-08-16 22:25:53.105+00","已有台語來源狀態但缺少台語review"
"20118","ST29328","金門縣","金湖鎮","金湖鎮","建華","未分類","待指派","","亮均分類表單同步 | 2026-06-23 11:33:39","1","","0","0","0","","2026-08-16 22:25:53.105+00","已有台語來源狀態但缺少台語review"
"20119","ST29330","金門縣","金湖鎮","金湖鎮","漁村","未分類","待指派","","亮均分類表單同步 | 2026-06-23 11:33:39","1","","0","0","0","","2026-08-16 22:25:53.105+00","已有台語來源狀態但缺少台語review"
"20120","ST29331","金門縣","金湖鎮","金湖鎮","小徑","未分類","待指派","","L1總表匯入|2026-04-27 21:46:14","1","","0","0","0","","2026-08-16 22:25:53.105+00","已有台語來源狀態但缺少台語review"
"20125","ST29392","澎湖縣","望安鄉","水垵村","碗水","電話調查","待指派","","亮均分類表單同步 | 2026-06-23 11:33:39","1","","0","0","0","","2026-08-16 22:25:53.105+00","已有台語來源狀態但缺少台語review"
"20126","ST29394","澎湖縣","望安鄉","東吉村","外坪","電話調查","待指派","","亮均分類表單同步 | 2026-06-23 11:33:39","1","","0","0","0","","2026-08-16 22:25:53.105+00","已有台語來源狀態但缺少台語review"
"20127","ST29395","澎湖縣","望安鄉","望安鄉","煙墩山","電話調查","待指派","","亮均分類表單同步 | 2026-06-23 11:33:39","1","","0","0","0","","2026-08-16 22:25:53.105+00","已有台語來源狀態但缺少台語review"
"20128","ST29396","澎湖縣","望安鄉","西坪村","吊仔","電話調查","待指派","","亮均分類表單同步 | 2026-06-23 11:33:39","1","","0","0","0","","2026-08-16 22:25:53.105+00","已有台語來源狀態但缺少台語review"
"20129","ST29397","澎湖縣","望安鄉","中社村","北坪","電話調查","待指派","","亮均分類表單同步 | 2026-06-23 11:33:39","1","","0","0","0","","2026-08-16 22:25:53.105+00","已有台語來源狀態但缺少台語review"
"20130","ST29398","澎湖縣","望安鄉","西安村","西埔","電話調查","待指派","","亮均分類表單同步 | 2026-06-23 11:33:39","1","","0","0","0","","2026-08-16 22:25:53.105+00","已有台語來源狀態但缺少台語review"
"20131","ST29399","澎湖縣","望安鄉","東吉村","水窟","電話調查","待指派","","亮均分類表單同步 | 2026-06-23 11:33:39","1","","0","0","0","","2026-08-16 22:25:53.105+00","已有台語來源狀態但缺少台語review"
"20132","ST29401","澎湖縣","望安鄉","中社村","深滬","電話調查","待指派","","亮均分類表單同步 | 2026-06-23 11:33:39","1","","0","0","0","","2026-08-16 22:25:53.105+00","已有台語來源狀態但缺少台語review"
"20133","ST29404","澎湖縣","望安鄉","東吉村","大深","電話調查","待指派","","亮均分類表單同步 | 2026-06-23 11:33:39","1","","0","0","0","","2026-08-16 22:25:53.105+00","已有台語來源狀態但缺少台語review"
"20134","ST29408","澎湖縣","望安鄉","東坪村","塔仔","電話調查","待指派","","亮均分類表單同步 | 2026-06-23 11:33:39","1","","0","0","0","","2026-08-16 22:25:53.105+00","已有台語來源狀態但缺少台語review"
"20135","ST29410","澎湖縣","望安鄉","望安鄉","貓尾","電話調查","待指派","","亮均分類表單同步 | 2026-06-23 11:33:39","1","","0","0","0","","2026-08-16 22:25:53.105+00","已有台語來源狀態但缺少台語review"
"20136","ST29413","澎湖縣","望安鄉","西吉村","新娘房","電話調查","待指派","","亮均分類表單同步 | 2026-06-23 11:33:39","1","","0","0","0","","2026-08-16 22:25:53.105+00","已有台語來源狀態但缺少台語review"
"20137","ST29414","澎湖縣","望安鄉","望安鄉","鐵砧","電話調查","待指派","","亮均分類表單同步 | 2026-06-23 11:33:39","1","","0","0","0","","2026-08-16 22:25:53.105+00","已有台語來源狀態但缺少台語review"
"20138","ST29420","澎湖縣","望安鄉","望安鄉","八卦山","電話調查","待指派","","亮均分類表單同步 | 2026-06-23 11:33:39","1","","0","0","0","","2026-08-16 22:25:53.106+00","已有台語來源狀態但缺少台語review"
"20139","ST29421","澎湖縣","望安鄉","東吉村","東宮","電話調查","待指派","","亮均分類表單同步 | 2026-06-23 11:33:39","1","","0","0","0","","2026-08-16 22:25:53.106+00","已有台語來源狀態但缺少台語review"
"20140","ST29424","澎湖縣","望安鄉","西坪村","頭巾","電話調查","待指派","","亮均分類表單同步 | 2026-06-23 11:33:39","1","","0","0","0","","2026-08-16 22:25:53.106+00","已有台語來源狀態但缺少台語review"
"20206","ST30269","連江縣","北竿鄉","塘歧村","風山","未分類","待指派","","亮均分類表單同步 | 2026-06-23 11:33:39","1","","0","0","0","","2026-08-16 22:25:53.106+00","已有台語來源狀態但缺少台語review"
"20207","ST30270","連江縣","北竿鄉","橋仔村","橋仔","未分類","待指派","","亮均分類表單同步 | 2026-06-23 11:33:39","1","","0","0","0","","2026-08-16 22:25:53.106+00","已有台語來源狀態但缺少台語review"
"20208","ST30271","連江縣","北竿鄉","北竿鄉","塘岐","未分類","待指派","","L1總表匯入|2026-04-27 21:46:14","1","","0","0","0","","2026-08-16 22:25:53.106+00","已有台語來源狀態但缺少台語review"
"20209","ST30272","連江縣","北竿鄉","坂里村","中澳","未分類","待指派","","亮均分類表單同步 | 2026-06-23 11:33:39","1","","0","0","0","","2026-08-16 22:25:53.106+00","已有台語來源狀態但缺少台語review"
"20210","ST30273","連江縣","北竿鄉","塘歧村","獅嶼","未分類","待指派","","亮均分類表單同步 | 2026-06-23 11:33:39","1","","0","0","0","","2026-08-16 22:25:53.106+00","已有台語來源狀態但缺少台語review"
"20211","ST30274","連江縣","北竿鄉","坂里村","坂里","未分類","待指派","","亮均分類表單同步 | 2026-06-23 11:33:39","1","","0","0","0","","2026-08-16 22:25:53.106+00","已有台語來源狀態但缺少台語review"
"20212","ST30275","連江縣","北竿鄉","?里村","成功坡","未分類","待指派","","亮均分類表單同步 | 2026-06-23 11:33:39","1","","0","0","0","","2026-08-16 22:25:53.106+00","已有台語來源狀態但缺少台語review"
"20213","ST30276","連江縣","北竿鄉","芹壁村","壁山","未分類","待指派","","亮均分類表單同步 | 2026-06-23 11:33:39","1","","0","0","0","","2026-08-16 22:25:53.106+00","已有台語來源狀態但缺少台語review"
"20214","ST30278","連江縣","北竿鄉","橋仔村","白廟","未分類","待指派","","亮均分類表單同步 | 2026-06-23 11:33:39","1","","0","0","0","","2026-08-16 22:25:53.106+00","已有台語來源狀態但缺少台語review"
"20215","ST30279","連江縣","北竿鄉","芹壁村","下村","未分類","待指派","","亮均分類表單同步 | 2026-06-23 11:33:39","1","","0","0","0","","2026-08-16 22:25:53.106+00","已有台語來源狀態但缺少台語review"
"20216","ST30280","連江縣","北竿鄉","芹壁村","芹壁","未分類","待指派","","L1總表匯入|2026-04-27 21:46:14","1","","0","0","0","","2026-08-16 22:25:53.106+00","已有台語來源狀態但缺少台語review"
"20217","ST30282","連江縣","北竿鄉","橋仔村","亮島","未分類","待指派","","亮均分類表單同步 | 2026-06-23 11:33:39","1","","0","0","0","","2026-08-16 22:25:53.106+00","已有台語來源狀態但缺少台語review"
"20218","ST30284","連江縣","北竿鄉","芹壁村","上村","未分類","待指派","","亮均分類表單同步 | 2026-06-23 11:33:39","1","","0","0","0","","2026-08-16 22:25:53.106+00","已有台語來源狀態但缺少台語review"
"20219","ST30287","連江縣","北竿鄉","白沙村","白沙","未分類","待指派","","亮均分類表單同步 | 2026-06-23 11:33:39","1","","0","0","0","","2026-08-16 22:25:53.106+00","已有台語來源狀態但缺少台語review"
"20220","ST30288","連江縣","北竿鄉","橋仔村","高登","未分類","待指派","","亮均分類表單同步 | 2026-06-23 11:33:39","1","","0","0","0","","2026-08-16 22:25:53.106+00","已有台語來源狀態但缺少台語review"
"20221","ST30332","連江縣","南竿鄉","津沙村","旗台","未分類","待指派","","亮均分類表單同步 | 2026-06-23 11:33:39","1","","0","0","0","","2026-08-16 22:25:53.106+00","已有台語來源狀態但缺少台語review"
"20222","ST30333","連江縣","南竿鄉","四維村","芙蓉澳","未分類","待指派","","亮均分類表單同步 | 2026-06-23 11:33:39","1","","0","0","0","","2026-08-16 22:25:53.106+00","已有台語來源狀態但缺少台語review"
"20223","ST30336","連江縣","南竿鄉","津沙村","底坑","未分類","待指派","","亮均分類表單同步 | 2026-06-23 11:33:39","1","","0","0","0","","2026-08-16 22:25:53.106+00","已有台語來源狀態但缺少台語review"
"20224","ST30337","連江縣","南竿鄉","珠螺村","珠螺","未分類","待指派","","L1總表匯入|2026-04-27 21:46:14","1","","0","0","0","","2026-08-16 22:25:53.106+00","已有台語來源狀態但缺少台語review"
"20225","ST30338","連江縣","南竿鄉","介壽村","山隴","未分類","待指派","","亮均分類表單同步 | 2026-06-23 11:33:39","1","","0","0","0","","2026-08-16 22:25:53.106+00","已有台語來源狀態但缺少台語review"
"20226","ST30339","連江縣","南竿鄉","南竿鄉","溪裡","未分類","待指派","","亮均分類表單同步 | 2026-06-23 11:33:39","1","","0","0","0","","2026-08-16 22:25:53.106+00","已有台語來源狀態但缺少台語review"
"20227","ST30343","連江縣","南竿鄉","仁愛村","前壁","未分類","待指派","","亮均分類表單同步 | 2026-06-23 11:33:39","1","","0","0","0","","2026-08-16 22:25:53.106+00","已有台語來源狀態但缺少台語review"
"20228","ST30348","連江縣","南竿鄉","南竿鄉","福澳","未分類","待指派","","亮均分類表單同步 | 2026-06-23 11:33:39","1","","0","0","0","","2026-08-16 22:25:53.106+00","已有台語來源狀態但缺少台語review"
"20229","ST30349","連江縣","南竿鄉","馬祖村","馬港","未分類","待指派","","亮均分類表單同步 | 2026-06-23 11:33:39","1","","0","0","0","","2026-08-16 22:25:53.106+00","已有台語來源狀態但缺少台語review"
"20230","ST30350","連江縣","南竿鄉","津沙村","津沙","未分類","待指派","","亮均分類表單同步 | 2026-06-23 11:33:39","1","","0","0","0","","2026-08-16 22:25:53.106+00","已有台語來源狀態但缺少台語review"
"20231","ST30351","連江縣","南竿鄉","津沙村","圍場","未分類","待指派","","亮均分類表單同步 | 2026-06-23 11:33:39","1","","0","0","0","","2026-08-16 22:25:53.106+00","已有台語來源狀態但缺少台語review"
"20232","ST30356","連江縣","南竿鄉","南竿鄉","南館","未分類","待指派","","L1總表匯入|2026-04-27 21:46:14","1","","0","0","0","","2026-08-16 22:25:53.106+00","已有台語來源狀態但缺少台語review"
"20233","ST30357","連江縣","南竿鄉","仁愛村","南面","未分類","待指派","","亮均分類表單同步 | 2026-06-23 11:33:39","1","","0","0","0","","2026-08-16 22:25:53.106+00","已有台語來源狀態但缺少台語review"
"20234","ST30358","連江縣","南竿鄉","","南竿","未分類","待指派","","亮均分類表單同步 | 2026-06-23 11:33:39","1","","0","0","0","","2026-08-16 22:25:53.106+00","已有台語來源狀態但缺少台語review"
"20235","ST30360","連江縣","南竿鄉","仁愛村","打鼓","未分類","待指派","","亮均分類表單同步 | 2026-06-23 11:33:39","1","","0","0","0","","2026-08-16 22:25:53.106+00","已有台語來源狀態但缺少台語review"
"20236","ST30361","連江縣","南竿鄉","仁愛村","鐵板","未分類","待指派","","亮均分類表單同步 | 2026-06-23 11:33:39","1","","0","0","0","","2026-08-16 22:25:53.106+00","已有台語來源狀態但缺少台語review"
"20237","ST30448","連江縣","東引鄉","中柳村","北澳","未分類","待指派","","亮均分類表單同步 | 2026-06-23 11:33:39","1","","0","0","0","","2026-08-16 22:25:53.106+00","已有台語來源狀態但缺少台語review"
"20238","ST30449","連江縣","東引鄉","中柳村","磨盤","未分類","待指派","","亮均分類表單同步 | 2026-06-23 11:33:39","1","","0","0","0","","2026-08-16 22:25:53.106+00","已有台語來源狀態但缺少台語review"
"20239","ST30451","連江縣","東引鄉","樂華村","西沙","未分類","待指派","","亮均分類表單同步 | 2026-06-23 11:33:39","1","","0","0","0","","2026-08-16 22:25:53.106+00","已有台語來源狀態但缺少台語review"
"20240","ST30452","連江縣","東引鄉","樂華村","犬齒","未分類","待指派","","L1總表匯入|2026-04-27 21:46:14","1","","0","0","0","","2026-08-16 22:25:53.106+00","已有台語來源狀態但缺少台語review"
"20241","ST30453","連江縣","東引鄉","樂華村","樂華","未分類","待指派","","亮均分類表單同步 | 2026-06-23 11:33:39","1","","0","0","0","","2026-08-16 22:25:53.106+00","已有台語來源狀態但缺少台語review"
"20242","ST30454","連江縣","東引鄉","","東引","未分類","待指派","","亮均分類表單同步 | 2026-06-23 11:33:39","1","","0","0","0","","2026-08-16 22:25:53.106+00","已有台語來源狀態但缺少台語review"
"20243","ST30456","連江縣","東引鄉","樂華村","倒影","未分類","待指派","","亮均分類表單同步 | 2026-06-23 11:33:39","1","","0","0","0","","2026-08-16 22:25:53.106+00","已有台語來源狀態但缺少台語review"
"20244","ST30499","連江縣","莒光鄉","莒光鄉","福正","未分類","待指派","","亮均分類表單同步 | 2026-06-23 11:33:39","1","","0","0","0","","2026-08-16 22:25:53.106+00","已有台語來源狀態但缺少台語review"
"20245","ST30502","連江縣","莒光鄉","田沃村","擋樓","未分類","待指派","","亮均分類表單同步 | 2026-06-23 11:33:39","1","","0","0","0","","2026-08-16 22:25:53.106+00","已有台語來源狀態但缺少台語review"
"20246","ST30505","連江縣","莒光鄉","西坵村","西路","未分類","待指派","","亮均分類表單同步 | 2026-06-23 11:33:39","1","","0","0","0","","2026-08-16 22:25:53.106+00","已有台語來源狀態但缺少台語review"
"20247","ST30506","連江縣","莒光鄉","","東莒","未分類","待指派","","亮均分類表單同步 | 2026-06-23 11:33:39","1","","0","0","0","","2026-08-16 22:25:53.106+00","已有台語來源狀態但缺少台語review"
"20248","ST30507","連江縣","莒光鄉","","西莒","未分類","待指派","","L1總表匯入|2026-04-27 21:46:14","1","","0","0","0","","2026-08-16 22:25:53.106+00","已有台語來源狀態但缺少台語review"
"20249","ST30508","連江縣","莒光鄉","福正村","蒼山","未分類","待指派","","亮均分類表單同步 | 2026-06-23 11:33:39","1","","0","0","0","","2026-08-16 22:25:53.106+00","已有台語來源狀態但缺少台語review"
"20250","ST30509","連江縣","莒光鄉","大坪村","大浦","未分類","待指派","","亮均分類表單同步 | 2026-06-23 11:33:39","1","","0","0","0","","2026-08-16 22:25:53.106+00","已有台語來源狀態但缺少台語review"
"20251","NF00004","高雄市","仁武區","仁福里","觀音湖","直接標注","待指派","","亮均分類表單同步 | 2026-06-23 11:33:39","1","","0","0","0","","2026-08-16 22:25:53.106+00","已有台語來源狀態但缺少台語review"
"20276","NF00109","高雄市","鼓山區","雄峰里","蛇山","直接標注","待指派","","亮均分類表單同步 | 2026-06-23 11:33:39","1","","0","0","0","","2026-08-16 22:25:53.106+00","已有台語來源狀態但缺少台語review"
"20298","NF00303","新北市","烏來區","烏來區","烏紗溪","原住民族","待指派","","亮均分類表單同步 | 2026-06-23 11:33:39","1","","0","0","0","","2026-08-16 22:25:53.107+00","已有台語來源狀態但缺少台語review"
"20299","NF00305","新北市","烏來區","福山里","棲蘭山","原住民族","待指派","","亮均分類表單同步 | 2026-06-23 11:33:39","1","","0","0","0","","2026-08-16 22:25:53.107+00","已有台語來源狀態但缺少台語review"
"20300","NF00306","新北市","烏來區","烏來區","五重溪","原住民族","待指派","","亮均分類表單同步 | 2026-06-23 11:33:39","1","","0","0","0","","2026-08-16 22:25:53.107+00","已有台語來源狀態但缺少台語review"
"20301","NF00307","新北市","烏來區","孝義里","阿玉山","原住民族","待指派","","亮均分類表單同步 | 2026-06-23 11:33:39","1","","0","0","0","","2026-08-16 22:25:53.107+00","已有台語來源狀態但缺少台語review"
"20302","NF00311","新北市","烏來區","福山里","南勢溪","直接標注","待指派","","亮均分類表單同步 | 2026-06-23 11:33:39","1","","0","0","0","","2026-08-16 22:25:53.107+00","已有台語來源狀態但缺少台語review"
"20308","NF00544","新北市","雙溪區","雙溪區","虎豹潭","直接標注","待指派","","亮均分類表單同步 | 2026-06-23 11:33:39","1","","0","0","0","","2026-08-16 22:25:53.107+00","已有台語來源狀態但缺少台語review"
"20327","NF00707","桃園市","復興區","","塔曼山","原住民族","待指派","","亮均分類表單同步 | 2026-06-23 11:33:39","1","","0","0","0","","2026-08-16 22:25:53.107+00","已有台語來源狀態但缺少台語review"
"20328","NF00708","桃園市","復興區","","稜山","原住民族","待指派","","亮均分類表單同步 | 2026-04-27 22:10:34","1","","0","0","0","","2026-08-16 22:25:53.107+00","已有台語來源狀態但缺少台語review"
"20329","NF00709","桃園市","復興區","","唐穗山","原住民族","待指派","","亮均分類表單同步 | 2026-06-23 11:33:39","1","","0","0","0","","2026-08-16 22:25:53.107+00","已有台語來源狀態但缺少台語review"
"20331","NF00714","桃園市","復興區","復興區","拉拉山","原住民族","待指派","","亮均分類表單同步 | 2026-06-23 11:33:39","1","","0","0","0","","2026-08-16 22:25:53.107+00","已有台語來源狀態但缺少台語review"
"20334","NF00786","臺南市","中西區","赤崁里","德慶溪","電話調查","待指派","","亮均分類表單同步 | 2026-07-07 05:28:25","1","","0","0","0","","2026-08-16 22:25:53.107+00","已有台語來源狀態但缺少台語review"
"20335","NF00790","臺南市","仁德區","三甲里","三爺溪","電話調查","待指派","","亮均分類表單同步 | 2026-07-07 05:28:25","1","","0","0","0","","2026-08-16 22:25:53.107+00","已有台語來源狀態但缺少台語review"
"20336","NF00795","臺南市","北區","公園里","燕潭","現場調查","待指派","","亮均分類表單同步 | 2026-07-07 05:28:25","1","","0","0","0","","2026-08-16 22:25:53.107+00","已有台語來源狀態但缺少台語review"
"20337","NF00804","臺南市","南區","南區","日新溪","電話調查","待指派","","亮均分類表單同步 | 2026-07-07 05:28:25","1","","0","0","0","","2026-08-16 22:25:53.107+00","已有台語來源狀態但缺少台語review"
"20338","NF00811","臺南市","安南區","四草里","四草湖","現場調查","待指派","","亮均分類表單同步 | 2026-07-07 05:28:25","1","","0","0","0","","2026-08-16 22:25:53.107+00","已有台語來源狀態但缺少台語review"
"20339","NF00815","臺南市","安平區","國平里","鯤鯓湖","電話調查","待指派","","亮均分類表單同步 | 2026-07-07 05:28:25","1","","0","0","0","","2026-08-16 22:25:53.107+00","已有台語來源狀態但缺少台語review"
"20341","NF00838","臺南市","東山區","南勢里","獅額山","電話調查","待指派","","亮均分類表單同步 | 2026-07-07 05:28:25","1","","0","0","0","","2026-08-16 22:25:53.107+00","已有台語來源狀態但缺少台語review"
"20342","NF00889","臺南市","關廟區","北花里","青龍山","電話調查","待指派","","亮均分類表單同步 | 2026-07-02 05:28:32","1","","0","0","0","","2026-08-16 22:25:53.107+00","已有台語來源狀態但缺少台語review"
"20345","NF00916","屏東縣","屏東市","大連里","萬年溪","直接標注","待指派","","亮均分類表單同步 | 2026-06-23 11:33:39","1","","0","0","0","","2026-08-16 22:25:53.107+00","已有台語來源狀態但缺少台語review"
"20346","NF00918","屏東縣","恆春鎮","山腳里","赤牛嶺","直接標注","待指派","","亮均分類表單同步 | 2026-06-23 11:33:39","1","","0","0","0","","2026-08-16 22:25:53.107+00","已有台語來源狀態但缺少台語review"
"20347","NF00919","屏東縣","恆春鎮","鵝鑾里","風吹沙","直接標注","待指派","","亮均分類表單同步 | 2026-06-23 11:33:39","1","","0","0","0","","2026-08-16 22:25:53.107+00","已有台語來源狀態但缺少台語review"
"20357","NF00956","新竹縣","五峰鄉","花園村","天湖","原住民族","待指派","","亮均分類表單同步 | 2026-06-23 11:33:39","1","","0","0","0","","2026-08-16 22:25:53.107+00","已有台語來源狀態但缺少台語review"
"20358","NF00957","新竹縣","五峰鄉","桃山村","鞍部","原住民族","待指派","","亮均分類表單同步 | 2026-06-23 11:33:39","1","","0","0","0","","2026-08-16 22:25:53.107+00","已有台語來源狀態但缺少台語review"
"20359","NF00960","新竹縣","五峰鄉","五峰鄉","樂山","原住民族","待指派","","亮均分類表單同步 | 2026-06-23 11:33:39","1","","0","0","0","","2026-08-16 22:25:53.107+00","已有台語來源狀態但缺少台語review"
"20361","NF01004","新竹縣","尖石鄉","尖石鄉","烏來山","原住民族","待指派","","亮均分類表單同步 | 2026-06-23 11:33:39","1","","0","0","0","","2026-08-16 22:25:53.107+00","已有台語來源狀態但缺少台語review"
"20362","NF01005","新竹縣","尖石鄉","尖石鄉","尖石山","原住民族","待指派","","亮均分類表單同步 | 2026-06-23 11:33:39","1","","0","0","0","","2026-08-16 22:25:53.107+00","已有台語來源狀態但缺少台語review"
"20363","NF01006","新竹縣","尖石鄉","新樂村","牛欄山","原住民族","待指派","","亮均分類表單同步 | 2026-06-23 11:33:39","1","","0","0","0","","2026-08-16 22:25:53.107+00","已有台語來源狀態但缺少台語review"
"20364","NF01008","新竹縣","尖石鄉","秀巒村","伊澤山","原住民族","待指派","","亮均分類表單同步 | 2026-06-23 11:33:39","1","","0","0","0","","2026-08-16 22:25:53.107+00","已有台語來源狀態但缺少台語review"
"20365","NF01009","新竹縣","尖石鄉","玉峰村","喀拉業山","原住民族","待指派","","亮均分類表單同步 | 2026-06-23 11:33:39","1","","0","0","0","","2026-08-16 22:25:53.107+00","已有台語來源狀態但缺少台語review"
"20366","NF01010","新竹縣","尖石鄉","尖石鄉","鴛鴦湖","原住民族","待指派","","亮均分類表單同步 | 2026-06-23 11:33:39","1","","0","0","0","","2026-08-16 22:25:53.107+00","已有台語來源狀態但缺少台語review"
"20367","NF01011","新竹縣","尖石鄉","錦屏村","高台山","原住民族","待指派","","亮均分類表單同步 | 2026-06-23 11:33:39","1","","0","0","0","","2026-08-16 22:25:53.107+00","已有台語來源狀態但缺少台語review"
"20368","NF01015","新竹縣","尖石鄉","玉峰村","品田山","原住民族","待指派","","亮均分類表單同步 | 2026-04-27 22:10:34","1","","0","0","0","","2026-08-16 22:25:53.107+00","已有台語來源狀態但缺少台語review"
"20369","NF01016","新竹縣","尖石鄉","尖石鄉","大霸尖山","原住民族","待指派","","亮均分類表單同步 | 2026-06-23 11:33:39","1","","0","0","0","","2026-08-16 22:25:53.107+00","已有台語來源狀態但缺少台語review"
"20373","NF01172","苗栗縣","大湖鄉","東興村","細道邦山","原住民族","待指派","","亮均分類表單同步 | 2026-06-23 11:33:39","1","","0","0","0","","2026-08-16 22:25:53.107+00","已有台語來源狀態但缺少台語review"
"20375","NF01249","嘉義縣","梅山鄉","瑞里村","燕子崖","電話調查","待指派","","亮均分類表單同步 | 2026-06-23 11:33:39","1","","0","0","0","","2026-08-16 22:25:53.107+00","已有台語來源狀態但缺少台語review"
"20376","NF01270","嘉義縣","民雄鄉","文隆村","筆架山","電話調查","待指派","","亮均分類表單同步 | 2026-06-23 11:33:39","1","","0","0","0","","2026-08-16 22:25:53.107+00","已有台語來源狀態但缺少台語review"
"20377","NF01279","嘉義縣","番路鄉","大湖村","三寶山","電話調查","待指派","","亮均分類表單同步 | 2026-06-23 11:33:39","1","","0","0","0","","2026-08-16 22:25:53.107+00","已有台語來源狀態但缺少台語review"
"20378","NF01292","嘉義縣","阿里山鄉","豐山村","石鼓盤溪","原住民族","待指派","","亮均分類表單同步 | 2026-06-23 11:33:39","1","","0","0","0","","2026-08-16 22:25:53.107+00","已有台語來源狀態但缺少台語review"
"20379","NF01293","嘉義縣","阿里山鄉","中山村","鹿林山","原住民族","待指派","","亮均分類表單同步 | 2026-06-23 11:33:39","1","","0","0","0","","2026-08-16 22:25:53.107+00","已有台語來源狀態但缺少台語review"
"20380","NF01322","南投縣","仁愛鄉","春陽村","櫻山","原住民族","待指派","","亮均分類表單同步 | 2026-06-23 11:33:39","1","","0","0","0","","2026-08-16 22:25:53.107+00","已有台語來源狀態但缺少台語review"
"20381","NF01325","南投縣","仁愛鄉","大同村","碧湖","原住民族","待指派","","亮均分類表單同步 | 2026-06-23 11:33:39","1","","0","0","0","","2026-08-16 22:25:53.107+00","已有台語來源狀態但缺少台語review"
"20389","NF01380","宜蘭縣","大同鄉","松羅村","松羅湖","原住民族","待指派","","亮均分類表單同步 | 2026-06-23 11:33:39","1","","0","0","0","","2026-08-16 22:25:53.107+00","已有台語來源狀態但缺少台語review"
"20399","NF01514","花蓮縣","壽豐鄉","壽豐鄉","南坑溪","電話調查","待指派","","亮均分類表單同步 | 2026-07-02 05:28:32","1","","0","0","0","","2026-08-16 22:25:53.107+00","已有台語來源狀態但缺少台語review"
"20400","NF01537","花蓮縣","富里鄉","","木瓜山","電話調查","待指派","","亮均分類表單同步 | 2026-07-02 05:28:32","1","","0","0","0","","2026-08-16 22:25:53.107+00","已有台語來源狀態但缺少台語review"
"20401","NF01587","花蓮縣","玉里鎮","觀音里","赤科山","電話調查","待指派","","亮均分類表單同步 | 2026-07-02 05:28:32","1","","0","0","0","","2026-08-16 22:25:53.107+00","已有台語來源狀態但缺少台語review"
"20402","NF01644","花蓮縣","秀林鄉","","砂山","原住民族","待指派","","亮均分類表單同步 | 2026-07-07 05:28:25","1","","0","0","0","","2026-08-16 22:25:53.107+00","已有台語來源狀態但缺少台語review"
"20403","NF01645","花蓮縣","秀林鄉","","彥山","原住民族","待指派","","亮均分類表單同步 | 2026-07-07 05:28:25","1","","0","0","0","","2026-08-16 22:25:53.107+00","已有台語來源狀態但缺少台語review"
"20404","NF01647","花蓮縣","秀林鄉","","天長山","原住民族","待指派","","亮均分類表單同步 | 2026-07-07 05:28:25","1","","0","0","0","","2026-08-16 22:25:53.107+00","已有台語來源狀態但缺少台語review"
"20405","NF01652","花蓮縣","秀林鄉","銅門村","龍溪","原住民族","待指派","","亮均分類表單同步 | 2026-07-07 05:28:25","1","","0","0","0","","2026-08-16 22:25:53.107+00","已有台語來源狀態但缺少台語review"
"20406","NF01653","花蓮縣","秀林鄉","","能高山","原住民族","待指派","","亮均分類表單同步 | 2026-07-07 05:28:25","1","","0","0","0","","2026-08-16 22:25:53.107+00","已有台語來源狀態但缺少台語review"
"20407","NF01655","花蓮縣","秀林鄉","","羊頭山","原住民族","待指派","","亮均分類表單同步 | 2026-07-07 05:28:25","1","","0","0","0","","2026-08-16 22:25:53.107+00","已有台語來源狀態但缺少台語review"
"20408","NF01656","花蓮縣","秀林鄉","秀林鄉","新城山","原住民族","待指派","","亮均分類表單同步 | 2026-07-07 05:28:25","1","","0","0","0","","2026-08-16 22:25:53.107+00","已有台語來源狀態但缺少台語review"
"20409","NF01660","花蓮縣","秀林鄉","","榮山","原住民族","待指派","","亮均分類表單同步 | 2026-07-07 05:28:25","1","","0","0","0","","2026-08-16 22:25:53.107+00","已有台語來源狀態但缺少台語review"
"20410","NF01663","花蓮縣","秀林鄉","","東門溪","原住民族","待指派","","亮均分類表單同步 | 2026-07-07 05:28:25","1","","0","0","0","","2026-08-16 22:25:53.107+00","已有台語來源狀態但缺少台語review"
"20411","NF01664","花蓮縣","秀林鄉","","檜溪","原住民族","待指派","","亮均分類表單同步 | 2026-07-07 05:28:25","1","","0","0","0","","2026-08-16 22:25:53.107+00","已有台語來源狀態但缺少台語review"
"20412","NF01666","花蓮縣","秀林鄉","秀林鄉","南湖大山","原住民族","待指派","","亮均分類表單同步 | 2026-07-07 05:28:25","1","","0","0","0","","2026-08-16 22:25:53.107+00","已有台語來源狀態但缺少台語review"
"20413","NF01668","花蓮縣","秀林鄉","秀林鄉","奇萊山","原住民族","待指派","","亮均分類表單同步 | 2026-07-07 05:28:25","1","","0","0","0","","2026-08-16 22:25:53.107+00","已有台語來源狀態但缺少台語review"
"20414","NF01669","花蓮縣","秀林鄉","","大禹嶺","原住民族","待指派","","亮均分類表單同步 | 2026-07-07 05:28:25","1","","0","0","0","","2026-08-16 22:25:53.107+00","已有台語來源狀態但缺少台語review"
"20415","NF01670","花蓮縣","秀林鄉","","合歡山","原住民族","待指派","","亮均分類表單同步 | 2026-07-07 05:28:25","1","","0","0","0","","2026-08-16 22:25:53.107+00","已有台語來源狀態但缺少台語review"
"20416","NF01756","花蓮縣","花蓮市","民權里","花崗山","電話調查","待指派","","亮均分類表單同步 | 2026-07-02 05:28:32","1","","0","0","0","","2026-08-16 22:25:53.107+00","已有台語來源狀態但缺少台語review"
"20417","NF01765","花蓮縣","萬榮鄉","","安東軍山","原住民族","待指派","","亮均分類表單同步 | 2026-07-07 05:28:25","1","","0","0","0","","2026-08-16 22:25:53.107+00","已有台語來源狀態但缺少台語review"
"20418","NF01768","花蓮縣","萬榮鄉","萬榮鄉","六順山","原住民族","待指派","","亮均分類表單同步 | 2026-07-07 05:28:25","1","","0","0","0","","2026-08-16 22:25:53.107+00","已有台語來源狀態但缺少台語review"
"20419","NF01771","花蓮縣","萬榮鄉","萬榮鄉","三叉峰","原住民族","待指派","","亮均分類表單同步 | 2026-07-07 05:28:25","1","","0","0","0","","2026-08-16 22:25:53.107+00","已有台語來源狀態但缺少台語review"
"20420","NF01814","花蓮縣","豐濱鄉","豐濱鄉","月洞","現場調查","待指派","","亮均分類表單同步 | 2026-07-02 05:28:32","1","","0","0","0","","2026-08-16 22:25:53.107+00","已有台語來源狀態但缺少台語review"
"20425","NF01911","臺東縣","蘭嶼鄉","東清村","雙獅岩","原住民族","待指派","","亮均分類表單同步 | 2026-06-23 11:33:39","1","","0","0","0","","2026-08-16 22:25:53.107+00","已有台語來源狀態但缺少台語review"
"20426","NF01912","臺東縣","蘭嶼鄉","東清村","東清灣","原住民族","待指派","","亮均分類表單同步 | 2026-06-23 11:33:39","1","","0","0","0","","2026-08-16 22:25:53.107+00","已有台語來源狀態但缺少台語review"
"20427","NF01913","臺東縣","蘭嶼鄉","紅頭村","八代灣","原住民族","待指派","","亮均分類表單同步 | 2026-06-23 11:33:39","1","","0","0","0","","2026-08-16 22:25:53.107+00","已有台語來源狀態但缺少台語review"
"20428","NF01915","臺東縣","蘭嶼鄉","東清村","象鼻岩","原住民族","待指派","","亮均分類表單同步 | 2026-06-23 11:33:39","1","","0","0","0","","2026-08-16 22:25:53.107+00","已有台語來源狀態但缺少台語review"
"20429","NF01932","臺東縣","金峰鄉","嘉蘭村","黑河","原住民族","待指派","","亮均分類表單同步 | 2026-06-23 11:33:39","1","","0","0","0","","2026-08-16 22:25:53.107+00","已有台語來源狀態但缺少台語review"
"20430","NF01933","臺東縣","金峰鄉","嘉蘭村","白河","原住民族","待指派","","亮均分類表單同步 | 2026-06-23 11:33:39","1","","0","0","0","","2026-08-16 22:25:53.107+00","已有台語來源狀態但缺少台語review"
"20431","NF01940","金門縣","烈嶼鄉","上林村","陽山","未分類","待指派","","亮均分類表單同步 | 2026-06-23 11:33:39","1","","0","0","0","","2026-08-16 22:25:53.107+00","已有台語來源狀態但缺少台語review"
"20432","NF01941","金門縣","烈嶼鄉","","檳榔嶼","未分類","待指派","","L1總表匯入|2026-04-27 21:46:14","1","","0","0","0","","2026-08-16 22:25:53.107+00","已有台語來源狀態但缺少台語review"
"20433","NF01944","金門縣","烈嶼鄉","","連山","未分類","待指派","","亮均分類表單同步 | 2026-06-23 11:33:39","1","","0","0","0","","2026-08-16 22:25:53.107+00","已有台語來源狀態但缺少台語review"
"20434","NF01946","金門縣","烈嶼鄉","","大膽島","未分類","待指派","","亮均分類表單同步 | 2026-06-23 11:33:39","1","","0","0","0","","2026-08-16 22:25:53.107+00","已有台語來源狀態但缺少台語review"
"20435","NF01948","金門縣","烈嶼鄉","","二膽島","未分類","待指派","","亮均分類表單同步 | 2026-06-23 11:33:39","1","","0","0","0","","2026-08-16 22:25:53.107+00","已有台語來源狀態但缺少台語review"
"20436","NF01964","金門縣","金城鎮","古城里","大帽山","未分類","待指派","","亮均分類表單同步 | 2026-06-23 11:33:39","1","","0","0","0","","2026-08-16 22:25:53.107+00","已有台語來源狀態但缺少台語review"
"20437","NF01966","金門縣","金城鎮","古城里","翟山","未分類","待指派","","亮均分類表單同步 | 2026-06-23 11:33:39","1","","0","0","0","","2026-08-16 22:25:53.107+00","已有台語來源狀態但缺少台語review"
"20438","NF01967","金門縣","金城鎮","南門里","建功嶼","未分類","待指派","","亮均分類表單同步 | 2026-06-23 11:33:39","1","","0","0","0","","2026-08-16 22:25:53.107+00","已有台語來源狀態但缺少台語review"
"20439","NF01970","金門縣","金城鎮","古城里","梁山","未分類","待指派","","亮均分類表單同步 | 2026-06-23 11:33:39","1","","0","0","0","","2026-08-16 22:25:53.108+00","已有台語來源狀態但缺少台語review"
"20440","NF01982","金門縣","金寧鄉","古寧村","雙鯉湖","未分類","待指派","","L1總表匯入|2026-04-27 21:46:14","1","","0","0","0","","2026-08-16 22:25:53.108+00","已有台語來源狀態但缺少台語review"
"20441","NF01983","金門縣","金寧鄉","盤山村","乳山","未分類","待指派","","亮均分類表單同步 | 2026-06-23 11:33:39","1","","0","0","0","","2026-08-16 22:25:53.108+00","已有台語來源狀態但缺少台語review"
"20442","NF01990","金門縣","金沙鎮","三山里","美人山","未分類","待指派","","亮均分類表單同步 | 2026-06-23 11:33:39","1","","0","0","0","","2026-08-16 22:25:53.108+00","已有台語來源狀態但缺少台語review"
"20443","NF01991","金門縣","金沙鎮","汶沙里","榮湖","未分類","待指派","","亮均分類表單同步 | 2026-06-23 11:33:39","1","","0","0","0","","2026-08-16 22:25:53.108+00","已有台語來源狀態但缺少台語review"
"20444","NF01994","金門縣","金沙鎮","汶沙里","金沙溪","未分類","待指派","","亮均分類表單同步 | 2026-06-23 11:33:39","1","","0","0","0","","2026-08-16 22:25:53.108+00","已有台語來源狀態但缺少台語review"
"20450","NF02155","連江縣","北竿鄉","后沃村","島尾","未分類","待指派","","亮均分類表單同步 | 2026-06-23 11:33:39","1","","0","0","0","","2026-08-16 22:25:53.108+00","已有台語來源狀態但缺少台語review"
"20451","NF02159","連江縣","北竿鄉","橋仔村","鐵尖島","未分類","待指派","","亮均分類表單同步 | 2026-06-23 11:33:39","1","","0","0","0","","2026-08-16 22:25:53.108+00","已有台語來源狀態但缺少台語review"
"20452","NF02160","連江縣","北竿鄉","白沙村","鵲石","未分類","待指派","","亮均分類表單同步 | 2026-06-23 11:33:39","1","","0","0","0","","2026-08-16 22:25:53.108+00","已有台語來源狀態但缺少台語review"
"20453","NF02165","連江縣","北竿鄉","橋仔村","雷山","未分類","待指派","","亮均分類表單同步 | 2026-06-23 11:33:39","1","","0","0","0","","2026-08-16 22:25:53.108+00","已有台語來源狀態但缺少台語review"
"20454","NF02168","連江縣","北竿鄉","塘岐村","無名島","未分類","待指派","","亮均分類表單同步 | 2026-06-23 11:33:39","1","","0","0","0","","2026-08-16 22:25:53.108+00","已有台語來源狀態但缺少台語review"
"20455","NF02170","連江縣","北竿鄉","后沃村","島頭","未分類","待指派","","亮均分類表單同步 | 2026-06-23 11:33:39","1","","0","0","0","","2026-08-16 22:25:53.108+00","已有台語來源狀態但缺少台語review"
"20456","NF02171","連江縣","北竿鄉","后沃村","金黨","未分類","待指派","","L1總表匯入|2026-04-27 21:46:14","1","","0","0","0","","2026-08-16 22:25:53.108+00","已有台語來源狀態但缺少台語review"
"20457","NF02175","連江縣","北竿鄉","白沙村","里山","未分類","待指派","","亮均分類表單同步 | 2026-06-23 11:33:39","1","","0","0","0","","2026-08-16 22:25:53.108+00","已有台語來源狀態但缺少台語review"
"20458","NF02176","連江縣","北竿鄉","芹壁村","龜島","未分類","待指派","","亮均分類表單同步 | 2026-06-23 11:33:39","1","","0","0","0","","2026-08-16 22:25:53.108+00","已有台語來源狀態但缺少台語review"
"20459","NF02182","連江縣","北竿鄉","橋仔村","北面","未分類","待指派","","亮均分類表單同步 | 2026-06-23 11:33:39","1","","0","0","0","","2026-08-16 22:25:53.108+00","已有台語來源狀態但缺少台語review"
"20460","NF02186","連江縣","北竿鄉","橋仔村","老鼠","未分類","待指派","","亮均分類表單同步 | 2026-06-23 11:33:39","1","","0","0","0","","2026-08-16 22:25:53.108+00","已有台語來源狀態但缺少台語review"
"20461","NF02187","連江縣","北竿鄉","后沃村","前面","未分類","待指派","","亮均分類表單同步 | 2026-06-23 11:33:39","1","","0","0","0","","2026-08-16 22:25:53.108+00","已有台語來源狀態但缺少台語review"
"20462","NF02335","連江縣","南竿鄉","復興村","磨心","未分類","待指派","","亮均分類表單同步 | 2026-06-23 11:33:39","1","","0","0","0","","2026-08-16 22:25:53.108+00","已有台語來源狀態但缺少台語review"
"20463","NF02336","連江縣","南竿鄉","津沙村","井下","未分類","待指派","","亮均分類表單同步 | 2026-06-23 11:33:39","1","","0","0","0","","2026-08-16 22:25:53.108+00","已有台語來源狀態但缺少台語review"
"20464","NF02337","連江縣","南竿鄉","四維村","灰坑","未分類","待指派","","L1總表匯入|2026-04-27 21:46:14","1","","0","0","0","","2026-08-16 22:25:53.108+00","已有台語來源狀態但缺少台語review"
"20465","NF02338","連江縣","南竿鄉","津沙村","西壁","未分類","待指派","","亮均分類表單同步 | 2026-06-23 11:33:39","1","","0","0","0","","2026-08-16 22:25:53.108+00","已有台語來源狀態但缺少台語review"
"20466","NF02341","連江縣","南竿鄉","南竿鄉","牛背","未分類","待指派","","亮均分類表單同步 | 2026-06-23 11:33:39","1","","0","0","0","","2026-08-16 22:25:53.108+00","已有台語來源狀態但缺少台語review"
"20467","NF02343","連江縣","南竿鄉","珠螺村","獅仔尾","未分類","待指派","","亮均分類表單同步 | 2026-06-23 11:33:39","1","","0","0","0","","2026-08-16 22:25:53.108+00","已有台語來源狀態但缺少台語review"
"20468","NF02344","連江縣","南竿鄉","介壽村","西里","未分類","待指派","","亮均分類表單同步 | 2026-06-23 11:33:39","1","","0","0","0","","2026-08-16 22:25:53.108+00","已有台語來源狀態但缺少台語review"
"20469","NF02348","連江縣","南竿鄉","福沃村","二環","未分類","待指派","","亮均分類表單同步 | 2026-06-23 11:33:39","1","","0","0","0","","2026-08-16 22:25:53.108+00","已有台語來源狀態但缺少台語review"
"20470","NF02349","連江縣","南竿鄉","復興村","四環","未分類","待指派","","亮均分類表單同步 | 2026-06-23 11:33:39","1","","0","0","0","","2026-08-16 22:25:53.108+00","已有台語來源狀態但缺少台語review"
"20471","NF02350","連江縣","南竿鄉","清水村","老鼠頭","未分類","待指派","","亮均分類表單同步 | 2026-06-23 11:33:39","1","","0","0","0","","2026-08-16 22:25:53.108+00","已有台語來源狀態但缺少台語review"
"20472","NF02351","連江縣","南竿鄉","介壽村","過水","未分類","待指派","","L1總表匯入|2026-04-27 21:46:14","1","","0","0","0","","2026-08-16 22:25:53.108+00","已有台語來源狀態但缺少台語review"
"20473","NF02352","連江縣","南竿鄉","復興村","三環","未分類","待指派","","亮均分類表單同步 | 2026-06-23 11:33:39","1","","0","0","0","","2026-08-16 22:25:53.108+00","已有台語來源狀態但缺少台語review"
"20474","NF02354","連江縣","南竿鄉"," ","紫菜","未分類","待指派","","亮均分類表單同步 | 2026-06-23 11:33:39","1","","0","0","0","","2026-08-16 22:25:53.108+00","已有台語來源狀態但缺少台語review"
"20475","NF02498","連江縣","東引鄉","樂華村","燕秀","未分類","待指派","","亮均分類表單同步 | 2026-06-23 11:33:39","1","","0","0","0","","2026-08-16 22:25:53.108+00","已有台語來源狀態但缺少台語review"
"20476","NF02499","連江縣","東引鄉","中柳村","鱷魚島","未分類","待指派","","亮均分類表單同步 | 2026-06-23 11:33:39","1","","0","0","0","","2026-08-16 22:25:53.108+00","已有台語來源狀態但缺少台語review"
"20477","NF02500","連江縣","東引鄉","","南引","未分類","待指派","","亮均分類表單同步 | 2026-06-23 11:33:39","1","","0","0","0","","2026-08-16 22:25:53.108+00","已有台語來源狀態但缺少台語review"
"20478","NF02502","連江縣","東引鄉","樂華村","大塊","未分類","待指派","","亮均分類表單同步 | 2026-06-23 11:33:39","1","","0","0","0","","2026-08-16 22:25:53.108+00","已有台語來源狀態但缺少台語review"
"20479","NF02503","連江縣","東引鄉","中柳村","酒桌","未分類","待指派","","亮均分類表單同步 | 2026-06-23 11:33:39","1","","0","0","0","","2026-08-16 22:25:53.108+00","已有台語來源狀態但缺少台語review"
"20480","NF02507","連江縣","東引鄉","中柳村","琉球","未分類","待指派","","L1總表匯入|2026-04-27 21:46:14","1","","0","0","0","","2026-08-16 22:25:53.108+00","已有台語來源狀態但缺少台語review"
"20481","NF02590","連江縣","莒光鄉","大坪村","流頭","未分類","待指派","","亮均分類表單同步 | 2026-06-23 11:33:39","1","","0","0","0","","2026-08-16 22:25:53.108+00","已有台語來源狀態但缺少台語review"
"20482","NF02591","連江縣","莒光鄉","西坵村","磨下","未分類","待指派","","亮均分類表單同步 | 2026-06-23 11:33:39","1","","0","0","0","","2026-08-16 22:25:53.108+00","已有台語來源狀態但缺少台語review"
"20483","NF02592","連江縣","莒光鄉","大坪村","北老","未分類","待指派","","亮均分類表單同步 | 2026-06-23 11:33:39","1","","0","0","0","","2026-08-16 22:25:53.108+00","已有台語來源狀態但缺少台語review"
"20484","NF02593","連江縣","莒光鄉","大坪村","西流","未分類","待指派","","亮均分類表單同步 | 2026-06-23 11:33:39","1","","0","0","0","","2026-08-16 22:25:53.108+00","已有台語來源狀態但缺少台語review"
"20485","NF02597","連江縣","莒光鄉","大坪村","東流","未分類","待指派","","亮均分類表單同步 | 2026-06-23 11:33:39","1","","0","0","0","","2026-08-16 22:25:53.108+00","已有台語來源狀態但缺少台語review"
"20486","NF02599","連江縣","莒光鄉"," ","蛇島","未分類","待指派","","亮均分類表單同步 | 2026-06-23 11:33:39","1","","0","0","0","","2026-08-16 22:25:53.108+00","已有台語來源狀態但缺少台語review"
"20487","NF02600","連江縣","莒光鄉","大坪村","鼠頭","未分類","待指派","","亮均分類表單同步 | 2026-06-23 11:33:39","1","","0","0","0","","2026-08-16 22:25:53.108+00","已有台語來源狀態但缺少台語review"
"20488","NF02601","連江縣","莒光鄉","西坵村","蓮花","未分類","待指派","","L1總表匯入|2026-04-27 21:46:14","1","","0","0","0","","2026-08-16 22:25:53.108+00","已有台語來源狀態但缺少台語review"
"20489","NF02602","連江縣","莒光鄉","青帆村","虎尾","未分類","待指派","","亮均分類表單同步 | 2026-06-23 11:33:39","1","","0","0","0","","2026-08-16 22:25:53.108+00","已有台語來源狀態但缺少台語review"
"20491","AD00002","高雄市","三民區","寶德里","寶德里","直接標注","待審查","陳亮均","亮均分類表單同步 | 2026-06-23 11:33:39","1","","0","0","0","台語草稿送入失敗：Supabase RPC submit_satellite_annotation_draft HTTP 400: {""code"":""P0001"",""details"":null,""hint"":null,""message"":""satellite Taiwanese draft needs TaiHan1 and TL1""}","2026-08-16 22:25:53.108+00","已有台語來源指派人但缺少台語review"
"20492","AD00003","高雄市","三民區","灣勝里","灣勝里","直接標注","待審查","陳亮均","亮均分類表單同步 | 2026-06-23 11:33:39","1","","0","0","0","台語草稿送入失敗：Supabase RPC submit_satellite_annotation_draft HTTP 400: {""code"":""P0001"",""details"":null,""hint"":null,""message"":""satellite Taiwanese draft needs TaiHan1 and TL1""}","2026-08-16 22:25:53.108+00","已有台語來源指派人但缺少台語review"
"20493","AD00004","高雄市","三民區","達勇里","達勇里","直接標注","待審查","陳亮均","亮均分類表單同步 | 2026-06-23 11:33:39","1","","0","0","0","台語草稿送入失敗：Supabase RPC submit_satellite_annotation_draft HTTP 400: {""code"":""P0001"",""details"":null,""hint"":null,""message"":""satellite Taiwanese draft needs TaiHan1 and TL1""}","2026-08-16 22:25:53.108+00","已有台語來源指派人但缺少台語review"
"20495","AD00006","高雄市","三民區","德智里","德智里","直接標注","待審查","陳亮均","亮均分類表單同步 | 2026-06-23 11:33:39","1","","0","0","0","台語草稿送入失敗：Supabase RPC submit_satellite_annotation_draft HTTP 400: {""code"":""P0001"",""details"":null,""hint"":null,""message"":""satellite Taiwanese draft needs TaiHan1 and TL1""}","2026-08-16 22:25:53.108+00","已有台語來源指派人但缺少台語review"
"20497","AD00008","高雄市","三民區","德仁里","德仁里","直接標注","待審查","陳亮均","亮均分類表單同步 | 2026-06-23 11:33:39","1","","0","0","0","台語草稿送入失敗：Supabase RPC submit_satellite_annotation_draft HTTP 400: {""code"":""P0001"",""details"":null,""hint"":null,""message"":""satellite Taiwanese draft needs TaiHan1 and TL1""}","2026-08-16 22:25:53.108+00","已有台語來源指派人但缺少台語review"
"20498","AD00009","高雄市","三民區","安宜里","安宜里","直接標注","待審查","陳亮均","亮均分類表單同步 | 2026-06-23 11:33:39","1","","0","0","0","台語草稿送入失敗：Supabase RPC submit_satellite_annotation_draft HTTP 400: {""code"":""P0001"",""details"":null,""hint"":null,""message"":""satellite Taiwanese draft needs TaiHan1 and TL1""}","2026-08-16 22:25:53.108+00","已有台語來源指派人但缺少台語review"
"20499","AD00010","高雄市","三民區","博惠里","博惠里","直接標注","待審查","陳亮均","亮均分類表單同步 | 2026-06-23 11:33:39","1","","0","0","0","台語草稿送入失敗：Supabase RPC submit_satellite_annotation_draft HTTP 400: {""code"":""P0001"",""details"":null,""hint"":null,""message"":""satellite Taiwanese draft needs TaiHan1 and TL1""}","2026-08-16 22:25:53.108+00","已有台語來源指派人但缺少台語review"
"20501","AD00012","高雄市","三民區","安寧里","安寧里","直接標注","待審查","陳亮均","亮均分類表單同步 | 2026-06-23 11:33:39","1","","0","0","0","台語草稿送入失敗：Supabase RPC submit_satellite_annotation_draft HTTP 400: {""code"":""P0001"",""details"":null,""hint"":null,""message"":""satellite Taiwanese draft needs TaiHan1 and TL1""}","2026-08-16 22:25:53.108+00","已有台語來源指派人但缺少台語review"
"20503","AD00014","高雄市","三民區","灣復里","灣復里","直接標注","待審查","陳亮均","亮均分類表單同步 | 2026-06-23 11:33:39","1","","0","0","0","台語草稿送入失敗：Supabase RPC submit_satellite_annotation_draft HTTP 400: {""code"":""P0001"",""details"":null,""hint"":null,""message"":""satellite Taiwanese draft needs TaiHan1 and TL1""}","2026-08-16 22:25:53.108+00","已有台語來源指派人但缺少台語review"
"20505","AD00016","高雄市","三民區","鳳北里","鳳北里","直接標注","待審查","陳亮均","亮均分類表單同步 | 2026-06-23 11:33:39","1","","0","0","0","台語草稿送入失敗：Supabase RPC submit_satellite_annotation_draft HTTP 400: {""code"":""P0001"",""details"":null,""hint"":null,""message"":""satellite Taiwanese draft needs TaiHan1 and TL1""}","2026-08-16 22:25:53.108+00","已有台語來源指派人但缺少台語review"
"20506","AD00017","高雄市","三民區","十全里","十全里","直接標注","待審查","陳亮均","亮均分類表單同步 | 2026-06-23 11:33:39","1","","0","0","0","台語草稿送入失敗：Supabase RPC submit_satellite_annotation_draft HTTP 400: {""code"":""P0001"",""details"":null,""hint"":null,""message"":""satellite Taiwanese draft needs TaiHan1 and TL1""}","2026-08-16 22:25:53.108+00","已有台語來源指派人但缺少台語review"
"20507","AD00020","高雄市","三民區","達德里","達德里","直接標注","待審查","陳亮均","亮均分類表單同步 | 2026-06-23 11:33:39","1","","0","0","0","台語草稿送入失敗：Supabase RPC submit_satellite_annotation_draft HTTP 400: {""code"":""P0001"",""details"":null,""hint"":null,""message"":""satellite Taiwanese draft needs TaiHan1 and TL1""}","2026-08-16 22:25:53.108+00","已有台語來源指派人但缺少台語review"
"20509","AD00022","高雄市","三民區","本武里","本武里","直接標注","待審查","陳亮均","亮均分類表單同步 | 2026-06-23 11:33:39","1","","0","0","0","台語草稿送入失敗：Supabase RPC submit_satellite_annotation_draft HTTP 400: {""code"":""P0001"",""details"":null,""hint"":null,""message"":""satellite Taiwanese draft needs TaiHan1 and TL1""}","2026-08-16 22:25:53.108+00","已有台語來源指派人但缺少台語review"
"20510","AD00023","高雄市","三民區","德北里","德北里","直接標注","待審查","陳亮均","亮均分類表單同步 | 2026-06-23 11:33:39","1","","0","0","0","台語草稿送入失敗：Supabase RPC submit_satellite_annotation_draft HTTP 400: {""code"":""P0001"",""details"":null,""hint"":null,""message"":""satellite Taiwanese draft needs TaiHan1 and TL1""}","2026-08-16 22:25:53.108+00","已有台語來源指派人但缺少台語review"
"20511","AD00024","高雄市","三民區","安生里","安生里","直接標注","待審查","陳亮均","亮均分類表單同步 | 2026-06-23 11:33:39","1","","0","0","0","台語草稿送入失敗：Supabase RPC submit_satellite_annotation_draft HTTP 400: {""code"":""P0001"",""details"":null,""hint"":null,""message"":""satellite Taiwanese draft needs TaiHan1 and TL1""}","2026-08-16 22:25:53.108+00","已有台語來源指派人但缺少台語review"
"20513","AD00026","高雄市","三民區","立誠里","立誠里","直接標注","待審查","陳亮均","亮均分類表單同步 | 2026-06-23 11:33:39","1","","0","0","0","台語草稿送入失敗：Supabase RPC submit_satellite_annotation_draft HTTP 400: {""code"":""P0001"",""details"":null,""hint"":null,""message"":""satellite Taiwanese draft needs TaiHan1 and TL1""}","2026-08-16 22:25:53.108+00","已有台語來源指派人但缺少台語review"
"20514","AD00027","高雄市","三民區","安邦里","安邦里","直接標注","待審查","陳亮均","亮均分類表單同步 | 2026-06-23 11:33:39","1","","0","0","0","台語草稿送入失敗：Supabase RPC submit_satellite_annotation_draft HTTP 400: {""code"":""P0001"",""details"":null,""hint"":null,""message"":""satellite Taiwanese draft needs TaiHan1 and TL1""}","2026-08-16 22:25:53.108+00","已有台語來源指派人但缺少台語review"
"20515","AD00028","高雄市","三民區","立業里","立業里","直接標注","待審查","陳亮均","亮均分類表單同步 | 2026-06-23 11:33:39","1","","0","0","0","台語草稿送入失敗：Supabase RPC submit_satellite_annotation_draft HTTP 400: {""code"":""P0001"",""details"":null,""hint"":null,""message"":""satellite Taiwanese draft needs TaiHan1 and TL1""}","2026-08-16 22:25:53.108+00","已有台語來源指派人但缺少台語review"
"20516","AD00030","高雄市","三民區","灣中里","灣中里","直接標注","待審查","陳亮均","亮均分類表單同步 | 2026-06-23 11:33:39","1","","0","0","0","台語草稿送入失敗：Supabase RPC submit_satellite_annotation_draft HTTP 400: {""code"":""P0001"",""details"":null,""hint"":null,""message"":""satellite Taiwanese draft needs TaiHan1 and TL1""}","2026-08-16 22:25:53.108+00","已有台語來源指派人但缺少台語review"
"20517","AD00031","高雄市","三民區","本元里","本元里","直接標注","待審查","陳亮均","亮均分類表單同步 | 2026-06-23 11:33:39","1","","0","0","0","台語草稿送入失敗：Supabase RPC submit_satellite_annotation_draft HTTP 400: {""code"":""P0001"",""details"":null,""hint"":null,""message"":""satellite Taiwanese draft needs TaiHan1 and TL1""}","2026-08-16 22:25:53.108+00","已有台語來源指派人但缺少台語review"
"20518","AD00032","高雄市","三民區","港新里","港新里","直接標注","待審查","陳亮均","亮均分類表單同步 | 2026-06-23 11:33:39","1","","0","0","0","台語草稿送入失敗：Supabase RPC submit_satellite_annotation_draft HTTP 400: {""code"":""P0001"",""details"":null,""hint"":null,""message"":""satellite Taiwanese draft needs TaiHan1 and TL1""}","2026-08-16 22:25:53.108+00","已有台語來源指派人但缺少台語review"
"20519","AD00033","高雄市","三民區","鳳南里","鳳南里","直接標注","待審查","陳亮均","亮均分類表單同步 | 2026-06-23 11:33:39","1","","0","0","0","台語草稿送入失敗：Supabase RPC submit_satellite_annotation_draft HTTP 400: {""code"":""P0001"",""details"":null,""hint"":null,""message"":""satellite Taiwanese draft needs TaiHan1 and TL1""}","2026-08-16 22:25:53.108+00","已有台語來源指派人但缺少台語review"
"20520","AD00034","高雄市","三民區","寶中里","寶中里","直接標注","待審查","陳亮均","亮均分類表單同步 | 2026-04-27 22:10:34","1","","0","0","0","台語草稿送入失敗：Supabase RPC submit_satellite_annotation_draft HTTP 400: {""code"":""P0001"",""details"":null,""hint"":null,""message"":""satellite Taiwanese draft needs TaiHan1 and TL1""}","2026-08-16 22:25:53.108+00","已有台語來源指派人但缺少台語review"
"20521","AD00035","高雄市","三民區","灣華里","灣華里","直接標注","待審查","陳亮均","亮均分類表單同步 | 2026-06-23 11:33:39","1","","0","0","0","台語草稿送入失敗：Supabase RPC submit_satellite_annotation_draft HTTP 400: {""code"":""P0001"",""details"":null,""hint"":null,""message"":""satellite Taiwanese draft needs TaiHan1 and TL1""}","2026-08-16 22:25:53.108+00","已有台語來源指派人但缺少台語review"
"20522","AD00036","高雄市","三民區","千北里","千北里","直接標注","待審查","陳亮均","亮均分類表單同步 | 2026-06-23 11:33:39","1","","0","0","0","台語草稿送入失敗：Supabase RPC submit_satellite_annotation_draft HTTP 400: {""code"":""P0001"",""details"":null,""hint"":null,""message"":""satellite Taiwanese draft needs TaiHan1 and TL1""}","2026-08-16 22:25:53.108+00","已有台語來源指派人但缺少台語review"
"20523","AD00037","高雄市","三民區","本文里","本文里","直接標注","待審查","陳亮均","亮均分類表單同步 | 2026-06-23 11:33:39","1","","0","0","0","台語草稿送入失敗：Supabase RPC submit_satellite_annotation_draft HTTP 400: {""code"":""P0001"",""details"":null,""hint"":null,""message"":""satellite Taiwanese draft needs TaiHan1 and TL1""}","2026-08-16 22:25:53.108+00","已有台語來源指派人但缺少台語review"
"20524","AD00038","高雄市","三民區","千歲里","千歲里","直接標注","待審查","陳亮均","亮均分類表單同步 | 2026-06-23 11:33:39","1","","0","0","0","台語草稿送入失敗：Supabase RPC submit_satellite_annotation_draft HTTP 400: {""code"":""P0001"",""details"":null,""hint"":null,""message"":""satellite Taiwanese draft needs TaiHan1 and TL1""}","2026-08-16 22:25:53.108+00","已有台語來源指派人但缺少台語review"
"20525","AD00039","高雄市","三民區","寶國里","寶國里","直接標注","待審查","陳亮均","亮均分類表單同步 | 2026-06-23 11:33:39","1","","0","0","0","台語草稿送入失敗：Supabase RPC submit_satellite_annotation_draft HTTP 400: {""code"":""P0001"",""details"":null,""hint"":null,""message"":""satellite Taiwanese draft needs TaiHan1 and TL1""}","2026-08-16 22:25:53.108+00","已有台語來源指派人但缺少台語review"
"20526","AD00040","高雄市","三民區","灣興里","灣興里","直接標注","待審查","陳亮均","亮均分類表單同步 | 2026-06-23 11:33:39","1","","0","0","0","台語草稿送入失敗：Supabase RPC submit_satellite_annotation_draft HTTP 400: {""code"":""P0001"",""details"":null,""hint"":null,""message"":""satellite Taiwanese draft needs TaiHan1 and TL1""}","2026-08-16 22:25:53.108+00","已有台語來源指派人但缺少台語review"
"20527","AD00041","高雄市","三民區","灣利里","灣利里","直接標注","待審查","陳亮均","亮均分類表單同步 | 2026-06-23 11:33:39","1","","0","0","0","台語草稿送入失敗：Supabase RPC submit_satellite_annotation_draft HTTP 400: {""code"":""P0001"",""details"":null,""hint"":null,""message"":""satellite Taiwanese draft needs TaiHan1 and TL1""}","2026-08-16 22:25:53.108+00","已有台語來源指派人但缺少台語review"
"20529","AD00044","高雄市","三民區","寶華里","寶華里","直接標注","待審查","陳亮均","亮均分類表單同步 | 2026-06-23 11:33:39","1","","0","0","0","台語草稿送入失敗：Supabase RPC submit_satellite_annotation_draft HTTP 400: {""code"":""P0001"",""details"":null,""hint"":null,""message"":""satellite Taiwanese draft needs TaiHan1 and TL1""}","2026-08-16 22:25:53.108+00","已有台語來源指派人但缺少台語review"
"20530","AD00045","高雄市","三民區","寶泰里","寶泰里","直接標注","待審查","陳亮均","亮均分類表單同步 | 2026-06-23 11:33:39","1","","0","0","0","台語草稿送入失敗：Supabase RPC submit_satellite_annotation_draft HTTP 400: {""code"":""P0001"",""details"":null,""hint"":null,""message"":""satellite Taiwanese draft needs TaiHan1 and TL1""}","2026-08-16 22:25:53.108+00","已有台語來源指派人但缺少台語review"
"20532","AD00048","高雄市","三民區","正順里","正順里","直接標注","待審查","陳亮均","亮均分類表單同步 | 2026-06-23 11:33:39","1","","0","0","0","台語草稿送入失敗：Supabase RPC submit_satellite_annotation_draft HTTP 400: {""code"":""P0001"",""details"":null,""hint"":null,""message"":""satellite Taiwanese draft needs TaiHan1 and TL1""}","2026-08-16 22:25:53.108+00","已有台語來源指派人但缺少台語review"
"20533","AD00050","高雄市","三民區","精華里","精華里","直接標注","待審查","陳亮均","亮均分類表單同步 | 2026-06-23 11:33:39","1","","0","0","0","台語草稿送入失敗：Supabase RPC submit_satellite_annotation_draft HTTP 400: {""code"":""P0001"",""details"":null,""hint"":null,""message"":""satellite Taiwanese draft needs TaiHan1 and TL1""}","2026-08-16 22:25:53.108+00","已有台語來源指派人但缺少台語review"
"20534","AD00051","高雄市","三民區","本上里","本上里","直接標注","待審查","陳亮均","亮均分類表單同步 | 2026-06-23 11:33:39","1","","0","0","0","台語草稿送入失敗：Supabase RPC submit_satellite_annotation_draft HTTP 400: {""code"":""P0001"",""details"":null,""hint"":null,""message"":""satellite Taiwanese draft needs TaiHan1 and TL1""}","2026-08-16 22:25:53.108+00","已有台語來源指派人但缺少台語review"
"20535","AD00052","高雄市","三民區","安發里","安發里","直接標注","待審查","陳亮均","亮均分類表單同步 | 2026-06-23 11:33:39","1","","0","0","0","台語草稿送入失敗：Supabase RPC submit_satellite_annotation_draft HTTP 400: {""code"":""P0001"",""details"":null,""hint"":null,""message"":""satellite Taiwanese draft needs TaiHan1 and TL1""}","2026-08-16 22:25:53.108+00","已有台語來源指派人但缺少台語review"
"20536","AD00053","高雄市","三民區","寶民里","寶民里","直接標注","待審查","陳亮均","亮均分類表單同步 | 2026-04-27 22:10:34","1","","0","0","0","台語草稿送入失敗：Supabase RPC submit_satellite_annotation_draft HTTP 400: {""code"":""P0001"",""details"":null,""hint"":null,""message"":""satellite Taiwanese draft needs TaiHan1 and TL1""}","2026-08-16 22:25:53.108+00","已有台語來源指派人但缺少台語review"
"20537","AD00057","高雄市","三民區","豐裕里","豐裕里","直接標注","待審查","陳亮均","亮均分類表單同步 | 2026-06-23 11:33:39","1","","0","0","0","台語草稿送入失敗：Supabase RPC submit_satellite_annotation_draft HTTP 400: {""code"":""P0001"",""details"":null,""hint"":null,""message"":""satellite Taiwanese draft needs TaiHan1 and TL1""}","2026-08-16 22:25:53.108+00","已有台語來源指派人但缺少台語review"
"20538","AD00058","高雄市","三民區","鼎金里","鼎金里","直接標注","待審查","陳亮均","亮均分類表單同步 | 2026-06-23 11:33:39","1","","0","0","0","台語草稿送入失敗：Supabase RPC submit_satellite_annotation_draft HTTP 400: {""code"":""P0001"",""details"":null,""hint"":null,""message"":""satellite Taiwanese draft needs TaiHan1 and TL1""}","2026-08-16 22:25:53.108+00","已有台語來源指派人但缺少台語review"
"20539","AD00060","高雄市","三民區","達仁里","達仁里","直接標注","待審查","陳亮均","亮均分類表單同步 | 2026-06-23 11:33:39","1","","0","0","0","台語草稿送入失敗：Supabase RPC submit_satellite_annotation_draft HTTP 400: {""code"":""P0001"",""details"":null,""hint"":null,""message"":""satellite Taiwanese draft needs TaiHan1 and TL1""}","2026-08-16 22:25:53.108+00","已有台語來源指派人但缺少台語review"
"20541","AD00062","高雄市","三民區","本揚里","本揚里","直接標注","待審查","陳亮均","亮均分類表單同步 | 2026-06-23 11:33:39","1","","0","0","0","台語草稿送入失敗：Supabase RPC submit_satellite_annotation_draft HTTP 400: {""code"":""P0001"",""details"":null,""hint"":null,""message"":""satellite Taiwanese draft needs TaiHan1 and TL1""}","2026-08-16 22:25:53.108+00","已有台語來源指派人但缺少台語review"
"20542","AD00064","高雄市","三民區","灣成里","灣成里","直接標注","待審查","陳亮均","亮均分類表單同步 | 2026-06-23 11:33:39","1","","0","0","0","台語草稿送入失敗：Supabase RPC submit_satellite_annotation_draft HTTP 400: {""code"":""P0001"",""details"":null,""hint"":null,""message"":""satellite Taiwanese draft needs TaiHan1 and TL1""}","2026-08-16 22:25:53.108+00","已有台語來源指派人但缺少台語review"
"20544","AD00067","高雄市","三民區","灣愛里","灣愛里","直接標注","待審查","陳亮均","亮均分類表單同步 | 2026-04-27 22:10:34","1","","0","0","0","台語草稿送入失敗：Supabase RPC submit_satellite_annotation_draft HTTP 400: {""code"":""P0001"",""details"":null,""hint"":null,""message"":""satellite Taiwanese draft needs TaiHan1 and TL1""}","2026-08-16 22:25:53.108+00","已有台語來源指派人但缺少台語review"
"20545","AD00068","高雄市","三民區","寶玉里","寶玉里","直接標注","待審查","陳亮均","亮均分類表單同步 | 2026-06-23 11:33:39","1","","0","0","0","台語草稿送入失敗：Supabase RPC submit_satellite_annotation_draft HTTP 400: {""code"":""P0001"",""details"":null,""hint"":null,""message"":""satellite Taiwanese draft needs TaiHan1 and TL1""}","2026-08-16 22:25:53.108+00","已有台語來源指派人但缺少台語review"
"20548","AD00072","高雄市","三民區","本安里","本安里","直接標注","待審查","陳亮均","亮均分類表單同步 | 2026-06-23 11:33:39","1","","0","0","0","台語草稿送入失敗：Supabase RPC submit_satellite_annotation_draft HTTP 400: {""code"":""P0001"",""details"":null,""hint"":null,""message"":""satellite Taiwanese draft needs TaiHan1 and TL1""}","2026-08-16 22:25:53.108+00","已有台語來源指派人但缺少台語review"
"20549","AD00076","高雄市","三民區","寶珠里","寶珠里","直接標注","待審查","陳亮均","亮均分類表單同步 | 2026-06-23 11:33:39","1","","0","0","0","台語草稿送入失敗：Supabase RPC submit_satellite_annotation_draft HTTP 400: {""code"":""P0001"",""details"":null,""hint"":null,""message"":""satellite Taiwanese draft needs TaiHan1 and TL1""}","2026-08-16 22:25:53.108+00","已有台語來源指派人但缺少台語review"
"20550","AD00078","高雄市","三民區","本館里","本館里","直接標注","待審查","陳亮均","亮均分類表單同步 | 2026-06-23 11:33:39","1","","0","0","0","台語草稿送入失敗：Supabase RPC submit_satellite_annotation_draft HTTP 400: {""code"":""P0001"",""details"":null,""hint"":null,""message"":""satellite Taiwanese draft needs TaiHan1 and TL1""}","2026-08-16 22:25:53.108+00","已有台語來源指派人但缺少台語review"
"20551","AD00079","高雄市","三民區","安吉里","安吉里","直接標注","待審查","陳亮均","亮均分類表單同步 | 2026-06-23 11:33:39","1","","0","0","0","台語草稿送入失敗：Supabase RPC submit_satellite_annotation_draft HTTP 400: {""code"":""P0001"",""details"":null,""hint"":null,""message"":""satellite Taiwanese draft needs TaiHan1 and TL1""}","2026-08-16 22:25:53.108+00","已有台語來源指派人但缺少台語review"
"20553","AD00084","高雄市","三民區","寶盛里","寶盛里","直接標注","待審查","陳亮均","亮均分類表單同步 | 2026-06-23 11:33:39","1","","0","0","0","台語草稿送入失敗：Supabase RPC submit_satellite_annotation_draft HTTP 400: {""code"":""P0001"",""details"":null,""hint"":null,""message"":""satellite Taiwanese draft needs TaiHan1 and TL1""}","2026-08-16 22:25:53.108+00","已有台語來源指派人但缺少台語review"
"20554","AD00085","高雄市","三民區","寶業里","寶業里","直接標注","待審查","陳亮均","亮均分類表單同步 | 2026-06-23 11:33:39","1","","0","0","0","台語草稿送入失敗：Supabase RPC submit_satellite_annotation_draft HTTP 400: {""code"":""P0001"",""details"":null,""hint"":null,""message"":""satellite Taiwanese draft needs TaiHan1 and TL1""}","2026-08-16 22:25:53.108+00","已有台語來源指派人但缺少台語review"
"20555","AD00086","高雄市","三民區","本和里","本和里","直接標注","待審查","陳亮均","亮均分類表單同步 | 2026-06-23 11:33:39","1","","0","0","0","台語草稿送入失敗：Supabase RPC submit_satellite_annotation_draft HTTP 400: {""code"":""P0001"",""details"":null,""hint"":null,""message"":""satellite Taiwanese draft needs TaiHan1 and TL1""}","2026-08-16 22:25:53.108+00","已有台語來源指派人但缺少台語review"
"20556","AD00088","高雄市","仁武區","八卦里","八卦里","直接標注","待審查","陳亮均","亮均分類表單同步 | 2026-06-23 11:33:39","1","","0","0","0","台語草稿送入失敗：Supabase RPC submit_satellite_annotation_draft HTTP 400: {""code"":""P0001"",""details"":null,""hint"":null,""message"":""satellite Taiwanese draft needs TaiHan1 and TL1""}","2026-08-16 22:25:53.108+00","已有台語來源指派人但缺少台語review"
"20557","AD00091","高雄市","仁武區","考潭里","考潭里","直接標注","待審查","陳亮均","亮均分類表單同步 | 2026-06-23 11:33:39","1","","0","0","0","台語草稿送入失敗：Supabase RPC submit_satellite_annotation_draft HTTP 400: {""code"":""P0001"",""details"":null,""hint"":null,""message"":""satellite Taiwanese draft needs TaiHan1 and TL1""}","2026-08-16 22:25:53.108+00","已有台語來源指派人但缺少台語review"
"20561","AD00157","高雄市","前鎮區","瑞誠里","瑞誠里","直接標注","待審查","陳亮均","亮均分類表單同步 | 2026-06-23 11:33:39","1","","0","0","0","台語草稿送入失敗：Supabase RPC submit_satellite_annotation_draft HTTP 400: {""code"":""P0001"",""details"":null,""hint"":null,""message"":""satellite Taiwanese draft needs TaiHan1 and TL1""}","2026-08-16 22:25:53.108+00","已有台語來源指派人但缺少台語review"
"20562","AD00159","高雄市","前鎮區","瑞華里","瑞華里","直接標注","待審查","陳亮均","亮均分類表單同步 | 2026-06-23 11:33:39","1","","0","0","0","台語草稿送入失敗：Supabase RPC submit_satellite_annotation_draft HTTP 400: {""code"":""P0001"",""details"":null,""hint"":null,""message"":""satellite Taiwanese draft needs TaiHan1 and TL1""}","2026-08-16 22:25:53.108+00","已有台語來源指派人但缺少台語review"
"20563","AD00160","高雄市","前鎮區","瑞昌里","瑞昌里","直接標注","待審查","陳亮均","亮均分類表單同步 | 2026-06-23 11:33:39","1","","0","0","0","台語草稿送入失敗：Supabase RPC submit_satellite_annotation_draft HTTP 400: {""code"":""P0001"",""details"":null,""hint"":null,""message"":""satellite Taiwanese draft needs TaiHan1 and TL1""}","2026-08-16 22:25:53.108+00","已有台語來源指派人但缺少台語review"
"20564","AD00161","高雄市","前鎮區","瑞隆里","瑞隆里","直接標注","待審查","陳亮均","亮均分類表單同步 | 2026-06-23 11:33:39","1","","0","0","0","台語草稿送入失敗：Supabase RPC submit_satellite_annotation_draft HTTP 400: {""code"":""P0001"",""details"":null,""hint"":null,""message"":""satellite Taiwanese draft needs TaiHan1 and TL1""}","2026-08-16 22:25:53.108+00","已有台語來源指派人但缺少台語review"
"20566","AD00164","高雄市","前鎮區","瑞文里","瑞文里","直接標注","待審查","陳亮均","亮均分類表單同步 | 2026-06-23 11:33:39","1","","0","0","0","台語草稿送入失敗：Supabase RPC submit_satellite_annotation_draft HTTP 400: {""code"":""P0001"",""details"":null,""hint"":null,""message"":""satellite Taiwanese draft needs TaiHan1 and TL1""}","2026-08-16 22:25:53.108+00","已有台語來源指派人但缺少台語review"
"20569","AD00168","高雄市","前鎮區","竹北里","竹北里","直接標注","待審查","陳亮均","亮均分類表單同步 | 2026-06-23 11:33:39","1","","0","0","0","台語草稿送入失敗：Supabase RPC submit_satellite_annotation_draft HTTP 400: {""code"":""P0001"",""details"":null,""hint"":null,""message"":""satellite Taiwanese draft needs TaiHan1 and TL1""}","2026-08-16 22:25:53.108+00","已有台語來源指派人但缺少台語review"
"20570","AD00171","高雄市","前鎮區","平昌里","平昌里","直接標注","待審查","陳亮均","亮均分類表單同步 | 2026-06-23 11:33:39","1","","0","0","0","台語草稿送入失敗：Supabase RPC submit_satellite_annotation_draft HTTP 400: {""code"":""P0001"",""details"":null,""hint"":null,""message"":""satellite Taiwanese draft needs TaiHan1 and TL1""}","2026-08-16 22:25:53.109+00","已有台語來源指派人但缺少台語review"
"20571","AD00175","高雄市","前鎮區","建隆里","建隆里","直接標注","待審查","陳亮均","亮均分類表單同步 | 2026-06-23 11:33:39","1","","0","0","0","台語草稿送入失敗：Supabase RPC submit_satellite_annotation_draft HTTP 400: {""code"":""P0001"",""details"":null,""hint"":null,""message"":""satellite Taiwanese draft needs TaiHan1 and TL1""}","2026-08-16 22:25:53.109+00","已有台語來源指派人但缺少台語review"
"20572","AD00176","高雄市","前鎮區","明孝里","明孝里","直接標注","待審查","陳亮均","亮均分類表單同步 | 2026-06-23 11:33:39","1","","0","0","0","台語草稿送入失敗：Supabase RPC submit_satellite_annotation_draft HTTP 400: {""code"":""P0001"",""details"":null,""hint"":null,""message"":""satellite Taiwanese draft needs TaiHan1 and TL1""}","2026-08-16 22:25:53.109+00","已有台語來源指派人但缺少台語review"
"20573","AD00182","高雄市","前鎮區","鎮北里","鎮北里","直接標注","待審查","陳亮均","亮均分類表單同步 | 2026-06-23 11:33:39","1","","0","0","0","台語草稿送入失敗：Supabase RPC submit_satellite_annotation_draft HTTP 400: {""code"":""P0001"",""details"":null,""hint"":null,""message"":""satellite Taiwanese draft needs TaiHan1 and TL1""}","2026-08-16 22:25:53.109+00","已有台語來源指派人但缺少台語review"
"20576","AD00222","高雄市","大寮區","永芳里","永芳里","直接標注","待審查","陳亮均","亮均分類表單同步 | 2026-04-27 22:10:34","1","","0","0","0","台語草稿送入失敗：Supabase RPC submit_satellite_annotation_draft HTTP 400: {""code"":""P0001"",""details"":null,""hint"":null,""message"":""satellite Taiwanese draft needs TaiHan1 and TL1""}","2026-08-16 22:25:53.109+00","已有台語來源指派人但缺少台語review"
"20579","AD00276","高雄市","小港區","鳳興里","鳳興里","直接標注","待審查","陳亮均","亮均分類表單同步 | 2026-06-23 11:33:39","1","","0","0","0","台語草稿送入失敗：Supabase RPC submit_satellite_annotation_draft HTTP 400: {""code"":""P0001"",""details"":null,""hint"":null,""message"":""satellite Taiwanese draft needs TaiHan1 and TL1""}","2026-08-16 22:25:53.109+00","已有台語來源指派人但缺少台語review"
"20581","AD00279","高雄市","小港區","合作里","合作里","直接標注","待審查","陳亮均","亮均分類表單同步 | 2026-06-23 11:33:39","1","","0","0","0","台語草稿送入失敗：Supabase RPC submit_satellite_annotation_draft HTTP 400: {""code"":""P0001"",""details"":null,""hint"":null,""message"":""satellite Taiwanese draft needs TaiHan1 and TL1""}","2026-08-16 22:25:53.109+00","已有台語來源指派人但缺少台語review"
"20583","AD00347","高雄市","左營區","果貿里","果貿里","直接標注","待審查","陳亮均","亮均分類表單同步 | 2026-06-23 11:33:39","1","","0","0","0","台語草稿送入失敗：Supabase RPC submit_satellite_annotation_draft HTTP 400: {""code"":""P0001"",""details"":null,""hint"":null,""message"":""satellite Taiwanese draft needs TaiHan1 and TL1""}","2026-08-16 22:25:53.109+00","已有台語來源指派人但缺少台語review"
"20584","AD00348","高雄市","左營區","果峰里","果峰里","直接標注","待審查","陳亮均","亮均分類表單同步 | 2026-04-27 22:10:34","1","","0","0","0","台語草稿送入失敗：Supabase RPC submit_satellite_annotation_draft HTTP 400: {""code"":""P0001"",""details"":null,""hint"":null,""message"":""satellite Taiwanese draft needs TaiHan1 and TL1""}","2026-08-16 22:25:53.109+00","已有台語來源指派人但缺少台語review"
"20585","AD00349","高雄市","左營區","合群里","合群里","直接標注","待審查","陳亮均","亮均分類表單同步 | 2026-06-23 11:33:39","1","","0","0","0","台語草稿送入失敗：Supabase RPC submit_satellite_annotation_draft HTTP 400: {""code"":""P0001"",""details"":null,""hint"":null,""message"":""satellite Taiwanese draft needs TaiHan1 and TL1""}","2026-08-16 22:25:53.109+00","已有台語來源指派人但缺少台語review"
"20587","AD00352","高雄市","左營區","自助里","自助里","直接標注","待審查","陳亮均","亮均分類表單同步 | 2026-06-23 11:33:39","1","","0","0","0","台語草稿送入失敗：Supabase RPC submit_satellite_annotation_draft HTTP 400: {""code"":""P0001"",""details"":null,""hint"":null,""message"":""satellite Taiwanese draft needs TaiHan1 and TL1""}","2026-08-16 22:25:53.109+00","已有台語來源指派人但缺少台語review"
"20589","AD00354","高雄市","左營區","海勝里","海勝里","直接標注","待審查","陳亮均","亮均分類表單同步 | 2026-06-23 11:33:39","1","","0","0","0","台語草稿送入失敗：Supabase RPC submit_satellite_annotation_draft HTTP 400: {""code"":""P0001"",""details"":null,""hint"":null,""message"":""satellite Taiwanese draft needs TaiHan1 and TL1""}","2026-08-16 22:25:53.109+00","已有台語來源指派人但缺少台語review"
"20591","AD00356","高雄市","左營區","新中里","新中里","直接標注","待審查","陳亮均","亮均分類表單同步 | 2026-06-23 11:33:39","1","","0","0","0","台語草稿送入失敗：Supabase RPC submit_satellite_annotation_draft HTTP 400: {""code"":""P0001"",""details"":null,""hint"":null,""message"":""satellite Taiwanese draft needs TaiHan1 and TL1""}","2026-08-16 22:25:53.109+00","已有台語來源指派人但缺少台語review"
"20592","AD00357","高雄市","左營區","果惠里","果惠里","直接標注","待審查","陳亮均","亮均分類表單同步 | 2026-04-27 22:10:34","1","","0","0","0","台語草稿送入失敗：Supabase RPC submit_satellite_annotation_draft HTTP 400: {""code"":""P0001"",""details"":null,""hint"":null,""message"":""satellite Taiwanese draft needs TaiHan1 and TL1""}","2026-08-16 22:25:53.109+00","已有台語來源指派人但缺少台語review"
"20593","AD00358","高雄市","左營區","祥和里","祥和里","直接標注","待審查","陳亮均","亮均分類表單同步 | 2026-06-23 11:33:39","1","","0","0","0","台語草稿送入失敗：Supabase RPC submit_satellite_annotation_draft HTTP 400: {""code"":""P0001"",""details"":null,""hint"":null,""message"":""satellite Taiwanese draft needs TaiHan1 and TL1""}","2026-08-16 22:25:53.109+00","已有台語來源指派人但缺少台語review"
"20594","AD00360","高雄市","左營區","菜公里","菜公里","直接標注","待審查","陳亮均","亮均分類表單同步 | 2026-06-23 11:33:39","1","","0","0","0","台語草稿送入失敗：Supabase RPC submit_satellite_annotation_draft HTTP 400: {""code"":""P0001"",""details"":null,""hint"":null,""message"":""satellite Taiwanese draft needs TaiHan1 and TL1""}","2026-08-16 22:25:53.109+00","已有台語來源指派人但缺少台語review"
"20596","AD00364","高雄市","左營區","崇實里","崇實里","直接標注","待審查","陳亮均","亮均分類表單同步 | 2026-06-23 11:33:39","1","","0","0","0","台語草稿送入失敗：Supabase RPC submit_satellite_annotation_draft HTTP 400: {""code"":""P0001"",""details"":null,""hint"":null,""message"":""satellite Taiwanese draft needs TaiHan1 and TL1""}","2026-08-16 22:25:53.109+00","已有台語來源指派人但缺少台語review"
"20598","AD00387","高雄市","彌陀區","南寮里","南寮里","直接標注","待審查","陳亮均","亮均分類表單同步 | 2026-06-23 11:33:39","1","","0","0","0","台語草稿送入失敗：Supabase RPC submit_satellite_annotation_draft HTTP 400: {""code"":""P0001"",""details"":null,""hint"":null,""message"":""satellite Taiwanese draft needs TaiHan1 and TL1""}","2026-08-16 22:25:53.109+00","已有台語來源指派人但缺少台語review"
"20599","AD00389","高雄市","彌陀區","舊港里","舊港里","直接標注","待審查","陳亮均","亮均分類表單同步 | 2026-06-23 11:33:39","1","","0","0","0","台語草稿送入失敗：Supabase RPC submit_satellite_annotation_draft HTTP 400: {""code"":""P0001"",""details"":null,""hint"":null,""message"":""satellite Taiwanese draft needs TaiHan1 and TL1""}","2026-08-16 22:25:53.109+00","已有台語來源指派人但缺少台語review"
"20600","AD00400","高雄市","新興區","榮治里","榮治里","直接標注","待審查","陳亮均","亮均分類表單同步 | 2026-04-27 22:10:34","1","","0","0","0","台語草稿送入失敗：Supabase RPC submit_satellite_annotation_draft HTTP 400: {""code"":""P0001"",""details"":null,""hint"":null,""message"":""satellite Taiwanese draft needs TaiHan1 and TL1""}","2026-08-16 22:25:53.109+00","已有台語來源指派人但缺少台語review"
"20601","AD00402","高雄市","新興區","建華里","建華里","直接標注","待審查","陳亮均","亮均分類表單同步 | 2026-06-23 11:33:39","1","","0","0","0","台語草稿送入失敗：Supabase RPC submit_satellite_annotation_draft HTTP 400: {""code"":""P0001"",""details"":null,""hint"":null,""message"":""satellite Taiwanese draft needs TaiHan1 and TL1""}","2026-08-16 22:25:53.109+00","已有台語來源指派人但缺少台語review"
"20605","AD00480","高雄市","林園區","中汕里","中汕里","直接標注","待審查","陳亮均","亮均分類表單同步 | 2026-06-23 11:33:39","1","","0","0","0","台語草稿送入失敗：Supabase RPC submit_satellite_annotation_draft HTTP 400: {""code"":""P0001"",""details"":null,""hint"":null,""message"":""satellite Taiwanese draft needs TaiHan1 and TL1""}","2026-08-16 22:25:53.109+00","已有台語來源指派人但缺少台語review"
"20606","AD00503","高雄市","桃源區","高中里","高中里","原住民族","待指派","","亮均分類表單同步 | 2026-06-23 11:33:39","1","","0","0","0","","2026-08-16 22:25:53.109+00","已有台語來源狀態但缺少台語review"
"20607","AD00507","高雄市","桃源區","梅山里","梅山里","原住民族","待指派","","亮均分類表單同步 | 2026-06-23 11:33:39","1","","0","0","0","","2026-08-16 22:25:53.109+00","已有台語來源狀態但缺少台語review"
"20608","AD00515","高雄市","梓官區","梓信里","梓信里","直接標注","待審查","陳亮均","亮均分類表單同步 | 2026-04-27 22:10:34","1","","0","0","0","台語草稿送入失敗：Supabase RPC submit_satellite_annotation_draft HTTP 400: {""code"":""P0001"",""details"":null,""hint"":null,""message"":""satellite Taiwanese draft needs TaiHan1 and TL1""}","2026-08-16 22:25:53.109+00","已有台語來源指派人但缺少台語review"
"20611","AD00533","高雄市","楠梓區","秀昌里","秀昌里","直接標注","待審查","陳亮均","亮均分類表單同步 | 2026-06-23 11:33:39","1","","0","0","0","台語草稿送入失敗：Supabase RPC submit_satellite_annotation_draft HTTP 400: {""code"":""P0001"",""details"":null,""hint"":null,""message"":""satellite Taiwanese draft needs TaiHan1 and TL1""}","2026-08-16 22:25:53.109+00","已有台語來源指派人但缺少台語review"
"20615","AD00660","高雄市","苓雅區","林貴里","林貴里","直接標注","待審查","陳亮均","亮均分類表單同步 | 2026-06-23 11:33:39","1","","0","0","0","台語草稿送入失敗：Supabase RPC submit_satellite_annotation_draft HTTP 400: {""code"":""P0001"",""details"":null,""hint"":null,""message"":""satellite Taiwanese draft needs TaiHan1 and TL1""}","2026-08-16 22:25:53.109+00","已有台語來源指派人但缺少台語review"
"20616","AD00661","高雄市","苓雅區","林富里","林富里","直接標注","待審查","陳亮均","亮均分類表單同步 | 2026-04-27 22:10:34","1","","0","0","0","台語草稿送入失敗：Supabase RPC submit_satellite_annotation_draft HTTP 400: {""code"":""P0001"",""details"":null,""hint"":null,""message"":""satellite Taiwanese draft needs TaiHan1 and TL1""}","2026-08-16 22:25:53.109+00","已有台語來源指派人但缺少台語review"
"20617","AD00664","高雄市","苓雅區","安祥里","安祥里","直接標注","待審查","陳亮均","亮均分類表單同步 | 2026-06-23 11:33:39","1","","0","0","0","台語草稿送入失敗：Supabase RPC submit_satellite_annotation_draft HTTP 400: {""code"":""P0001"",""details"":null,""hint"":null,""message"":""satellite Taiwanese draft needs TaiHan1 and TL1""}","2026-08-16 22:25:53.109+00","已有台語來源指派人但缺少台語review"
"20618","AD00669","高雄市","苓雅區","普天里","普天里","直接標注","待審查","陳亮均","亮均分類表單同步 | 2026-06-23 11:33:39","1","","0","0","0","台語草稿送入失敗：Supabase RPC submit_satellite_annotation_draft HTTP 400: {""code"":""P0001"",""details"":null,""hint"":null,""message"":""satellite Taiwanese draft needs TaiHan1 and TL1""}","2026-08-16 22:25:53.109+00","已有台語來源指派人但缺少台語review"
"20619","AD00671","高雄市","苓雅區","苓洲里","苓洲里","直接標注","待審查","陳亮均","亮均分類表單同步 | 2026-06-23 11:33:39","1","","0","0","0","台語草稿送入失敗：Supabase RPC submit_satellite_annotation_draft HTTP 400: {""code"":""P0001"",""details"":null,""hint"":null,""message"":""satellite Taiwanese draft needs TaiHan1 and TL1""}","2026-08-16 22:25:53.109+00","已有台語來源指派人但缺少台語review"
"20620","AD00672","高雄市","苓雅區","博仁里","博仁里","直接標注","待審查","陳亮均","亮均分類表單同步 | 2026-06-23 11:33:39","1","","0","0","0","台語草稿送入失敗：Supabase RPC submit_satellite_annotation_draft HTTP 400: {""code"":""P0001"",""details"":null,""hint"":null,""message"":""satellite Taiwanese draft needs TaiHan1 and TL1""}","2026-08-16 22:25:53.109+00","已有台語來源指派人但缺少台語review"
"20621","AD00675","高雄市","苓雅區","苓雅里","苓雅里","直接標注","待審查","陳亮均","亮均分類表單同步 | 2026-06-23 11:33:39","1","","0","0","0","台語草稿送入失敗：Supabase RPC submit_satellite_annotation_draft HTTP 400: {""code"":""P0001"",""details"":null,""hint"":null,""message"":""satellite Taiwanese draft needs TaiHan1 and TL1""}","2026-08-16 22:25:53.109+00","已有台語來源指派人但缺少台語review"
"20622","AD00676","高雄市","苓雅區","尚義里","尚義里","直接標注","待審查","陳亮均","亮均分類表單同步 | 2026-06-23 11:33:39","1","","0","0","0","台語草稿送入失敗：Supabase RPC submit_satellite_annotation_draft HTTP 400: {""code"":""P0001"",""details"":null,""hint"":null,""message"":""satellite Taiwanese draft needs TaiHan1 and TL1""}","2026-08-16 22:25:53.109+00","已有台語來源指派人但缺少台語review"
"20623","AD00731","高雄市","茂林區","萬山里","萬山里","原住民族","待指派","","亮均分類表單同步 | 2026-06-23 11:33:39","1","","0","0","0","","2026-08-16 22:25:53.109+00","已有台語來源狀態但缺少台語review"
"20624","AD00732","高雄市","茂林區","多納里","多納里","原住民族","待指派","","亮均分類表單同步 | 2026-04-27 22:10:34","1","","0","0","0","","2026-08-16 22:25:53.109+00","已有台語來源狀態但缺少台語review"
"20627","AD00773","高雄市","那瑪夏區","達卡努瓦里","達卡努瓦里","原住民族","待指派","","亮均分類表單同步 | 2026-06-23 11:33:39","1","","0","0","0","","2026-08-16 22:25:53.109+00","已有台語來源狀態但缺少台語review"
"20630","AD00799","高雄市","鳳山區","福誠里","福誠里","直接標注","待審查","陳亮均","亮均分類表單同步 | 2026-06-23 11:33:39","1","","0","0","0","台語草稿送入失敗：Supabase RPC submit_satellite_annotation_draft HTTP 400: {""code"":""P0001"",""details"":null,""hint"":null,""message"":""satellite Taiwanese draft needs TaiHan1 and TL1""}","2026-08-16 22:25:53.109+00","已有台語來源指派人但缺少台語review"
"20631","AD00800","高雄市","鳳山區","海風里","海風里","直接標注","待審查","陳亮均","亮均分類表單同步 | 2026-06-23 11:33:39","1","","0","0","0","台語草稿送入失敗：Supabase RPC submit_satellite_annotation_draft HTTP 400: {""code"":""P0001"",""details"":null,""hint"":null,""message"":""satellite Taiwanese draft needs TaiHan1 and TL1""}","2026-08-16 22:25:53.109+00","已有台語來源指派人但缺少台語review"
"20632","AD00802","高雄市","鳳山區","曹公里","曹公里","直接標注","待審查","陳亮均","亮均分類表單同步 | 2026-04-27 22:10:34","1","","0","0","0","台語草稿送入失敗：Supabase RPC submit_satellite_annotation_draft HTTP 400: {""code"":""P0001"",""details"":null,""hint"":null,""message"":""satellite Taiwanese draft needs TaiHan1 and TL1""}","2026-08-16 22:25:53.109+00","已有台語來源指派人但缺少台語review"
"20634","AD00804","高雄市","鳳山區","新強里","新強里","直接標注","待審查","陳亮均","亮均分類表單同步 | 2026-06-23 11:33:39","1","","0","0","0","台語草稿送入失敗：Supabase RPC submit_satellite_annotation_draft HTTP 400: {""code"":""P0001"",""details"":null,""hint"":null,""message"":""satellite Taiwanese draft needs TaiHan1 and TL1""}","2026-08-16 22:25:53.109+00","已有台語來源指派人但缺少台語review"
"20635","AD00810","高雄市","鳳山區","誠義里","誠義里","直接標注","待審查","陳亮均","亮均分類表單同步 | 2026-06-23 11:33:39","1","","0","0","0","台語草稿送入失敗：Supabase RPC submit_satellite_annotation_draft HTTP 400: {""code"":""P0001"",""details"":null,""hint"":null,""message"":""satellite Taiwanese draft needs TaiHan1 and TL1""}","2026-08-16 22:25:53.109+00","已有台語來源指派人但缺少台語review"
"20638","AD00814","高雄市","鳳山區","武慶里","武慶里","直接標注","待審查","陳亮均","亮均分類表單同步 | 2026-06-23 11:33:39","1","","0","0","0","台語草稿送入失敗：Supabase RPC submit_satellite_annotation_draft HTTP 400: {""code"":""P0001"",""details"":null,""hint"":null,""message"":""satellite Taiwanese draft needs TaiHan1 and TL1""}","2026-08-16 22:25:53.109+00","已有台語來源指派人但缺少台語review"
"20639","AD00815","高雄市","鳳山區","武松里","武松里","直接標注","待審查","陳亮均","亮均分類表單同步 | 2026-06-23 11:33:39","1","","0","0","0","台語草稿送入失敗：Supabase RPC submit_satellite_annotation_draft HTTP 400: {""code"":""P0001"",""details"":null,""hint"":null,""message"":""satellite Taiwanese draft needs TaiHan1 and TL1""}","2026-08-16 22:25:53.109+00","已有台語來源指派人但缺少台語review"
"20640","AD00816","高雄市","鳳山區","文英里","文英里","直接標注","待審查","陳亮均","亮均分類表單同步 | 2026-04-27 22:10:34","1","","0","0","0","台語草稿送入失敗：Supabase RPC submit_satellite_annotation_draft HTTP 400: {""code"":""P0001"",""details"":null,""hint"":null,""message"":""satellite Taiwanese draft needs TaiHan1 and TL1""}","2026-08-16 22:25:53.109+00","已有台語來源指派人但缺少台語review"
"20641","AD00818","高雄市","鳳山區","善美里","善美里","直接標注","待審查","陳亮均","亮均分類表單同步 | 2026-06-23 11:33:39","1","","0","0","0","台語草稿送入失敗：Supabase RPC submit_satellite_annotation_draft HTTP 400: {""code"":""P0001"",""details"":null,""hint"":null,""message"":""satellite Taiwanese draft needs TaiHan1 and TL1""}","2026-08-16 22:25:53.109+00","已有台語來源指派人但缺少台語review"
"20642","AD00820","高雄市","鳳山區","文福里","文福里","直接標注","待審查","陳亮均","亮均分類表單同步 | 2026-06-23 11:33:39","1","","0","0","0","台語草稿送入失敗：Supabase RPC submit_satellite_annotation_draft HTTP 400: {""code"":""P0001"",""details"":null,""hint"":null,""message"":""satellite Taiwanese draft needs TaiHan1 and TL1""}","2026-08-16 22:25:53.109+00","已有台語來源指派人但缺少台語review"
"20646","AD00942","新北市","三峽區","成福里","成福里","直接標注","待指派","","亮均分類表單同步 | 2026-06-23 11:33:39","1","","0","0","0","","2026-08-16 22:25:53.109+00","已有台語來源狀態但缺少台語review"
"20653","AD00989","新北市","三重區","永清里","永清里","直接標注","待指派","","亮均分類表單同步 | 2026-06-23 11:33:39","1","","0","0","0","","2026-08-16 22:25:53.109+00","已有台語來源狀態但缺少台語review"
"20654","AD00991","新北市","三重區","慈福里","慈福里","直接標注","待指派","","亮均分類表單同步 | 2026-06-23 11:33:39","1","","0","0","0","","2026-08-16 22:25:53.109+00","已有台語來源狀態但缺少台語review"
"20656","AD00996","新北市","三重區","福德里","福德里","直接標注","待指派","","亮均分類表單同步 | 2026-04-27 22:10:34","1","","0","0","0","","2026-08-16 22:25:53.109+00","已有台語來源狀態但缺少台語review"
"20658","AD01005","新北市","三重區","慈祐里","慈祐里","直接標注","待指派","","亮均分類表單同步 | 2026-06-23 11:33:39","1","","0","0","0","","2026-08-16 22:25:53.109+00","已有台語來源狀態但缺少台語review"
"20663","AD01017","新北市","三重區","立德里","立德里","直接標注","待指派","","亮均分類表單同步 | 2026-06-23 11:33:39","1","","0","0","0","","2026-08-16 22:25:53.109+00","已有台語來源狀態但缺少台語review"
"20665","AD01105","新北市","中和區","中和區","民有里","直接標注","待指派","","亮均分類表單同步 | 2026-06-23 11:33:39","1","","0","0","0","","2026-08-16 22:25:53.109+00","已有台語來源狀態但缺少台語review"
"20668","AD01111","新北市","中和區","國光里","國光里","直接標注","待指派","","亮均分類表單同步 | 2026-06-23 11:33:39","1","","0","0","0","","2026-08-16 22:25:53.109+00","已有台語來源狀態但缺少台語review"
"20673","AD01231","新北市","土城區","永豐里","永豐里","直接標注","待指派","","亮均分類表單同步 | 2026-06-23 11:33:39","1","","0","0","0","","2026-08-16 22:25:53.109+00","已有台語來源狀態但缺少台語review"
"20674","AD01232","新北市","土城區","瑞興里","瑞興里","直接標注","待指派","","亮均分類表單同步 | 2026-06-23 11:33:39","1","","0","0","0","","2026-08-16 22:25:53.109+00","已有台語來源狀態但缺少台語review"
"20675","AD01233","新北市","土城區","頂福里","頂福里","直接標注","待指派","","亮均分類表單同步 | 2026-06-23 11:33:39","1","","0","0","0","","2026-08-16 22:25:53.109+00","已有台語來源狀態但缺少台語review"
"20677","AD01238","新北市","土城區","日新里","日新里","直接標注","待指派","","亮均分類表單同步 | 2026-06-23 11:33:39","1","","0","0","0","","2026-08-16 22:25:53.109+00","已有台語來源狀態但缺少台語review"
"20678","AD01239","新北市","土城區","永寧里","永寧里","直接標注","待指派","","亮均分類表單同步 | 2026-06-23 11:33:39","1","","0","0","0","","2026-08-16 22:25:53.109+00","已有台語來源狀態但缺少台語review"
"20682","AD01298","新北市","新店區","新和里","新和里","直接標注","待指派","","亮均分類表單同步 | 2026-06-23 11:33:39","1","","0","0","0","","2026-08-16 22:25:53.109+00","已有台語來源狀態但缺少台語review"
"20683","AD01299","新北市","新店區","新安里","新安里","直接標注","待指派","","亮均分類表單同步 | 2026-06-23 11:33:39","1","","0","0","0","","2026-08-16 22:25:53.109+00","已有台語來源狀態但缺少台語review"
"20684","AD01301","新北市","新店區","吉祥里","吉祥里","直接標注","待指派","","亮均分類表單同步 | 2026-06-23 11:33:39","1","","0","0","0","","2026-08-16 22:25:53.109+00","已有台語來源狀態但缺少台語review"
"20686","AD01305","新北市","新店區","文明里","文明里","直接標注","待指派","","亮均分類表單同步 | 2026-06-23 11:33:39","1","","0","0","0","","2026-08-16 22:25:53.109+00","已有台語來源狀態但缺少台語review"
"20691","AD01313","新北市","新店區","達觀里","達觀里","直接標注","待指派","","亮均分類表單同步 | 2026-06-23 11:33:39","1","","0","0","0","","2026-08-16 22:25:53.109+00","已有台語來源狀態但缺少台語review"
"20692","AD01316","新北市","新店區","寶興里","寶興里","直接標注","待指派","","亮均分類表單同步 | 2026-06-23 11:33:39","1","","0","0","0","","2026-08-16 22:25:53.109+00","已有台語來源狀態但缺少台語review"
"20693","AD01317","新北市","新店區","寶安里","寶安里","直接標注","待指派","","亮均分類表單同步 | 2026-06-23 11:33:39","1","","0","0","0","","2026-08-16 22:25:53.109+00","已有台語來源狀態但缺少台語review"
"20695","AD01320","新北市","新店區","忠誠里","忠誠里","直接標注","待指派","","亮均分類表單同步 | 2026-06-23 11:33:39","1","","0","0","0","","2026-08-16 22:25:53.109+00","已有台語來源狀態但缺少台語review"
"20697","AD01333","新北市","新店區","新德里","新德里","直接標注","待指派","","亮均分類表單同步 | 2026-06-23 11:33:39","1","","0","0","0","","2026-08-16 22:25:53.109+00","已有台語來源狀態但缺少台語review"
"20699","AD01372","新北市","新莊區","文衡里","文衡里","直接標注","待指派","","亮均分類表單同步 | 2026-06-23 11:33:39","1","","0","0","0","","2026-08-16 22:25:53.109+00","已有台語來源狀態但缺少台語review"
"20701","AD01376","新北市","新莊區","建安里","建安里","直接標注","待指派","","亮均分類表單同步 | 2026-06-23 11:33:39","1","","0","0","0","","2026-08-16 22:25:53.109+00","已有台語來源狀態但缺少台語review"
"20703","AD01379","新北市","新莊區","裕民里","裕民里","直接標注","待指派","","亮均分類表單同步 | 2026-06-23 11:33:39","1","","0","0","0","","2026-08-16 22:25:53.109+00","已有台語來源狀態但缺少台語review"
"20704","AD01380","新北市","新莊區","立功里","立功里","直接標注","待指派","","亮均分類表單同步 | 2026-04-27 22:10:34","1","","0","0","0","","2026-08-16 22:25:53.109+00","已有台語來源狀態但缺少台語review"
"20706","AD01387","新北市","新莊區","文聖里","文聖里","直接標注","待指派","","亮均分類表單同步 | 2026-06-23 11:33:39","1","","0","0","0","","2026-08-16 22:25:53.109+00","已有台語來源狀態但缺少台語review"
"20707","AD01390","新北市","新莊區","南港里","南港里","直接標注","待指派","","亮均分類表單同步 | 2026-06-23 11:33:39","1","","0","0","0","","2026-08-16 22:25:53.109+00","已有台語來源狀態但缺少台語review"
"20708","AD01453","新北市","板橋區","光榮里","光榮里","直接標注","待指派","","亮均分類表單同步 | 2026-06-23 11:33:39","1","","0","0","0","","2026-08-16 22:25:53.109+00","已有台語來源狀態但缺少台語review"
"20709","AD01456","新北市","板橋區","廣福里","廣福里","直接標注","待指派","","亮均分類表單同步 | 2026-06-23 11:33:39","1","","0","0","0","","2026-08-16 22:25:53.109+00","已有台語來源狀態但缺少台語review"
"20710","AD01458","新北市","板橋區","廣德里","廣德里","直接標注","待指派","","亮均分類表單同步 | 2026-06-23 11:33:39","1","","0","0","0","","2026-08-16 22:25:53.109+00","已有台語來源狀態但缺少台語review"
"20712","AD01462","新北市","板橋區","公館里","公館里","直接標注","待指派","","亮均分類表單同步 | 2026-04-27 22:10:34","1","","0","0","0","","2026-08-16 22:25:53.109+00","已有台語來源狀態但缺少台語review"
"20713","AD01463","新北市","板橋區","自立里","自立里","直接標注","待指派","","亮均分類表單同步 | 2026-06-23 11:33:39","1","","0","0","0","","2026-08-16 22:25:53.109+00","已有台語來源狀態但缺少台語review"
"20714","AD01464","新北市","板橋區","華江里","華江里","直接標注","待指派","","亮均分類表單同步 | 2026-06-23 11:33:39","1","","0","0","0","","2026-08-16 22:25:53.109+00","已有台語來源狀態但缺少台語review"
"20715","AD01470","新北市","板橋區","莒光里","莒光里","直接標注","待指派","","亮均分類表單同步 | 2026-06-23 11:33:39","1","","0","0","0","","2026-08-16 22:25:53.109+00","已有台語來源狀態但缺少台語review"
"20716","AD01473","新北市","板橋區","金華里","金華里","直接標注","待指派","","亮均分類表單同步 | 2026-06-23 11:33:39","1","","0","0","0","","2026-08-16 22:25:53.109+00","已有台語來源狀態但缺少台語review"
"20717","AD01478","新北市","板橋區","九如里","九如里","直接標注","待指派","","亮均分類表單同步 | 2026-06-23 11:33:39","1","","0","0","0","","2026-08-16 22:25:53.109+00","已有台語來源狀態但缺少台語review"
"20718","AD01481","新北市","板橋區","華興里","華興里","直接標注","待指派","","亮均分類表單同步 | 2026-06-23 11:33:39","1","","0","0","0","","2026-08-16 22:25:53.109+00","已有台語來源狀態但缺少台語review"
"20719","AD01484","新北市","板橋區","莊敬里","莊敬里","直接標注","待指派","","亮均分類表單同步 | 2026-06-23 11:33:39","1","","0","0","0","","2026-08-16 22:25:53.109+00","已有台語來源狀態但缺少台語review"
"20720","AD01494","新北市","板橋區","華德里","華德里","直接標注","待指派","","亮均分類表單同步 | 2026-04-27 22:10:34","1","","0","0","0","","2026-08-16 22:25:53.109+00","已有台語來源狀態但缺少台語review"
"20721","AD01501","新北市","板橋區","文德里","文德里","直接標注","待指派","","亮均分類表單同步 | 2026-06-23 11:33:39","1","","0","0","0","","2026-08-16 22:25:53.109+00","已有台語來源狀態但缺少台語review"
"20722","AD01581","新北市","林口區","湖南里","湖南村","直接標注","待指派","","亮均分類表單同步 | 2026-06-23 11:33:39","1","","0","0","0","","2026-08-16 22:25:53.109+00","已有台語來源狀態但缺少台語review"
"20728","AD01641","新北市","永和區","永和區","民富里","直接標注","待指派","","亮均分類表單同步 | 2026-04-27 22:10:34","1","","0","0","0","","2026-08-16 22:25:53.109+00","已有台語來源狀態但缺少台語review"
"20730","AD01643","新北市","永和區","福和里","福和里","直接標注","待指派","","亮均分類表單同步 | 2026-06-23 11:33:39","1","","0","0","0","","2026-08-16 22:25:53.109+00","已有台語來源狀態但缺少台語review"
"20731","AD01650","新北市","永和區","永和區","正興里","直接標注","待指派","","亮均分類表單同步 | 2026-06-23 11:33:39","1","","0","0","0","","2026-08-16 22:25:53.109+00","已有台語來源狀態但缺少台語review"
"20732","AD01654","新北市","永和區","忠義里","忠義里","直接標注","待指派","","亮均分類表單同步 | 2026-06-23 11:33:39","1","","0","0","0","","2026-08-16 22:25:53.109+00","已有台語來源狀態但缺少台語review"
"20733","AD01657","新北市","永和區","福林里","福林里","直接標注","待指派","","亮均分類表單同步 | 2026-06-23 11:33:39","1","","0","0","0","","2026-08-16 22:25:53.109+00","已有台語來源狀態但缺少台語review"
"20734","AD01665","新北市","永和區","水源里","水源里","直接標注","待指派","","亮均分類表單同步 | 2026-06-23 11:33:39","1","","0","0","0","","2026-08-16 22:25:53.109+00","已有台語來源狀態但缺少台語review"
"20736","AD01706","新北市","汐止區","保新里","保新里","直接標注","待指派","","亮均分類表單同步 | 2026-04-27 22:10:34","1","","0","0","0","","2026-08-16 22:25:53.109+00","已有台語來源狀態但缺少台語review"
"20737","AD01707","新北市","汐止區","崇德里","崇德里","直接標注","待指派","","亮均分類表單同步 | 2026-06-23 11:33:39","1","","0","0","0","","2026-08-16 22:25:53.109+00","已有台語來源狀態但缺少台語review"
"20740","AD01773","新北市","淡水區","永吉里","永吉里","直接標注","待指派","","亮均分類表單同步 | 2026-06-23 11:33:39","1","","0","0","0","","2026-08-16 22:25:53.109+00","已有台語來源狀態但缺少台語review"
"20742","AD01784","新北市","淡水區","幸福里","幸福里","直接標注","待指派","","亮均分類表單同步 | 2026-06-23 11:33:39","1","","0","0","0","","2026-08-16 22:25:53.11+00","已有台語來源狀態但缺少台語review"
"20743","AD01787","新北市","淡水區","崁頂里","崁頂里","直接標注","待指派","","亮均分類表單同步 | 2026-06-23 11:33:39","1","","0","0","0","","2026-08-16 22:25:53.11+00","已有台語來源狀態但缺少台語review"
"20745","AD01825","新北市","烏來區","孝義里","孝義里","原住民族","待指派","","亮均分類表單同步 | 2026-06-23 11:33:39","1","","0","0","0","","2026-08-16 22:25:53.11+00","已有台語來源狀態但缺少台語review"
"20751","AD01899","新北市","蘆洲區","中原里","中原里","直接標注","待指派","","亮均分類表單同步 | 2026-06-23 11:33:39","1","","0","0","0","","2026-08-16 22:25:53.11+00","已有台語來源狀態但缺少台語review"
"20752","AD01905","新北市","蘆洲區","中華里","中華里","直接標注","待指派","","亮均分類表單同步 | 2026-04-27 22:10:34","1","","0","0","0","","2026-08-16 22:25:53.11+00","已有台語來源狀態但缺少台語review"
"20755","AD01938","新北市","貢寮區","和美里","和美里","直接標注","待指派","","亮均分類表單同步 | 2026-06-23 11:33:39","1","","0","0","0","","2026-08-16 22:25:53.11+00","已有台語來源狀態但缺少台語review"
"20756","AD01941","新北市","貢寮區","福隆里","福隆里","直接標注","待指派","","亮均分類表單同步 | 2026-06-23 11:33:39","1","","0","0","0","","2026-08-16 22:25:53.11+00","已有台語來源狀態但缺少台語review"
"20762","AD01979","新北市","鶯歌區","鳳鳴里","鳳鳴里","直接標注","待指派","","亮均分類表單同步 | 2026-06-23 11:33:39","1","","0","0","0","","2026-08-16 22:25:53.11+00","已有台語來源狀態但缺少台語review"
"20766","AD02002","臺中市","中區","大誠里","大誠里","直接標注","待指派","","亮均分類表單同步 | 2026-06-23 11:33:39","1","","0","0","0","","2026-08-16 22:25:53.11+00","已有台語來源狀態但缺少台語review"
"20769","AD02084","臺中市","北屯區","松茂里","松茂里","直接標注","待指派","","亮均分類表單同步 | 2026-06-23 11:33:39","1","","0","0","0","","2026-08-16 22:25:53.11+00","已有台語來源狀態但缺少台語review"
"20770","AD02085","臺中市","北屯區","松強里","松強里","直接標注","待指派","","亮均分類表單同步 | 2026-06-23 11:33:39","1","","0","0","0","","2026-08-16 22:25:53.11+00","已有台語來源狀態但缺少台語review"
"20771","AD02086","臺中市","北屯區","松和里","松和里","直接標注","待指派","","亮均分類表單同步 | 2026-06-23 11:33:39","1","","0","0","0","","2026-08-16 22:25:53.11+00","已有台語來源狀態但缺少台語review"
"20772","AD02087","臺中市","北屯區","松勇里","松勇里","直接標注","待指派","","亮均分類表單同步 | 2026-06-23 11:33:39","1","","0","0","0","","2026-08-16 22:25:53.11+00","已有台語來源狀態但缺少台語review"
"20773","AD02088","臺中市","北屯區","后庄里","后庄里","直接標注","待指派","","亮均分類表單同步 | 2026-06-23 11:33:39","1","","0","0","0","","2026-08-16 22:25:53.11+00","已有台語來源狀態但缺少台語review"
"20774","AD02090","臺中市","北屯區","平順里","平順里","直接標注","待指派","","亮均分類表單同步 | 2026-06-23 11:33:39","1","","0","0","0","","2026-08-16 22:25:53.11+00","已有台語來源狀態但缺少台語review"
"20776","AD02095","臺中市","北屯區","平福里","平福里","直接標注","待指派","","亮均分類表單同步 | 2026-04-27 23:33:07","1","","0","0","0","","2026-08-16 22:25:53.11+00","已有台語來源狀態但缺少台語review"
"20777","AD02096","臺中市","北屯區","平心里","平心里","直接標注","待指派","","亮均分類表單同步 | 2026-06-23 11:33:39","1","","0","0","0","","2026-08-16 22:25:53.11+00","已有台語來源狀態但缺少台語review"
"20778","AD02097","臺中市","北屯區","松竹里","松竹里","直接標注","待指派","","亮均分類表單同步 | 2026-06-23 11:33:39","1","","0","0","0","","2026-08-16 22:25:53.11+00","已有台語來源狀態但缺少台語review"
"20780","AD02099","臺中市","北屯區","四民里","四民里","直接標注","待指派","","亮均分類表單同步 | 2026-06-23 11:33:39","1","","0","0","0","","2026-08-16 22:25:53.11+00","已有台語來源狀態但缺少台語review"
"20781","AD02101","臺中市","北屯區","平德里","平德里","直接標注","待指派","","亮均分類表單同步 | 2026-06-23 11:33:39","1","","0","0","0","","2026-08-16 22:25:53.11+00","已有台語來源狀態但缺少台語review"
"20782","AD02103","臺中市","北屯區","水景里","水景里","直接標注","待指派","","亮均分類表單同步 | 2026-06-23 11:33:39","1","","0","0","0","","2026-08-16 22:25:53.11+00","已有台語來源狀態但缺少台語review"
"20783","AD02104","臺中市","北屯區","北京里","北京里","直接標注","待指派","","亮均分類表單同步 | 2026-06-23 11:33:39","1","","0","0","0","","2026-08-16 22:25:53.11+00","已有台語來源狀態但缺少台語review"
"20784","AD02115","臺中市","北屯區","廍子里","廍子里","直接標注","待指派","","亮均分類表單同步 | 2026-04-27 22:10:34","1","","0","0","0","","2026-08-16 22:25:53.11+00","已有台語來源狀態但缺少台語review"
"20785","AD02118","臺中市","北屯區","北屯里","北屯里","直接標注","待指派","","亮均分類表單同步 | 2026-06-23 11:33:39","1","","0","0","0","","2026-08-16 22:25:53.11+00","已有台語來源狀態但缺少台語review"
"20788","AD02156","臺中市","南屯區","春安里","春安里","直接標注","待指派","","亮均分類表單同步 | 2026-06-23 11:33:39","1","","0","0","0","","2026-08-16 22:25:53.11+00","已有台語來源狀態但缺少台語review"
"20789","AD02160","臺中市","南屯區","文心里","文心里","直接標注","待指派","","亮均分類表單同步 | 2026-06-23 11:33:39","1","","0","0","0","","2026-08-16 22:25:53.11+00","已有台語來源狀態但缺少台語review"
"20790","AD02161","臺中市","南屯區","同心里","同心里","直接標注","待指派","","亮均分類表單同步 | 2026-06-23 11:33:39","1","","0","0","0","","2026-08-16 22:25:53.11+00","已有台語來源狀態但缺少台語review"
"20791","AD02169","臺中市","南屯區","惠中里","惠中里","直接標注","待指派","","亮均分類表單同步 | 2026-06-23 11:33:39","1","","0","0","0","","2026-08-16 22:25:53.11+00","已有台語來源狀態但缺少台語review"
"20792","AD02186","臺中市","后里區","聯合里","聯合里","直接標注","待指派","","亮均分類表單同步 | 2026-04-27 22:10:34","1","","0","0","0","","2026-08-16 22:25:53.11+00","已有台語來源狀態但缺少台語review"
"20794","AD02224","臺中市","大安區","海墘里","海墘里","直接標注","待指派","","亮均分類表單同步 | 2026-06-23 11:33:39","1","","0","0","0","","2026-08-16 22:25:53.11+00","已有台語來源狀態但缺少台語review"
"20795","AD02245","臺中市","大甲區","南陽里","南陽里","直接標注","待指派","","亮均分類表單同步 | 2026-06-23 11:33:39","1","","0","0","0","","2026-08-16 22:25:53.11+00","已有台語來源狀態但缺少台語review"
"20796","AD02268","臺中市","大肚區","蔗廍里","蔗廍里","直接標注","待指派","","亮均分類表單同步 | 2026-06-23 11:33:39","1","","0","0","0","","2026-08-16 22:25:53.11+00","已有台語來源狀態但缺少台語review"
"20802","AD02409","臺中市","東區","富仁里","富仁里","直接標注","待指派","","亮均分類表單同步 | 2026-06-23 11:33:39","1","","0","0","0","","2026-08-16 22:25:53.11+00","已有台語來源狀態但缺少台語review"
"20809","AD02483","臺中市","清水區","南社里","南社里","直接標注","待指派","","亮均分類表單同步 | 2026-06-23 11:33:39","1","","0","0","0","","2026-08-16 22:25:53.11+00","已有台語來源狀態但缺少台語review"
"20811","AD02512","臺中市","潭子區","潭北里","潭北里","直接標注","待指派","","亮均分類表單同步 | 2026-06-23 11:33:39","1","","0","0","0","","2026-08-16 22:25:53.11+00","已有台語來源狀態但缺少台語review"
"20812","AD02514","臺中市","潭子區","潭秀里","潭秀里","直接標注","待指派","","亮均分類表單同步 | 2026-06-23 11:33:39","1","","0","0","0","","2026-08-16 22:25:53.11+00","已有台語來源狀態但缺少台語review"
"20816","AD02519","臺中市","潭子區","潭陽里","潭陽里","直接標注","待指派","","亮均分類表單同步 | 2026-04-27 23:33:07","1","","0","0","0","","2026-08-16 22:25:53.11+00","已有台語來源狀態但缺少台語review"
"20824","AD02573","臺中市","西區","土庫里","公益里","直接標注","待指派","","亮均分類表單同步 | 2026-04-27 22:10:34","1","","0","0","0","","2026-08-16 22:25:53.11+00","已有台語來源狀態但缺少台語review"
"20829","AD02581","臺中市","西區","公德里","公德里","直接標注","待指派","","亮均分類表單同步 | 2026-06-23 11:33:39","1","","0","0","0","","2026-08-16 22:25:53.11+00","已有台語來源狀態但缺少台語review"
"20831","AD02584","臺中市","西區","公民里","公民里","直接標注","待指派","","亮均分類表單同步 | 2026-06-23 11:33:39","1","","0","0","0","","2026-08-16 22:25:53.11+00","已有台語來源狀態但缺少台語review"
"20832","AD02600","臺中市","西屯區","何德里","何德里","直接標注","待指派","","亮均分類表單同步 | 2026-04-27 23:33:07","1","","0","0","0","","2026-08-16 22:25:53.11+00","已有台語來源狀態但缺少台語review"
"20833","AD02601","臺中市","西屯區","逢甲里","逢甲里","直接標注","待指派","","亮均分類表單同步 | 2026-06-23 11:33:39","1","","0","0","0","","2026-08-16 22:25:53.11+00","已有台語來源狀態但缺少台語review"
"20834","AD02602","臺中市","西屯區","何源里","何源里","直接標注","待指派","","亮均分類表單同步 | 2026-06-23 11:33:39","1","","0","0","0","","2026-08-16 22:25:53.11+00","已有台語來源狀態但缺少台語review"
"20836","AD02604","臺中市","西屯區","何南里","何南里","直接標注","待指派","","亮均分類表單同步 | 2026-06-23 11:33:39","1","","0","0","0","","2026-08-16 22:25:53.11+00","已有台語來源狀態但缺少台語review"
"20837","AD02606","臺中市","西屯區","何成里","何成里","直接標注","待指派","","亮均分類表單同步 | 2026-06-23 11:33:39","1","","0","0","0","","2026-08-16 22:25:53.11+00","已有台語來源狀態但缺少台語review"
"20840","AD02613","臺中市","西屯區","何明里","何明里","直接標注","待指派","","亮均分類表單同步 | 2026-04-27 23:33:07","1","","0","0","0","","2026-08-16 22:25:53.11+00","已有台語來源狀態但缺少台語review"
"20841","AD02615","臺中市","西屯區","逢福里","逢福里","直接標注","待指派","","亮均分類表單同步 | 2026-06-23 11:33:39","1","","0","0","0","","2026-08-16 22:25:53.11+00","已有台語來源狀態但缺少台語review"
"20842","AD02618","臺中市","西屯區","何仁里","何仁里","直接標注","待指派","","亮均分類表單同步 | 2026-06-23 11:33:39","1","","0","0","0","","2026-08-16 22:25:53.11+00","已有台語來源狀態但缺少台語review"
"20843","AD02620","臺中市","西屯區","何安里","何安里","直接標注","待指派","","亮均分類表單同步 | 2026-06-23 11:33:39","1","","0","0","0","","2026-08-16 22:25:53.11+00","已有台語來源狀態但缺少台語review"
"20849","AD02716","臺北市","中山區","行仁里","行仁里","直接標注","待指派","","亮均分類表單同步 | 2026-06-23 11:33:39","1","","0","0","0","","2026-08-16 22:25:53.11+00","已有台語來源狀態但缺少台語review"
"20851","AD02720","臺北市","中山區","埤頭里","埤頭里","直接標注","待指派","","亮均分類表單同步 | 2026-06-23 11:33:39","1","","0","0","0","","2026-08-16 22:25:53.11+00","已有台語來源狀態但缺少台語review"
"20852","AD02721","臺北市","中山區","行政里","行政里","直接標注","待指派","","亮均分類表單同步 | 2026-06-23 11:33:39","1","","0","0","0","","2026-08-16 22:25:53.11+00","已有台語來源狀態但缺少台語review"
"20853","AD02722","臺北市","中山區","新福里","新福里","直接標注","待指派","","亮均分類表單同步 | 2026-06-23 11:33:39","1","","0","0","0","","2026-08-16 22:25:53.11+00","已有台語來源狀態但缺少台語review"
"20854","AD02724","臺北市","中山區","劍潭里","劍潭里","直接標注","待指派","","亮均分類表單同步 | 2026-06-23 11:33:39","1","","0","0","0","","2026-08-16 22:25:53.11+00","已有台語來源狀態但缺少台語review"
"20856","AD02730","臺北市","中山區","復華里","復華里","直接標注","待指派","","亮均分類表單同步 | 2026-04-27 22:10:34","1","","0","0","0","","2026-08-16 22:25:53.11+00","已有台語來源狀態但缺少台語review"
"20857","AD02731","臺北市","中山區","康樂里","康樂里","直接標注","待指派","","亮均分類表單同步 | 2026-06-23 11:33:39","1","","0","0","0","","2026-08-16 22:25:53.11+00","已有台語來源狀態但缺少台語review"
"20858","AD02733","臺北市","中山區","金泰里","金泰里","直接標注","待指派","","亮均分類表單同步 | 2026-06-23 11:33:39","1","","0","0","0","","2026-08-16 22:25:53.11+00","已有台語來源狀態但缺少台語review"
"20859","AD02758","臺北市","中正區","文祥里","文祥里","直接標注","待指派","","亮均分類表單同步 | 2026-06-23 11:33:39","1","","0","0","0","","2026-08-16 22:25:53.11+00","已有台語來源狀態但缺少台語review"
"20860","AD02762","臺北市","中正區","螢雪里","螢雪里","直接標注","待指派","","亮均分類表單同步 | 2026-06-23 11:33:39","1","","0","0","0","","2026-08-16 22:25:53.11+00","已有台語來源狀態但缺少台語review"
"20861","AD02763","臺北市","中正區","幸市里","幸市里","直接標注","待指派","","亮均分類表單同步 | 2026-06-23 11:33:39","1","","0","0","0","","2026-08-16 22:25:53.11+00","已有台語來源狀態但缺少台語review"
"20864","AD02767","臺北市","中正區","忠勤里","忠勤里","直接標注","待指派","","亮均分類表單同步 | 2026-04-27 22:10:34","1","","0","0","0","","2026-08-16 22:25:53.11+00","已有台語來源狀態但缺少台語review"
"20868","AD02797","臺北市","信義區","泰和里","泰和里","直接標注","待指派","","亮均分類表單同步 | 2026-06-23 11:33:39","1","","0","0","0","","2026-08-16 22:25:53.11+00","已有台語來源狀態但缺少台語review"
"20869","AD02798","臺北市","信義區","大仁里","大仁里","直接標注","待指派","","亮均分類表單同步 | 2026-06-23 11:33:39","1","","0","0","0","","2026-08-16 22:25:53.11+00","已有台語來源狀態但缺少台語review"
"20870","AD02799","臺北市","信義區","興隆里","興隆里","直接標注","待指派","","亮均分類表單同步 | 2026-06-23 11:33:39","1","","0","0","0","","2026-08-16 22:25:53.11+00","已有台語來源狀態但缺少台語review"
"20872","AD02802","臺北市","信義區","松友里","松友里","直接標注","待指派","","亮均分類表單同步 | 2026-04-27 22:10:34","1","","0","0","0","","2026-08-16 22:25:53.11+00","已有台語來源狀態但缺少台語review"
"20873","AD02803","臺北市","信義區","新仁里","新仁里","直接標注","待指派","","亮均分類表單同步 | 2026-06-23 11:33:39","1","","0","0","0","","2026-08-16 22:25:53.11+00","已有台語來源狀態但缺少台語review"
"20874","AD02804","臺北市","信義區","安康里","安康里","直接標注","待指派","","亮均分類表單同步 | 2026-06-23 11:33:39","1","","0","0","0","","2026-08-16 22:25:53.11+00","已有台語來源狀態但缺少台語review"
"20875","AD02805","臺北市","信義區","富台里","富台里","直接標注","待指派","","亮均分類表單同步 | 2026-06-23 11:33:39","1","","0","0","0","","2026-08-16 22:25:53.11+00","已有台語來源狀態但缺少台語review"
"20876","AD02832","臺北市","內湖區","康寧里","康寧里","直接標注","待指派","","亮均分類表單同步 | 2026-06-23 11:33:39","1","","0","0","0","","2026-08-16 22:25:53.11+00","已有台語來源狀態但缺少台語review"
"20877","AD02833","臺北市","內湖區","南湖里","南湖里","直接標注","待指派","","亮均分類表單同步 | 2026-06-23 11:33:39","1","","0","0","0","","2026-08-16 22:25:53.11+00","已有台語來源狀態但缺少台語review"
"20885","AD02844","臺北市","內湖區","安泰里","安泰里","直接標注","待指派","","亮均分類表單同步 | 2026-06-23 11:33:39","1","","0","0","0","","2026-08-16 22:25:53.11+00","已有台語來源狀態但缺少台語review"
"20888","AD02848","臺北市","內湖區","蘆洲里","蘆洲里","直接標注","待指派","","亮均分類表單同步 | 2026-04-27 22:10:34","1","","0","0","0","","2026-08-16 22:25:53.11+00","已有台語來源狀態但缺少台語review"
"20890","AD02872","臺北市","北投區","一德里","一德里","直接標注","待指派","","亮均分類表單同步 | 2026-06-23 11:33:39","1","","0","0","0","","2026-08-16 22:25:53.11+00","已有台語來源狀態但缺少台語review"
"20892","AD02874","臺北市","北投區","建民里","建民里","直接標注","待指派","","亮均分類表單同步 | 2026-06-23 11:33:39","1","","0","0","0","","2026-08-16 22:25:53.11+00","已有台語來源狀態但缺少台語review"
"20893","AD02876","臺北市","北投區","榮光里","榮光里","直接標注","待指派","","亮均分類表單同步 | 2026-06-23 11:33:39","1","","0","0","0","","2026-08-16 22:25:53.11+00","已有台語來源狀態但缺少台語review"
"20894","AD02877","臺北市","北投區","永欣里","永欣里","直接標注","待指派","","亮均分類表單同步 | 2026-06-23 11:33:39","1","","0","0","0","","2026-08-16 22:25:53.11+00","已有台語來源狀態但缺少台語review"
"20900","AD02917","臺北市","南港區","中南里","中南里","直接標注","待指派","","亮均分類表單同步 | 2026-06-23 11:33:39","1","","0","0","0","","2026-08-16 22:25:53.11+00","已有台語來源狀態但缺少台語review"
"20906","AD02938","臺北市","士林區","仁勇里","仁勇里","直接標注","待指派","","亮均分類表單同步 | 2026-06-23 11:33:39","1","","0","0","0","","2026-08-16 22:25:53.111+00","已有台語來源狀態但缺少台語review"
"20909","AD02942","臺北市","士林區","福順里","福順里","直接標注","待指派","","亮均分類表單同步 | 2026-06-23 11:33:39","1","","0","0","0","","2026-08-16 22:25:53.111+00","已有台語來源狀態但缺少台語review"
"20910","AD02944","臺北市","士林區","葫蘆里","葫蘆里","直接標注","待指派","","亮均分類表單同步 | 2026-06-23 11:33:39","1","","0","0","0","","2026-08-16 22:25:53.111+00","已有台語來源狀態但缺少台語review"
"20921","AD02988","臺北市","大同區","光能里","光能里","直接標注","待指派","","亮均分類表單同步 | 2026-06-23 11:33:39","1","","0","0","0","","2026-08-16 22:25:53.111+00","已有台語來源狀態但缺少台語review"
"20922","AD02993","臺北市","大同區","建功里","建功里","直接標注","待指派","","亮均分類表單同步 | 2026-06-23 11:33:39","1","","0","0","0","","2026-08-16 22:25:53.111+00","已有台語來源狀態但缺少台語review"
"20923","AD02996","臺北市","大同區","斯文里","斯文里","直接標注","待指派","","亮均分類表單同步 | 2026-06-23 11:33:39","1","","0","0","0","","2026-08-16 22:25:53.111+00","已有台語來源狀態但缺少台語review"
"20925","AD03015","臺北市","大安區","光武里","光武里","直接標注","待指派","","亮均分類表單同步 | 2026-06-23 11:33:39","1","","0","0","0","","2026-08-16 22:25:53.111+00","已有台語來源狀態但缺少台語review"
"20927","AD03020","臺北市","大安區","光信里","光信里","直接標注","待指派","","亮均分類表單同步 | 2026-06-23 11:33:39","1","","0","0","0","","2026-08-16 22:25:53.111+00","已有台語來源狀態但缺少台語review"
"20928","AD03022","臺北市","大安區","仁慈里","仁慈里","直接標注","待指派","","亮均分類表單同步 | 2026-04-27 22:10:34","1","","0","0","0","","2026-08-16 22:25:53.111+00","已有台語來源狀態但缺少台語review"
"20931","AD03027","臺北市","大安區","敦煌里","敦煌里","直接標注","待指派","","亮均分類表單同步 | 2026-06-23 11:33:39","1","","0","0","0","","2026-08-16 22:25:53.111+00","已有台語來源狀態但缺少台語review"
"20932","AD03030","臺北市","大安區","大學里","大學里","直接標注","待指派","","亮均分類表單同步 | 2026-06-23 11:33:39","1","","0","0","0","","2026-08-16 22:25:53.111+00","已有台語來源狀態但缺少台語review"
"20935","AD03071","臺北市","文山區","明興里","明興里","直接標注","待指派","","亮均分類表單同步 | 2026-06-23 11:33:39","1","","0","0","0","","2026-08-16 22:25:53.111+00","已有台語來源狀態但缺少台語review"
"20936","AD03072","臺北市","文山區","忠順里","忠順里","直接標注","待指派","","亮均分類表單同步 | 2026-04-27 22:10:34","1","","0","0","0","","2026-08-16 22:25:53.111+00","已有台語來源狀態但缺少台語review"
"20937","AD03073","臺北市","文山區","興旺里","興旺里","直接標注","待指派","","亮均分類表單同步 | 2026-06-23 11:33:39","1","","0","0","0","","2026-08-16 22:25:53.111+00","已有台語來源狀態但缺少台語review"
"20938","AD03074","臺北市","文山區","政大里","政大里","直接標注","待指派","","亮均分類表單同步 | 2026-06-23 11:33:39","1","","0","0","0","","2026-08-16 22:25:53.111+00","已有台語來源狀態但缺少台語review"
"20941","AD03077","臺北市","文山區","興家里","興家里","直接標注","待指派","","亮均分類表單同步 | 2026-06-23 11:33:39","1","","0","0","0","","2026-08-16 22:25:53.111+00","已有台語來源狀態但缺少台語review"
"20943","AD03113","臺北市","松山區","復源里","復源里","直接標注","待指派","","亮均分類表單同步 | 2026-06-23 11:33:39","1","","0","0","0","","2026-08-16 22:25:53.111+00","已有台語來源狀態但缺少台語review"
"20944","AD03114","臺北市","松山區","復建里","復建里","直接標注","待指派","","亮均分類表單同步 | 2026-04-27 22:10:34","1","","0","0","0","","2026-08-16 22:25:53.111+00","已有台語來源狀態但缺少台語review"
"20946","AD03118","臺北市","松山區","復盛里","復盛里","直接標注","待指派","","亮均分類表單同步 | 2026-06-23 11:33:39","1","","0","0","0","","2026-08-16 22:25:53.111+00","已有台語來源狀態但缺少台語review"
"20947","AD03119","臺北市","松山區","敦化里","敦化里","直接標注","待指派","","亮均分類表單同步 | 2026-06-23 11:33:39","1","","0","0","0","","2026-08-16 22:25:53.111+00","已有台語來源狀態但缺少台語review"
"20948","AD03123","臺北市","松山區","美仁里","美仁里","直接標注","待指派","","亮均分類表單同步 | 2026-06-23 11:33:39","1","","0","0","0","","2026-08-16 22:25:53.111+00","已有台語來源狀態但缺少台語review"
"20949","AD03124","臺北市","松山區","精忠里","精忠里","直接標注","待指派","","亮均分類表單同步 | 2026-06-23 11:33:39","1","","0","0","0","","2026-08-16 22:25:53.111+00","已有台語來源狀態但缺少台語review"
"20951","AD03126","臺北市","松山區","松基里","松基里","直接標注","待指派","","亮均分類表單同步 | 2026-06-23 11:33:39","1","","0","0","0","","2026-08-16 22:25:53.111+00","已有台語來源狀態但缺少台語review"
"20955","AD03148","臺北市","萬華區","柳鄉里","柳鄉里","直接標注","待指派","","亮均分類表單同步 | 2026-06-23 11:33:39","1","","0","0","0","","2026-08-16 22:25:53.111+00","已有台語來源狀態但缺少台語review"
"20956","AD03152","臺北市","萬華區","興德里","興德里","直接標注","待指派","","亮均分類表單同步 | 2026-06-23 11:33:39","1","","0","0","0","","2026-08-16 22:25:53.112+00","已有台語來源狀態但缺少台語review"
"20958","AD03193","桃園市","中壢區","普仁里","普仁里","直接標注","待指派","","亮均分類表單同步 | 2026-06-23 11:33:39","1","","0","0","0","","2026-08-16 22:25:53.112+00","已有台語來源狀態但缺少台語review"
"20959","AD03194","桃園市","中壢區","普忠里","普忠里","直接標注","待指派","","亮均分類表單同步 | 2026-06-23 11:33:39","1","","0","0","0","","2026-08-16 22:25:53.112+00","已有台語來源狀態但缺少台語review"
"20960","AD03195","桃園市","中壢區","石頭里","石頭里","直接標注","待指派","","亮均分類表單同步 | 2026-04-27 22:10:34","1","","0","0","0","","2026-08-16 22:25:53.112+00","已有台語來源狀態但缺少台語review"
"20961","AD03197","桃園市","中壢區","華勛里","華勛里","直接標注","待指派","","亮均分類表單同步 | 2026-06-23 11:33:39","1","","0","0","0","","2026-08-16 22:25:53.112+00","已有台語來源狀態但缺少台語review"
"20963","AD03221","桃園市","中壢區","中壢里","中壢里","直接標注","待指派","","亮均分類表單同步 | 2026-06-23 11:33:39","1","","0","0","0","","2026-08-16 22:25:53.112+00","已有台語來源狀態但缺少台語review"
"20966","AD03275","桃園市","八德區","陸光里","陸光里","直接標注","待指派","","亮均分類表單同步 | 2026-06-23 11:33:39","1","","0","0","0","","2026-08-16 22:25:53.112+00","已有台語來源狀態但缺少台語review"
"20969","AD03315","桃園市","大園區","埔心里","埔心里","直接標注","待指派","","亮均分類表單同步 | 2026-06-23 11:33:39","1","","0","0","0","","2026-08-16 22:25:53.112+00","已有台語來源狀態但缺少台語review"
"20972","AD03334","桃園市","大溪區","瑞源里","瑞源里","直接標注","待指派","","亮均分類表單同步 | 2026-06-23 11:33:39","1","","0","0","0","","2026-08-16 22:25:53.112+00","已有台語來源狀態但缺少台語review"
"20974","AD03341","桃園市","大溪區","美華里","美華里","直接標注","待指派","","亮均分類表單同步 | 2026-06-23 11:33:39","1","","0","0","0","","2026-08-16 22:25:53.112+00","已有台語來源狀態但缺少台語review"
"20975","AD03361","桃園市","平鎮區","高雙里","高雙里","直接標注","待指派","","亮均分類表單同步 | 2026-06-23 11:33:39","1","","0","0","0","","2026-08-16 22:25:53.112+00","已有台語來源狀態但缺少台語review"
"20976","AD03363","桃園市","平鎮區","平鎮里","平鎮里","直接標注","待指派","","亮均分類表單同步 | 2026-04-27 22:10:34","1","","0","0","0","","2026-08-16 22:25:53.112+00","已有台語來源狀態但缺少台語review"
"20979","AD03370","桃園市","平鎮區","北華里","北華里","直接標注","待指派","","亮均分類表單同步 | 2026-06-23 11:33:39","1","","0","0","0","","2026-08-16 22:25:53.112+00","已有台語來源狀態但缺少台語review"
"20980","AD03371","桃園市","平鎮區","平興里","平興里","直接標注","待指派","","亮均分類表單同步 | 2026-06-23 11:33:39","1","","0","0","0","","2026-08-16 22:25:53.112+00","已有台語來源狀態但缺少台語review"
"20981","AD03407","桃園市","復興區","華陵里","華陵里","原住民族","待指派","","亮均分類表單同步 | 2026-06-23 11:33:39","1","","0","0","0","","2026-08-16 22:25:53.112+00","已有台語來源狀態但缺少台語review"
"20982","AD03409","桃園市","復興區","羅浮里","羅浮里","原住民族","待指派","","亮均分類表單同步 | 2026-06-23 11:33:39","1","","0","0","0","","2026-08-16 22:25:53.112+00","已有台語來源狀態但缺少台語review"
"20985","AD03444","桃園市","桃園區","中寧里","中寧里","直接標注","待指派","","亮均分類表單同步 | 2026-06-23 11:33:39","1","","0","0","0","","2026-08-16 22:25:53.112+00","已有台語來源狀態但缺少台語review"
"20989","AD03458","桃園市","桃園區","寶慶里","寶慶里","直接標注","待指派","","亮均分類表單同步 | 2026-06-23 11:33:39","1","","0","0","0","","2026-08-16 22:25:53.112+00","已有台語來源狀態但缺少台語review"
"20990","AD03460","桃園市","桃園區","同德里","同德里","直接標注","待指派","","亮均分類表單同步 | 2026-06-23 11:33:39","1","","0","0","0","","2026-08-16 22:25:53.112+00","已有台語來源狀態但缺少台語review"
"20995","AD03563","桃園市","蘆竹區","中福里","中福里","直接標注","待指派","","亮均分類表單同步 | 2026-06-23 11:33:39","1","","0","0","0","","2026-08-16 22:25:53.112+00","已有台語來源狀態但缺少台語review"
"20998","AD03612","桃園市","龍潭區","武漢里","武漢里","直接標注","待指派","","亮均分類表單同步 | 2026-06-23 11:33:39","1","","0","0","0","","2026-08-16 22:25:53.112+00","已有台語來源狀態但缺少台語review"
"20999","AD03616","桃園市","龍潭區","聖德里","聖德里","直接標注","待指派","","亮均分類表單同步 | 2026-06-23 11:33:39","1","","0","0","0","","2026-08-16 22:25:53.112+00","已有台語來源狀態但缺少台語review"
"21001","AD03637","桃園市","龜山區","舊路里","舊路里","直接標注","待指派","","亮均分類表單同步 | 2026-06-23 11:33:39","1","","0","0","0","","2026-08-16 22:25:53.112+00","已有台語來源狀態但缺少台語review"
"21004","AD03644","桃園市","龜山區","新路里","新路里","直接標注","待指派","","亮均分類表單同步 | 2026-06-23 11:33:39","1","","0","0","0","","2026-08-16 22:25:53.112+00","已有台語來源狀態但缺少台語review"
"21009","AD03670","臺南市","七股區","","鹽埕里","直接標注","待指派","","亮均分類表單同步 | 2026-06-23 11:33:39","1","","0","0","0","","2026-08-16 22:25:53.112+00","已有台語來源狀態但缺少台語review"
"21014","AD03713","臺南市","中西區","郡王里","郡王里","直接標注","待指派","","亮均分類表單同步 | 2026-06-23 11:33:39","1","","0","0","0","","2026-08-16 22:25:53.112+00","已有台語來源狀態但缺少台語review"
"21015","AD03721","臺南市","中西區","法華里","法華里","直接標注","待指派","","亮均分類表單同步 | 2026-06-23 11:33:39","1","","0","0","0","","2026-08-16 22:25:53.112+00","已有台語來源狀態但缺少台語review"
"21016","AD03722","臺南市","中西區","永華里","永華里","直接標注","待指派","","亮均分類表單同步 | 2026-04-27 22:10:34","1","","0","0","0","","2026-08-16 22:25:53.112+00","已有台語來源狀態但缺少台語review"
"21021","AD03788","臺南市","仁德區","","中洲里","直接標注","待指派","","亮均分類表單同步 | 2026-06-23 11:33:39","1","","0","0","0","","2026-08-16 22:25:53.112+00","已有台語來源狀態但缺少台語review"
"21023","AD03790","臺南市","仁德區","太子里","太子里","直接標注","待指派","","亮均分類表單同步 | 2026-06-23 11:33:39","1","","0","0","0","","2026-08-16 22:25:53.112+00","已有台語來源狀態但缺少台語review"
"21024","AD03825","臺南市","六甲區","","七甲里","直接標注","待指派","","亮均分類表單同步 | 2026-04-27 22:10:34","1","","0","0","0","","2026-08-16 22:25:53.112+00","已有台語來源狀態但缺少台語review"
"21025","AD03827","臺南市","六甲區","甲南里","甲南里","直接標注","待指派","","亮均分類表單同步 | 2026-06-23 11:33:39","1","","0","0","0","","2026-08-16 22:25:53.112+00","已有台語來源狀態但缺少台語review"
"21027","AD03838","臺南市","北區","和順里","和順里","直接標注","待指派","","亮均分類表單同步 | 2026-06-23 11:33:39","1","","0","0","0","","2026-08-16 22:25:53.112+00","已有台語來源狀態但缺少台語review"
"21028","AD03849","臺南市","北區","","正覺里","直接標注","待指派","","亮均分類表單同步 | 2026-06-23 11:33:39","1","","0","0","0","","2026-08-16 22:25:53.112+00","已有台語來源狀態但缺少台語review"
"21029","AD03850","臺南市","北區","五福里","城隍里","直接標注","待指派","","亮均分類表單同步 | 2026-06-23 11:33:39","1","","0","0","0","","2026-08-16 22:25:53.112+00","已有台語來源狀態但缺少台語review"
"21030","AD03856","臺南市","北區","","公園里","直接標注","待指派","","亮均分類表單同步 | 2026-06-23 11:33:39","1","","0","0","0","","2026-08-16 22:25:53.112+00","已有台語來源狀態但缺少台語review"
"21032","AD03902","臺南市","北門區","北門區","永隆里","直接標注","待指派","","亮均分類表單同步 | 2026-04-27 22:10:34","1","","0","0","0","","2026-08-16 22:25:53.112+00","已有台語來源狀態但缺少台語review"
"21035","AD03915","臺南市","南化區","南化里","南化里","直接標注","待指派","","亮均分類表單同步 | 2026-06-23 11:33:39","1","","0","0","0","","2026-08-16 22:25:53.112+00","已有台語來源狀態但缺少台語review"
"21037","AD03925","臺南市","南區","再興里","再興里","直接標注","待指派","","亮均分類表單同步 | 2026-06-23 11:33:39","1","","0","0","0","","2026-08-16 22:25:53.112+00","已有台語來源狀態但缺少台語review"
"21043","AD03931","臺南市","南區","南華里","南華里","直接標注","待指派","","亮均分類表單同步 | 2026-06-23 11:33:39","1","","0","0","0","","2026-08-16 22:25:53.112+00","已有台語來源狀態但缺少台語review"
"21044","AD03933","臺南市","南區","南都里","南都里","直接標注","待指派","","亮均分類表單同步 | 2026-06-23 11:33:39","1","","0","0","0","","2026-08-16 22:25:53.112+00","已有台語來源狀態但缺少台語review"
"21046","AD03938","臺南市","南區","府南里","府南里","直接標注","待指派","","亮均分類表單同步 | 2026-06-23 11:33:39","1","","0","0","0","","2026-08-16 22:25:53.112+00","已有台語來源狀態但缺少台語review"
"21047","AD03939","臺南市","南區","鯤鯓里","鯤鯓里","直接標注","待指派","","亮均分類表單同步 | 2026-06-23 11:33:39","1","","0","0","0","","2026-08-16 22:25:53.112+00","已有台語來源狀態但缺少台語review"
"21048","AD03943","臺南市","南區","文華里","文華里","直接標注","待指派","","亮均分類表單同步 | 2026-04-27 22:10:34","1","","0","0","0","","2026-08-16 22:25:53.112+00","已有台語來源狀態但缺少台語review"
"21049","AD03973","臺南市","善化區","小新里","小新里","直接標注","待指派","","亮均分類表單同步 | 2026-07-02 05:28:32","1","","0","0","0","","2026-08-16 22:25:53.112+00","已有台語來源狀態但缺少台語review"
"21050","AD03974","臺南市","善化區","坐駕里","坐駕里","電話調查","待指派","","亮均分類表單同步 | 2026-07-02 05:28:32","1","","0","0","0","","2026-08-16 22:25:53.112+00","已有台語來源狀態但缺少台語review"
"21051","AD03993","臺南市","大內區","曲溪里","曲溪里","電話調查","待指派","","亮均分類表單同步 | 2026-07-02 05:28:32","1","","0","0","0","","2026-08-16 22:25:53.112+00","已有台語來源狀態但缺少台語review"
"21052","AD04004","臺南市","學甲區","","達明里","直接標注","待指派","","亮均分類表單同步 | 2026-07-07 05:28:25","1","","0","0","0","","2026-08-16 22:25:53.112+00","已有台語來源狀態但缺少台語review"
"21054","AD04009","臺南市","學甲區","新榮里","新榮里","直接標注","待指派","","亮均分類表單同步 | 2026-07-07 05:28:25","1","","0","0","0","","2026-08-16 22:25:53.112+00","已有台語來源狀態但缺少台語review"
"21055","AD04032","臺南市","安南區","","公親里","直接標注","待指派","","亮均分類表單同步 | 2026-07-07 05:28:25","1","","0","0","0","","2026-08-16 22:25:53.112+00","已有台語來源狀態但缺少台語review"
"21056","AD04033","臺南市","安南區","","學東里","電話調查","待指派","","亮均分類表單同步 | 2026-07-07 05:28:25","1","","0","0","0","","2026-08-16 22:25:53.112+00","已有台語來源狀態但缺少台語review"
"21057","AD04034","臺南市","安南區","","淵西里","電話調查","待指派","","亮均分類表單同步 | 2026-07-07 05:28:25","1","","0","0","0","","2026-08-16 22:25:53.112+00","已有台語來源狀態但缺少台語review"
"21058","AD04035","臺南市","安南區","","溪心里","直接標注","待指派","","亮均分類表單同步 | 2026-07-07 05:28:25","1","","0","0","0","","2026-08-16 22:25:53.112+00","已有台語來源狀態但缺少台語review"
"21059","AD04036","臺南市","安南區","淵東里","淵東里","電話調查","待指派","","亮均分類表單同步 | 2026-07-07 05:28:25","1","","0","0","0","","2026-08-16 22:25:53.112+00","已有台語來源狀態但缺少台語review"
"21060","AD04037","臺南市","安南區","安東里","安東里","電話調查","待指派","","亮均分類表單同步 | 2026-07-07 05:28:25","1","","0","0","0","","2026-08-16 22:25:53.112+00","已有台語來源狀態但缺少台語review"
"21061","AD04038","臺南市","安南區","安南區","安西里","電話調查","待指派","","亮均分類表單同步 | 2026-07-07 05:28:25","1","","0","0","0","","2026-08-16 22:25:53.112+00","已有台語來源狀態但缺少台語review"
"21062","AD04042","臺南市","安南區","","佃東里","電話調查","待指派","","亮均分類表單同步 | 2026-07-07 05:28:25","1","","0","0","0","","2026-08-16 22:25:53.112+00","已有台語來源狀態但缺少台語review"
"21063","AD04044","臺南市","安南區","鳳凰里","鳳凰里","直接標注","待指派","","亮均分類表單同步 | 2026-07-07 05:28:25","1","","0","0","0","","2026-08-16 22:25:53.112+00","已有台語來源狀態但缺少台語review"
"21064","AD04045","臺南市","安南區","海佃里","海佃里","直接標注","待指派","","亮均分類表單同步 | 2026-07-07 05:28:25","1","","0","0","0","","2026-08-16 22:25:53.112+00","已有台語來源狀態但缺少台語review"
"21065","AD04046","臺南市","安南區","海西里","海西里","電話調查","待指派","","亮均分類表單同步 | 2026-07-07 05:28:25","1","","0","0","0","","2026-08-16 22:25:53.112+00","已有台語來源狀態但缺少台語review"
"21066","AD04047","臺南市","安南區","海東里","海東里","電話調查","待指派","","亮均分類表單同步 | 2026-07-07 05:28:25","1","","0","0","0","","2026-08-16 22:25:53.112+00","已有台語來源狀態但缺少台語review"
"21067","AD04048","臺南市","安南區","海南里","海南里","直接標注","待指派","","亮均分類表單同步 | 2026-07-07 05:28:25","1","","0","0","0","","2026-08-16 22:25:53.112+00","已有台語來源狀態但缺少台語review"
"21068","AD04053","臺南市","安南區","佃西里","佃西里","電話調查","待指派","","亮均分類表單同步 | 2026-07-07 05:28:25","1","","0","0","0","","2026-08-16 22:25:53.112+00","已有台語來源狀態但缺少台語review"
"21069","AD04055","臺南市","安南區","安富里","安富里","直接標注","待指派","","亮均分類表單同步 | 2026-07-07 05:28:25","1","","0","0","0","","2026-08-16 22:25:53.112+00","已有台語來源狀態但缺少台語review"
"21070","AD04084","臺南市","安定區","","中榮里","直接標注","待指派","","亮均分類表單同步 | 2026-07-02 05:28:32","1","","0","0","0","","2026-08-16 22:25:53.112+00","已有台語來源狀態但缺少台語review"
"21071","AD04085","臺南市","安定區","","港南里","直接標注","待指派","","亮均分類表單同步 | 2026-07-02 05:28:32","1","","0","0","0","","2026-08-16 22:25:53.112+00","已有台語來源狀態但缺少台語review"
"21072","AD04087","臺南市","安定區","","中沙里","電話調查","待指派","","亮均分類表單同步 | 2026-07-02 05:28:32","1","","0","0","0","","2026-08-16 22:25:53.112+00","已有台語來源狀態但缺少台語review"
"21073","AD04088","臺南市","安定區","","新吉里","電話調查","待指派","","亮均分類表單同步 | 2026-07-02 05:28:32","1","","0","0","0","","2026-08-16 22:25:53.112+00","已有台語來源狀態但缺少台語review"
"21074","AD04101","臺南市","安平區","","育平里","直接標注","待指派","","亮均分類表單同步 | 2026-07-07 05:28:25","1","","0","0","0","","2026-08-16 22:25:53.112+00","已有台語來源狀態但缺少台語review"
"21075","AD04102","臺南市","安平區","","漁光里","電話調查","待指派","","亮均分類表單同步 | 2026-07-07 05:28:25","1","","0","0","0","","2026-08-16 22:25:53.112+00","已有台語來源狀態但缺少台語review"
"21076","AD04103","臺南市","安平區","","建平里","直接標注","待指派","","亮均分類表單同步 | 2026-07-07 05:28:25","1","","0","0","0","","2026-08-16 22:25:53.112+00","已有台語來源狀態但缺少台語review"
"21077","AD04104","臺南市","安平區","","平安里","直接標注","待指派","","亮均分類表單同步 | 2026-07-07 05:28:25","1","","0","0","0","","2026-08-16 22:25:53.112+00","已有台語來源狀態但缺少台語review"
"21078","AD04107","臺南市","安平區","怡平里","怡平里","直接標注","待指派","","亮均分類表單同步 | 2026-07-07 05:28:25","1","","0","0","0","","2026-08-16 22:25:53.112+00","已有台語來源狀態但缺少台語review"
"21079","AD04124","臺南市","官田區","","大崎里","電話調查","待指派","","亮均分類表單同步 | 2026-07-07 05:28:25","1","","0","0","0","","2026-08-16 22:25:53.112+00","已有台語來源狀態但缺少台語review"
"21080","AD04125","臺南市","官田區","南廍里","南廍里","直接標注","待指派","","亮均分類表單同步 | 2026-07-07 05:28:25","1","","0","0","0","","2026-08-16 22:25:53.112+00","已有台語來源狀態但缺少台語review"
"21084","AD04156","臺南市","山上區","南洲里","南洲里","直接標注","待指派","","亮均分類表單同步 | 2026-07-02 05:28:32","1","","0","0","0","","2026-08-16 22:25:53.112+00","已有台語來源狀態但缺少台語review"
"21085","AD04157","臺南市","山上區","平陽里","平陽里","直接標注","待指派","","亮均分類表單同步 | 2026-07-02 05:28:32","1","","0","0","0","","2026-08-16 22:25:53.112+00","已有台語來源狀態但缺少台語review"
"21086","AD04158","臺南市","山上區","新莊里","新莊里","直接標注","待指派","","亮均分類表單同步 | 2026-07-02 05:28:32","1","","0","0","0","","2026-08-16 22:25:53.112+00","已有台語來源狀態但缺少台語review"
"21088","AD04176","臺南市","後壁區","竹新里","竹新里","直接標注","待指派","","亮均分類表單同步 | 2026-07-07 05:28:25","1","","0","0","0","","2026-08-16 22:25:53.112+00","已有台語來源狀態但缺少台語review"
"21089","AD04177","臺南市","後壁區","菁寮里","菁寮里","電話調查","待指派","","亮均分類表單同步 | 2026-07-07 05:28:25","1","","0","0","0","","2026-08-16 22:25:53.112+00","已有台語來源狀態但缺少台語review"
"21090","AD04198","臺南市","新化區","豐榮里","豐榮里","直接標注","待指派","","亮均分類表單同步 | 2026-07-02 05:28:32","1","","0","0","0","","2026-08-16 22:25:53.112+00","已有台語來源狀態但缺少台語review"
"21091","AD04199","臺南市","新化區","觀音里","觀音里","直接標注","待指派","","亮均分類表單同步 | 2026-07-02 05:28:32","1","","0","0","0","","2026-08-16 22:25:53.112+00","已有台語來源狀態但缺少台語review"
"21092","AD04220","臺南市","新市區","大洲里","大洲里","電話調查","待指派","","亮均分類表單同步 | 2026-07-02 05:28:32","1","","0","0","0","","2026-08-16 22:25:53.112+00","已有台語來源狀態但缺少台語review"
"21093","AD04221","臺南市","新市區","大營里","大營里","電話調查","待指派","","亮均分類表單同步 | 2026-07-02 05:28:32","1","","0","0","0","","2026-08-16 22:25:53.112+00","已有台語來源狀態但缺少台語review"
"21094","AD04222","臺南市","新市區","豐華里","豐華里","直接標注","待指派","","亮均分類表單同步 | 2026-07-02 05:28:32","1","","0","0","0","","2026-08-16 22:25:53.112+00","已有台語來源狀態但缺少台語review"
"21095","AD04260","臺南市","東區","大同里","川東里","電話調查","待指派","","亮均分類表單同步 | 2026-07-07 05:28:25","1","","0","0","0","","2026-08-16 22:25:53.112+00","已有台語來源狀態但缺少台語review"
"21096","AD04261","臺南市","東區","關聖里","關聖里","直接標注","待指派","","亮均分類表單同步 | 2026-07-07 05:28:25","1","","0","0","0","","2026-08-16 22:25:53.112+00","已有台語來源狀態但缺少台語review"
"21097","AD04263","臺南市","東區","崇明里","崇明里","直接標注","待指派","","亮均分類表單同步 | 2026-07-07 05:28:25","1","","0","0","0","","2026-08-16 22:25:53.112+00","已有台語來源狀態但缺少台語review"
"21098","AD04266","臺南市","東區","大福里","大福里","電話調查","待指派","","亮均分類表單同步 | 2026-07-07 05:28:25","1","","0","0","0","","2026-08-16 22:25:53.112+00","已有台語來源狀態但缺少台語review"
"21099","AD04267","臺南市","東區","裕農里","裕農里","直接標注","待指派","","亮均分類表單同步 | 2026-07-07 05:28:25","1","","0","0","0","","2026-08-16 22:25:53.112+00","已有台語來源狀態但缺少台語review"
"21100","AD04268","臺南市","東區","南聖里","南聖里","直接標注","待指派","","亮均分類表單同步 | 2026-07-07 05:28:25","1","","0","0","0","","2026-08-16 22:25:53.112+00","已有台語來源狀態但缺少台語review"
"21101","AD04270","臺南市","東區","大同里","大興里","電話調查","待指派","","亮均分類表單同步 | 2026-07-07 05:28:25","1","","0","0","0","","2026-08-16 22:25:53.112+00","已有台語來源狀態但缺少台語review"
"21102","AD04271","臺南市","東區","崇學里","崇學里","直接標注","待指派","","亮均分類表單同步 | 2026-07-07 05:28:25","1","","0","0","0","","2026-08-16 22:25:53.112+00","已有台語來源狀態但缺少台語review"
"21103","AD04274","臺南市","東區","德高里","德高里","直接標注","待指派","","亮均分類表單同步 | 2026-07-07 05:28:25","1","","0","0","0","","2026-08-16 22:25:53.112+00","已有台語來源狀態但缺少台語review"
"21104","AD04276","臺南市","東區","","復國里","直接標注","待指派","","亮均分類表單同步 | 2026-07-07 05:28:25","1","","0","0","0","","2026-08-16 22:25:53.112+00","已有台語來源狀態但缺少台語review"
"21105","AD04278","臺南市","東區","成大里","成大里","直接標注","待指派","","亮均分類表單同步 | 2026-07-07 05:28:25","1","","0","0","0","","2026-08-16 22:25:53.112+00","已有台語來源狀態但缺少台語review"
"21106","AD04282","臺南市","東區","裕聖里","裕聖里","直接標注","待指派","","亮均分類表單同步 | 2026-07-07 05:28:25","1","","0","0","0","","2026-08-16 22:25:53.112+00","已有台語來源狀態但缺少台語review"
"21107","AD04283","臺南市","東區","大智里","大智里","電話調查","待指派","","亮均分類表單同步 | 2026-07-07 05:28:25","1","","0","0","0","","2026-08-16 22:25:53.112+00","已有台語來源狀態但缺少台語review"
"21108","AD04284","臺南市","東區","德光里","德光里","直接標注","待指派","","亮均分類表單同步 | 2026-07-07 05:28:25","1","","0","0","0","","2026-08-16 22:25:53.112+00","已有台語來源狀態但缺少台語review"
"21109","AD04285","臺南市","東區","圍下里","圍下里","電話調查","待指派","","亮均分類表單同步 | 2026-07-07 05:28:25","1","","0","0","0","","2026-08-16 22:25:53.112+00","已有台語來源狀態但缺少台語review"
"21110","AD04288","臺南市","東區","後甲里","後甲里","直接標注","待指派","","亮均分類表單同步 | 2026-07-07 05:28:25","1","","0","0","0","","2026-08-16 22:25:53.112+00","已有台語來源狀態但缺少台語review"
"21111","AD04292","臺南市","東區","富強里","富強里","直接標注","待指派","","亮均分類表單同步 | 2026-07-07 05:28:25","1","","0","0","0","","2026-08-16 22:25:53.113+00","已有台語來源狀態但缺少台語review"
"21112","AD04293","臺南市","東區","東智里","東智里","電話調查","待指派","","亮均分類表單同步 | 2026-07-07 05:28:25","1","","0","0","0","","2026-08-16 22:25:53.113+00","已有台語來源狀態但缺少台語review"
"21113","AD04315","臺南市","東山區","高原里","高原里","直接標注","待指派","","亮均分類表單同步 | 2026-07-07 05:28:25","1","","0","0","0","","2026-08-16 22:25:53.113+00","已有台語來源狀態但缺少台語review"
"21115","AD04334","臺南市","柳營區","重溪里","重溪里","電話調查","待指派","","亮均分類表單同步 | 2026-07-07 05:28:25","1","","0","0","0","","2026-08-16 22:25:53.113+00","已有台語來源狀態但缺少台語review"
"21116","AD04335","臺南市","柳營區","人和里","人和里","直接標注","待指派","","亮均分類表單同步 | 2026-07-07 05:28:25","1","","0","0","0","","2026-08-16 22:25:53.113+00","已有台語來源狀態但缺少台語review"
"21117","AD04346","臺南市","楠西區","密枝里","密枝里","現場調查","待指派","","亮均分類表單同步 | 2026-07-02 05:28:32","1","","0","0","0","","2026-08-16 22:25:53.113+00","已有台語來源狀態但缺少台語review"
"21118","AD04347","臺南市","楠西區","灣丘里","灣丘里","電話調查","待指派","","亮均分類表單同步 | 2026-07-02 05:28:32","1","","0","0","0","","2026-08-16 22:25:53.113+00","已有台語來源狀態但缺少台語review"
"21119","AD04348","臺南市","楠西區","","照興里","電話調查","待指派","","亮均分類表單同步 | 2026-07-02 05:28:32","1","","0","0","0","","2026-08-16 22:25:53.113+00","已有台語來源狀態但缺少台語review"
"21120","AD04349","臺南市","楠西區","鹿田里","鹿田里","電話調查","待指派","","亮均分類表單同步 | 2026-07-02 05:28:32","1","","0","0","0","","2026-08-16 22:25:53.113+00","已有台語來源狀態但缺少台語review"
"21121","AD04354","臺南市","歸仁區","大廟里","大廟里","電話調查","待指派","","亮均分類表單同步 | 2026-07-07 05:28:25","1","","0","0","0","","2026-08-16 22:25:53.113+00","已有台語來源狀態但缺少台語review"
"21122","AD04356","臺南市","歸仁區","六甲里","六甲里","直接標注","待指派","","亮均分類表單同步 | 2026-07-07 05:28:25","1","","0","0","0","","2026-08-16 22:25:53.113+00","已有台語來源狀態但缺少台語review"
"21123","AD04358","臺南市","歸仁區","許厝里","許厝里","直接標注","待指派","","亮均分類表單同步 | 2026-07-07 05:28:25","1","","0","0","0","","2026-08-16 22:25:53.113+00","已有台語來源狀態但缺少台語review"
"21124","AD04359","臺南市","歸仁區","武東里","武東里","電話調查","待指派","","亮均分類表單同步 | 2026-07-07 05:28:25","1","","0","0","0","","2026-08-16 22:25:53.113+00","已有台語來源狀態但缺少台語review"
"21128","AD04382","臺南市","永康區","烏竹里","烏竹里","直接標注","待指派","","亮均分類表單同步 | 2026-04-27 22:10:34","1","","0","0","0","","2026-08-16 22:25:53.113+00","已有台語來源狀態但缺少台語review"
"21129","AD04383","臺南市","永康區","甲頂里","甲頂里","直接標注","待指派","","亮均分類表單同步 | 2026-06-23 11:33:39","1","","0","0","0","","2026-08-16 22:25:53.113+00","已有台語來源狀態但缺少台語review"
"21131","AD04392","臺南市","永康區","勝利里","勝利里","直接標注","待指派","","亮均分類表單同步 | 2026-06-23 11:33:39","1","","0","0","0","","2026-08-16 22:25:53.113+00","已有台語來源狀態但缺少台語review"
"21132","AD04394","臺南市","永康區","崑山里","崑山里","直接標注","待指派","","亮均分類表單同步 | 2026-06-23 11:33:39","1","","0","0","0","","2026-08-16 22:25:53.113+00","已有台語來源狀態但缺少台語review"
"21136","AD04427","臺南市","白河區","","崎內里","直接標注","待指派","","亮均分類表單同步 | 2026-04-27 22:10:34","1","","0","0","0","","2026-08-16 22:25:53.113+00","已有台語來源狀態但缺少台語review"
"21137","AD04429","臺南市","白河區","蓮潭里","蓮潭里","直接標注","待指派","","亮均分類表單同步 | 2026-06-23 11:33:39","1","","0","0","0","","2026-08-16 22:25:53.113+00","已有台語來源狀態但缺少台語review"
"21138","AD04431","臺南市","白河區","廣安里","廣安里","直接標注","待指派","","亮均分類表單同步 | 2026-06-23 11:33:39","1","","0","0","0","","2026-08-16 22:25:53.113+00","已有台語來源狀態但缺少台語review"
"21139","AD04450","臺南市","西港區","慶安里","慶安里","直接標注","待指派","","亮均分類表單同步 | 2026-06-23 11:33:39","1","","0","0","0","","2026-08-16 22:25:53.113+00","已有台語來源狀態但缺少台語review"
"21145","AD04507","臺南市","麻豆區","","晉江里","直接標注","待指派","","亮均分類表單同步 | 2026-06-23 11:33:39","1","","0","0","0","","2026-08-16 22:25:53.113+00","已有台語來源狀態但缺少台語review"
"21147","AD04548","彰化縣","二林鎮","永興里","永興里","直接標注","待指派","","亮均分類表單同步 | 2026-06-23 11:33:39","1","","0","0","0","","2026-08-16 22:25:53.113+00","已有台語來源狀態但缺少台語review"
"21148","AD04550","彰化縣","二林鎮","廣興里","廣興里","直接標注","待指派","","亮均分類表單同步 | 2026-06-23 11:33:39","1","","0","0","0","","2026-08-16 22:25:53.113+00","已有台語來源狀態但缺少台語review"
"21152","AD04554","彰化縣","二林鎮","萬興里","萬興里","直接標注","待指派","","亮均分類表單同步 | 2026-04-27 22:10:34","1","","0","0","0","","2026-08-16 22:25:53.113+00","已有台語來源狀態但缺少台語review"
"21155","AD04579","彰化縣","二水鄉","文化村","文化村","直接標注","待指派","","亮均分類表單同步 | 2026-06-23 11:33:39","1","","0","0","0","","2026-08-16 22:25:53.113+00","已有台語來源狀態但缺少台語review"
"21156","AD04609","彰化縣","北斗鎮","重慶里","重慶里","直接標注","待指派","","亮均分類表單同步 | 2026-06-23 11:33:39","1","","0","0","0","","2026-08-16 22:25:53.113+00","已有台語來源狀態但缺少台語review"
"21157","AD04615","彰化縣","北斗鎮","中寮里","中寮里","直接標注","待指派","","亮均分類表單同步 | 2026-06-23 11:33:39","1","","0","0","0","","2026-08-16 22:25:53.113+00","已有台語來源狀態但缺少台語review"
"21163","AD04663","彰化縣","員林市","仁美里","仁美里","直接標注","待指派","","亮均分類表單同步 | 2026-06-23 11:33:39","1","","0","0","0","","2026-08-16 22:25:53.113+00","已有台語來源狀態但缺少台語review"
"21166","AD04666","彰化縣","員林市","三愛里","三愛里","直接標注","待指派","","亮均分類表單同步 | 2026-06-23 11:33:39","1","","0","0","0","","2026-08-16 22:25:53.113+00","已有台語來源狀態但缺少台語review"
"21167","AD04672","彰化縣","員林市","三多里","三多里","直接標注","待指派","","亮均分類表單同步 | 2026-06-23 11:33:39","1","","0","0","0","","2026-08-16 22:25:53.113+00","已有台語來源狀態但缺少台語review"
"21168","AD04677","彰化縣","員林市","鎮興里","鎮興里","直接標注","待指派","","亮均分類表單同步 | 2026-04-27 22:10:34","1","","0","0","0","","2026-08-16 22:25:53.113+00","已有台語來源狀態但缺少台語review"
"21169","AD04679","彰化縣","員林市","惠來里","惠來里","直接標注","待指派","","亮均分類表單同步 | 2026-06-23 11:33:39","1","","0","0","0","","2026-08-16 22:25:53.113+00","已有台語來源狀態但缺少台語review"
"21170","AD04681","彰化縣","員林市","光明里","光明里","直接標注","待指派","","亮均分類表單同步 | 2026-06-23 11:33:39","1","","0","0","0","","2026-08-16 22:25:53.113+00","已有台語來源狀態但缺少台語review"
"21171","AD04700","彰化縣","埔心鄉","羅厝村","羅厝村","直接標注","待指派","","亮均分類表單同步 | 2026-06-23 11:33:39","1","","0","0","0","","2026-08-16 22:25:53.113+00","已有台語來源狀態但缺少台語review"
"21173","AD04722","彰化縣","埔鹽鄉","瓦磘村","瓦磘村","直接標注","待指派","","亮均分類表單同步 | 2026-06-23 11:33:39","1","","0","0","0","","2026-08-16 22:25:53.113+00","已有台語來源狀態但缺少台語review"
"21175","AD04724","彰化縣","埔鹽鄉","天盛村","天盛村","直接標注","待指派","","亮均分類表單同步 | 2026-06-23 11:33:39","1","","0","0","0","","2026-08-16 22:25:53.113+00","已有台語來源狀態但缺少台語review"
"21177","AD04746","彰化縣","埤頭鄉","新庄村","新庄村","直接標注","待指派","","亮均分類表單同步 | 2026-06-23 11:33:39","1","","0","0","0","","2026-08-16 22:25:53.113+00","已有台語來源狀態但缺少台語review"
"21180","AD04795","彰化縣","彰化市","萬壽里","萬壽里","直接標注","待指派","","亮均分類表單同步 | 2026-06-23 11:33:39","1","","0","0","0","","2026-08-16 22:25:53.113+00","已有台語來源狀態但缺少台語review"
"21181","AD04796","彰化縣","彰化市","介壽里","介壽里","直接標注","待指派","","亮均分類表單同步 | 2026-06-23 11:33:39","1","","0","0","0","","2026-08-16 22:25:53.113+00","已有台語來源狀態但缺少台語review"
"21185","AD04801","彰化縣","彰化市","茄苳里","茄苳里","直接標注","待指派","","亮均分類表單同步 | 2026-06-23 11:33:39","1","","0","0","0","","2026-08-16 22:25:53.113+00","已有台語來源狀態但缺少台語review"
"21189","AD04809","彰化縣","彰化市","富貴里","富貴里","直接標注","待指派","","亮均分類表單同步 | 2026-06-23 11:33:39","1","","0","0","0","","2026-08-16 22:25:53.113+00","已有台語來源狀態但缺少台語review"
"21190","AD04811","彰化縣","彰化市","桃源里","桃源里","直接標注","待指派","","亮均分類表單同步 | 2026-06-23 11:33:39","1","","0","0","0","","2026-08-16 22:25:53.113+00","已有台語來源狀態但缺少台語review"
"21192","AD04815","彰化縣","彰化市","牛埔里","牛埔里","直接標注","待指派","","亮均分類表單同步 | 2026-04-27 22:10:34","1","","0","0","0","","2026-08-16 22:25:53.113+00","已有台語來源狀態但缺少台語review"
"21193","AD04822","彰化縣","彰化市","忠孝里","忠孝里","直接標注","待指派","","亮均分類表單同步 | 2026-06-23 11:33:39","1","","0","0","0","","2026-08-16 22:25:53.113+00","已有台語來源狀態但缺少台語review"
"21196","AD04829","彰化縣","彰化市","福安里","福安里","直接標注","待指派","","亮均分類表單同步 | 2026-06-23 11:33:39","1","","0","0","0","","2026-08-16 22:25:53.113+00","已有台語來源狀態但缺少台語review"
"21197","AD04830","彰化縣","彰化市","大同里","大同里","直接標注","待指派","","亮均分類表單同步 | 2026-06-23 11:33:39","1","","0","0","0","","2026-08-16 22:25:53.113+00","已有台語來源狀態但缺少台語review"
"21198","AD04832","彰化縣","彰化市","永福里","永福里","直接標注","待指派","","亮均分類表單同步 | 2026-06-23 11:33:39","1","","0","0","0","","2026-08-16 22:25:53.113+00","已有台語來源狀態但缺少台語review"
"21200","AD04894","彰化縣","溪州鄉","圳寮村","圳寮村","直接標注","待指派","","亮均分類表單同步 | 2026-05-05 16:42:01","1","","0","0","0","","2026-08-16 22:25:53.113+00","已有台語來源狀態但缺少台語review"
"21201","AD04895","彰化縣","溪州鄉","成功村","成功村","直接標注","待指派","","亮均分類表單同步 | 2026-06-23 11:33:39","1","","0","0","0","","2026-08-16 22:25:53.113+00","已有台語來源狀態但缺少台語review"
"21208","AD05009","彰化縣","福興鄉","橋頭村","橋頭村","直接標注","待指派","","亮均分類表單同步 | 2026-05-05 16:42:01","1","","0","0","0","","2026-08-16 22:25:53.113+00","已有台語來源狀態但缺少台語review"
"21209","AD05011","彰化縣","福興鄉","番婆村","番婆村","直接標注","待指派","","亮均分類表單同步 | 2026-06-23 11:33:39","1","","0","0","0","","2026-08-16 22:25:53.113+00","已有台語來源狀態但缺少台語review"
"21213","AD05048","彰化縣","竹塘鄉","永安村","永安村","直接標注","待指派","","亮均分類表單同步 | 2026-06-23 11:33:39","1","","0","0","0","","2026-08-16 22:25:53.113+00","已有台語來源狀態但缺少台語review"
"21218","AD05107","彰化縣","芳苑鄉","新寶村","新寶村","直接標注","待指派","","亮均分類表單同步 | 2026-06-23 11:33:39","1","","0","0","0","","2026-08-16 22:25:53.113+00","已有台語來源狀態但缺少台語review"
"21220","AD05110","彰化縣","芳苑鄉","仁愛村","仁愛村","直接標注","待指派","","亮均分類表單同步 | 2026-06-23 11:33:39","1","","0","0","0","","2026-08-16 22:25:53.113+00","已有台語來源狀態但缺少台語review"
"21221","AD05111","彰化縣","芳苑鄉","信義村","信義村","直接標注","待指派","","亮均分類表單同步 | 2026-06-23 11:33:39","1","","0","0","0","","2026-08-16 22:25:53.113+00","已有台語來源狀態但缺少台語review"
"21222","AD05115","彰化縣","芳苑鄉","漢寶村","漢寶村","直接標注","待指派","","亮均分類表單同步 | 2026-06-23 11:33:39","1","","0","0","0","","2026-08-16 22:25:53.113+00","已有台語來源狀態但缺少台語review"
"21223","AD05133","彰化縣","鹿港鎮","順興里","順興里","直接標注","待指派","","亮均分類表單同步 | 2026-06-23 11:33:39","1","","0","0","0","","2026-08-16 22:25:53.113+00","已有台語來源狀態但缺少台語review"
"21224","AD05134","彰化縣","鹿港鎮","海埔里","海埔里","直接標注","待指派","","亮均分類表單同步 | 2026-04-27 22:10:34","1","","0","0","0","","2026-08-16 22:25:53.113+00","已有台語來源狀態但缺少台語review"
"21226","AD05136","彰化縣","鹿港鎮","溝墘里","溝墘里","直接標注","待指派","","亮均分類表單同步 | 2026-06-23 11:33:39","1","","0","0","0","","2026-08-16 22:25:53.113+00","已有台語來源狀態但缺少台語review"
"21230","AD05209","屏東縣","內埔鄉","義亭村","義亭村","直接標注","待指派","","亮均分類表單同步 | 2026-06-23 11:33:39","1","","0","0","0","","2026-08-16 22:25:53.113+00","已有台語來源狀態但缺少台語review"
"21237","AD05265","屏東縣","屏東市","北興里","北興里","直接標注","待指派","","亮均分類表單同步 | 2026-06-23 11:33:39","1","","0","0","0","","2026-08-16 22:25:53.113+00","已有台語來源狀態但缺少台語review"
"21241","AD05368","屏東縣","新埤鄉","建功村","建功村","直接標注","待指派","","亮均分類表單同步 | 2026-06-23 11:33:39","1","","0","0","0","","2026-08-16 22:25:53.113+00","已有台語來源狀態但缺少台語review"
"21246","AD05449","屏東縣","滿州鄉","永靖村","永靖村","直接標注","待指派","","亮均分類表單同步 | 2026-06-23 11:33:39","1","","0","0","0","","2026-08-16 22:25:53.113+00","已有台語來源狀態但缺少台語review"
"21247","AD05458","屏東縣","潮州鎮","同榮里","同榮里","直接標注","待指派","","亮均分類表單同步 | 2026-06-23 11:33:39","1","","0","0","0","","2026-08-16 22:25:53.113+00","已有台語來源狀態但缺少台語review"
"21248","AD05477","屏東縣","牡丹鄉","東源村","東源村","原住民族","待指派","","亮均分類表單同步 | 2026-04-27 22:10:34","1","","0","0","0","","2026-08-16 22:25:53.113+00","已有台語來源狀態但缺少台語review"
"21249","AD05478","屏東縣","牡丹鄉","旭海村","旭海村","原住民族","待指派","","亮均分類表單同步 | 2026-06-23 11:33:39","1","","0","0","0","","2026-08-16 22:25:53.113+00","已有台語來源狀態但缺少台語review"
"21250","AD05484","屏東縣","獅子鄉","草埔村","草埔村","原住民族","待指派","","亮均分類表單同步 | 2026-06-23 11:33:39","1","","0","0","0","","2026-08-16 22:25:53.113+00","已有台語來源狀態但缺少台語review"
"21251","AD05485","屏東縣","獅子鄉","楓林村","楓林村","原住民族","待指派","","亮均分類表單同步 | 2026-06-23 11:33:39","1","","0","0","0","","2026-08-16 22:25:53.113+00","已有台語來源狀態但缺少台語review"
"21252","AD05494","屏東縣","琉球鄉","杉福村","杉福村","直接標注","待指派","","亮均分類表單同步 | 2026-06-23 11:33:39","1","","0","0","0","","2026-08-16 22:25:53.113+00","已有台語來源狀態但缺少台語review"
"21253","AD05495","屏東縣","琉球鄉","中福村","中福村","直接標注","待指派","","亮均分類表單同步 | 2026-06-23 11:33:39","1","","0","0","0","","2026-08-16 22:25:53.113+00","已有台語來源狀態但缺少台語review"
"21261","AD05573","屏東縣","車城鄉","海口村","海口村","直接標注","待指派","","亮均分類表單同步 | 2026-06-23 11:33:39","1","","0","0","0","","2026-08-16 22:25:53.113+00","已有台語來源狀態但缺少台語review"
"21262","AD05575","屏東縣","車城鄉","溫泉村","溫泉村","直接標注","待指派","","亮均分類表單同步 | 2026-06-23 11:33:39","1","","0","0","0","","2026-08-16 22:25:53.113+00","已有台語來源狀態但缺少台語review"
"21264","AD05614","屏東縣","霧臺鄉","好茶村","好茶村","原住民族","待指派","","亮均分類表單同步 | 2026-04-27 22:10:34","1","","0","0","0","","2026-08-16 22:25:53.113+00","已有台語來源狀態但缺少台語review"
"21265","AD05615","屏東縣","霧臺鄉","大武村","大武村","原住民族","待指派","","亮均分類表單同步 | 2026-06-23 11:33:39","1","","0","0","0","","2026-08-16 22:25:53.113+00","已有台語來源狀態但缺少台語review"
"21267","AD05682","雲林縣","元長鄉","鹿南村","鹿南村","直接標注","待指派","","亮均分類表單同步 | 2026-06-23 11:33:39","1","","0","0","0","","2026-08-16 22:25:53.113+00","已有台語來源狀態但缺少台語review"
"21269","AD05684","雲林縣","元長鄉","鹿北村","鹿北村","直接標注","待指派","","亮均分類表單同步 | 2026-06-23 11:33:39","1","","0","0","0","","2026-08-16 22:25:53.113+00","已有台語來源狀態但缺少台語review"
"21272","AD05703","雲林縣","北港鎮","樹腳里","樹腳里","直接標注","待指派","","亮均分類表單同步 | 2026-05-12 09:13:54","1","","0","0","0","","2026-08-16 22:25:53.113+00","已有台語來源狀態但缺少台語review"
"21289","AD05915","雲林縣","林內鄉","烏塗村","烏塗村","直接標注","待指派","","亮均分類表單同步 | 2026-06-23 11:33:39","1","","0","0","0","","2026-08-16 22:25:53.114+00","已有台語來源狀態但缺少台語review"
"21295","AD06025","雲林縣","西螺鎮","九隆里","九隆里","直接標注","待指派","","亮均分類表單同步 | 2026-06-23 11:33:39","1","","0","0","0","","2026-08-16 22:25:53.114+00","已有台語來源狀態但缺少台語review"
"21296","AD06031","雲林縣","西螺鎮","下湳里","下湳里","直接標注","待指派","","亮均分類表單同步 | 2026-04-27 22:10:34","1","","0","0","0","","2026-08-16 22:25:53.114+00","已有台語來源狀態但缺少台語review"
"21297","AD06034","雲林縣","西螺鎮","鹿場里","鹿場里","直接標注","待指派","","亮均分類表單同步 | 2026-06-23 11:33:39","1","","0","0","0","","2026-08-16 22:25:53.114+00","已有台語來源狀態但缺少台語review"
"21298","AD06065","新竹縣","五峰鄉","桃山村","桃山村","原住民族","待指派","","亮均分類表單同步 | 2026-06-23 11:33:39","1","","0","0","0","","2026-08-16 22:25:53.114+00","已有台語來源狀態但缺少台語review"
"21299","AD06066","新竹縣","五峰鄉","大隘村","大隘村","原住民族","待指派","","亮均分類表單同步 | 2026-06-23 11:33:39","1","","0","0","0","","2026-08-16 22:25:53.114+00","已有台語來源狀態但缺少台語review"
"21301","AD06091","新竹縣","尖石鄉","秀巒村","秀巒村","原住民族","待指派","","亮均分類表單同步 | 2026-06-23 11:33:39","1","","0","0","0","","2026-08-16 22:25:53.114+00","已有台語來源狀態但缺少台語review"
"21305","AD06110","新竹縣","新埔鎮","旱坑里","旱坑里","直接標注","待指派","","亮均分類表單同步 | 2026-06-23 11:33:39","1","","0","0","0","","2026-08-16 22:25:53.114+00","已有台語來源狀態但缺少台語review"
"21306","AD06113","新竹縣","新埔鎮","下寮里","下寮里","直接標注","待指派","","亮均分類表單同步 | 2026-06-23 11:33:39","1","","0","0","0","","2026-08-16 22:25:53.114+00","已有台語來源狀態但缺少台語review"
"21309","AD06129","新竹縣","新豐鄉","瑞興村","瑞興村","直接標注","待指派","","亮均分類表單同步 | 2026-06-23 11:33:39","1","","0","0","0","","2026-08-16 22:25:53.114+00","已有台語來源狀態但缺少台語review"
"21313","AD06173","新竹縣","竹北市","麻園里","麻園里","直接標注","待指派","","亮均分類表單同步 | 2026-06-23 11:33:39","1","","0","0","0","","2026-08-16 22:25:53.114+00","已有台語來源狀態但缺少台語review"
"21316","AD06176","新竹縣","竹北市","隘口里","隘口里","直接標注","待指派","","亮均分類表單同步 | 2026-06-23 11:33:39","1","","0","0","0","","2026-08-16 22:25:53.114+00","已有台語來源狀態但缺少台語review"
"21324","AD06279","苗栗縣","公館鄉","北河村","北河村","直接標注","待指派","","亮均分類表單同步 | 2026-06-23 11:33:39","1","","0","0","0","","2026-08-16 22:25:53.114+00","已有台語來源狀態但缺少台語review"
"21331","AD06339","苗栗縣","後龍鎮","埔頂里","埔頂里","直接標注","待指派","","亮均分類表單同步 | 2026-06-23 11:33:39","1","","0","0","0","","2026-08-16 22:25:53.114+00","已有台語來源狀態但缺少台語review"
"21332","AD06357","苗栗縣","泰安鄉","泰安鄉","士林村","原住民族","待指派","","亮均分類表單同步 | 2026-06-23 11:33:39","1","","0","0","0","","2026-08-16 22:25:53.114+00","已有台語來源狀態但缺少台語review"
"21333","AD06360","苗栗縣","泰安鄉","八卦村","八卦村","原住民族","待指派","","亮均分類表單同步 | 2026-06-23 11:33:39","1","","0","0","0","","2026-08-16 22:25:53.114+00","已有台語來源狀態但缺少台語review"
"21334","AD06365","苗栗縣","獅潭鄉","新豐村","新豐村","直接標注","待指派","","亮均分類表單同步 | 2026-06-23 11:33:39","1","","0","0","0","","2026-08-16 22:25:53.114+00","已有台語來源狀態但缺少台語review"
"21336","AD06373","苗栗縣","竹南鎮","竹南里","竹南里","直接標注","待指派","","亮均分類表單同步 | 2026-05-12 09:13:54","1","","0","0","0","","2026-08-16 22:25:53.114+00","已有台語來源狀態但缺少台語review"
"21338","AD06402","苗栗縣","苑裡鎮","舊社里","舊社里","直接標注","待指派","","亮均分類表單同步 | 2026-06-23 11:33:39","1","","0","0","0","","2026-08-16 22:25:53.114+00","已有台語來源狀態但缺少台語review"
"21340","AD06452","苗栗縣","西湖鄉","高埔村","高埔村","直接標注","待指派","","亮均分類表單同步 | 2026-06-23 11:33:39","1","","0","0","0","","2026-08-16 22:25:53.114+00","已有台語來源狀態但缺少台語review"
"21341","AD06461","苗栗縣","通霄鎮","通南里","通南里","直接標注","待指派","","亮均分類表單同步 | 2026-06-23 11:33:39","1","","0","0","0","","2026-08-16 22:25:53.114+00","已有台語來源狀態但缺少台語review"
"21344","AD06465","苗栗縣","通霄鎮","福源里","福源里","直接標注","待指派","","亮均分類表單同步 | 2026-05-12 09:13:54","1","","0","0","0","","2026-08-16 22:25:53.114+00","已有台語來源狀態但缺少台語review"
"21352","AD06546","嘉義縣","中埔鄉","中崙村","中崙村","電話調查","待指派","","亮均分類表單同步 | 2026-06-23 11:33:39","1","","0","0","0","","2026-08-16 22:25:53.114+00","已有台語來源狀態但缺少台語review"
"21353","AD06547","嘉義縣","中埔鄉","石硦村","石硦村","現場調查","待指派","","亮均分類表單同步 | 2026-06-23 11:33:39","1","","0","0","0","","2026-08-16 22:25:53.114+00","已有台語來源狀態但缺少台語review"
"21354","AD06548","嘉義縣","中埔鄉","鹽館村","鹽館村","電話調查","待指派","","亮均分類表單同步 | 2026-06-23 11:33:39","1","","0","0","0","","2026-08-16 22:25:53.114+00","已有台語來源狀態但缺少台語review"
"21355","AD06549","嘉義縣","中埔鄉","和美村","和美村","直接標注","待指派","","亮均分類表單同步 | 2026-06-23 11:33:39","1","","0","0","0","","2026-08-16 22:25:53.114+00","已有台語來源狀態但缺少台語review"
"21356","AD06569","嘉義縣","六腳鄉","潭墘村","潭墘村","直接標注","待指派","","亮均分類表單同步 | 2026-07-02 05:28:32","1","","0","0","0","","2026-08-16 22:25:53.114+00","已有台語來源狀態但缺少台語review"
"21357","AD06570","嘉義縣","六腳鄉","蒜頭村","蒜頭村","直接標注","待指派","","亮均分類表單同步 | 2026-07-02 05:28:32","1","","0","0","0","","2026-08-16 22:25:53.114+00","已有台語來源狀態但缺少台語review"
"21358","AD06595","嘉義縣","大埔鄉","永樂村","永樂村","直接標注","待指派","","亮均分類表單同步 | 2026-06-23 11:33:39","1","","0","0","0","","2026-08-16 22:25:53.114+00","已有台語來源狀態但缺少台語review"
"21359","AD06596","嘉義縣","大埔鄉","和平村","和平村","直接標注","待指派","","亮均分類表單同步 | 2026-06-23 11:33:39","1","","0","0","0","","2026-08-16 22:25:53.114+00","已有台語來源狀態但缺少台語review"
"21360","AD06601","嘉義縣","大林鎮","吉林里","吉林里","電話調查","待指派","","亮均分類表單同步 | 2026-06-23 11:33:39","1","","0","0","0","","2026-08-16 22:25:53.114+00","已有台語來源狀態但缺少台語review"
"21361","AD06602","嘉義縣","大林鎮","湖北里","湖北里","電話調查","待指派","","亮均分類表單同步 | 2026-06-23 11:33:39","1","","0","0","0","","2026-08-16 22:25:53.114+00","已有台語來源狀態但缺少台語review"
"21362","AD06603","嘉義縣","大林鎮","上林里","上林里","電話調查","待指派","","亮均分類表單同步 | 2026-06-23 11:33:39","1","","0","0","0","","2026-08-16 22:25:53.114+00","已有台語來源狀態但缺少台語review"
"21363","AD06604","嘉義縣","大林鎮","中坑里","中坑里","直接標注","待指派","","亮均分類表單同步 | 2026-06-23 11:33:39","1","","0","0","0","","2026-08-16 22:25:53.114+00","已有台語來源狀態但缺少台語review"
"21364","AD06605","嘉義縣","大林鎮","平林里","平林里","電話調查","待指派","","亮均分類表單同步 | 2026-06-23 11:33:39","1","","0","0","0","","2026-08-16 22:25:53.114+00","已有台語來源狀態但缺少台語review"
"21365","AD06606","嘉義縣","大林鎮","義和里","義和里","直接標注","待指派","","亮均分類表單同步 | 2026-06-23 11:33:39","1","","0","0","0","","2026-08-16 22:25:53.114+00","已有台語來源狀態但缺少台語review"
"21366","AD06607","嘉義縣","大林鎮","三和里","三和里","電話調查","待指派","","亮均分類表單同步 | 2026-06-23 11:33:39","1","","0","0","0","","2026-08-16 22:25:53.114+00","已有台語來源狀態但缺少台語review"
"21367","AD06623","嘉義縣","太保市","港尾里","港尾里","電話調查","待指派","","亮均分類表單同步 | 2026-07-07 14:26:21","1","","0","0","0","","2026-08-16 22:25:53.114+00","已有台語來源狀態但缺少台語review"
"21368","AD06625","嘉義縣","太保市","東勢里","東勢里","電話調查","待指派","","亮均分類表單同步 | 2026-07-07 14:26:21","1","","0","0","0","","2026-08-16 22:25:53.114+00","已有台語來源狀態但缺少台語review"
"21369","AD06642","嘉義縣","布袋鎮","好美里","好美里","現場調查","待指派","","亮均分類表單同步 | 2026-07-07 14:26:21","1","","0","0","0","","2026-08-16 22:25:53.114+00","已有台語來源狀態但缺少台語review"
"21370","AD06643","嘉義縣","布袋鎮","岑海里","岑海里","現場調查","待指派","","亮均分類表單同步 | 2026-07-07 14:26:21","1","","0","0","0","","2026-08-16 22:25:53.114+00","已有台語來源狀態但缺少台語review"
"21371","AD06644","嘉義縣","布袋鎮","西安里","西安里","電話調查","待指派","","亮均分類表單同步 | 2026-07-07 14:26:21","1","","0","0","0","","2026-08-16 22:25:53.114+00","已有台語來源狀態但缺少台語review"
"21372","AD06645","嘉義縣","布袋鎮","貴舍里","貴舍里","電話調查","待指派","","亮均分類表單同步 | 2026-07-07 14:26:21","1","","0","0","0","","2026-08-16 22:25:53.114+00","已有台語來源狀態但缺少台語review"
"21373","AD06646","嘉義縣","布袋鎮","九龍里","九龍里","電話調查","待指派","","亮均分類表單同步 | 2026-07-07 14:26:21","1","","0","0","0","","2026-08-16 22:25:53.114+00","已有台語來源狀態但缺少台語review"
"21374","AD06647","嘉義縣","布袋鎮","新民里","新民里","直接標注","待指派","","亮均分類表單同步 | 2026-07-07 14:26:21","1","","0","0","0","","2026-08-16 22:25:53.114+00","已有台語來源狀態但缺少台語review"
"21375","AD06650","嘉義縣","布袋鎮","永安里","永安里","直接標注","待指派","","亮均分類表單同步 | 2026-07-07 14:26:21","1","","0","0","0","","2026-08-16 22:25:53.114+00","已有台語來源狀態但缺少台語review"
"21376","AD06651","嘉義縣","布袋鎮","復興里","復興里","直接標注","待指派","","亮均分類表單同步 | 2026-07-07 14:26:21","1","","0","0","0","","2026-08-16 22:25:53.114+00","已有台語來源狀態但缺少台語review"
"21377","AD06652","嘉義縣","布袋鎮","樹林里","樹林里","電話調查","待指派","","亮均分類表單同步 | 2026-07-07 14:26:21","1","","0","0","0","","2026-08-16 22:25:53.114+00","已有台語來源狀態但缺少台語review"
"21378","AD06666","嘉義縣","新港鄉","溪北村","溪北村","直接標注","待指派","","亮均分類表單同步 | 2026-06-23 11:33:39","1","","0","0","0","","2026-08-16 22:25:53.114+00","已有台語來源狀態但缺少台語review"
"21379","AD06667","嘉義縣","新港鄉","大興村","大興村","電話調查","待指派","","亮均分類表單同步 | 2026-06-23 11:33:39","1","","0","0","0","","2026-08-16 22:25:53.114+00","已有台語來源狀態但缺少台語review"
"21380","AD06668","嘉義縣","新港鄉","安和村","安和村","直接標注","待指派","","亮均分類表單同步 | 2026-06-23 11:33:39","1","","0","0","0","","2026-08-16 22:25:53.114+00","已有台語來源狀態但缺少台語review"
"21381","AD06669","嘉義縣","新港鄉","月眉村","月眉村","電話調查","待指派","","亮均分類表單同步 | 2026-06-23 11:33:39","1","","0","0","0","","2026-08-16 22:25:53.114+00","已有台語來源狀態但缺少台語review"
"21382","AD06670","嘉義縣","新港鄉","古民村","古民村","直接標注","待指派","","亮均分類表單同步 | 2026-06-23 11:33:39","1","","0","0","0","","2026-08-16 22:25:53.114+00","已有台語來源狀態但缺少台語review"
"21383","AD06671","嘉義縣","新港鄉","南港村","南港村","直接標注","待指派","","亮均分類表單同步 | 2026-06-23 11:33:39","1","","0","0","0","","2026-08-16 22:25:53.114+00","已有台語來源狀態但缺少台語review"
"21384","AD06672","嘉義縣","新港鄉","北崙村","北崙村","電話調查","待指派","","亮均分類表單同步 | 2026-06-23 11:33:39","1","","0","0","0","","2026-08-16 22:25:53.114+00","已有台語來源狀態但缺少台語review"
"21385","AD06690","嘉義縣","朴子市","佳禾里","佳禾里","直接標注","待指派","","亮均分類表單同步 | 2026-07-07 14:26:21","1","","0","0","0","","2026-08-16 22:25:53.114+00","已有台語來源狀態但缺少台語review"
"21386","AD06692","嘉義縣","朴子市","永和里","永和里","直接標注","待指派","","亮均分類表單同步 | 2026-07-07 14:26:21","1","","0","0","0","","2026-08-16 22:25:53.114+00","已有台語來源狀態但缺少台語review"
"21387","AD06693","嘉義縣","朴子市","文化里","文化里","直接標注","待指派","","亮均分類表單同步 | 2026-07-07 14:26:21","1","","0","0","0","","2026-08-16 22:25:53.114+00","已有台語來源狀態但缺少台語review"
"21388","AD06694","嘉義縣","朴子市","新庄里","新庄里","電話調查","待指派","","亮均分類表單同步 | 2026-07-07 14:26:21","1","","0","0","0","","2026-08-16 22:25:53.114+00","已有台語來源狀態但缺少台語review"
"21389","AD06695","嘉義縣","朴子市","平和里","平和里","直接標注","待指派","","亮均分類表單同步 | 2026-07-07 14:26:21","1","","0","0","0","","2026-08-16 22:25:53.114+00","已有台語來源狀態但缺少台語review"
"21390","AD06696","嘉義縣","朴子市","中正里","中正里","直接標注","待指派","","亮均分類表單同步 | 2026-07-07 14:26:21","1","","0","0","0","","2026-08-16 22:25:53.114+00","已有台語來源狀態但缺少台語review"
"21391","AD06718","嘉義縣","東石鄉","港口村","港口村","直接標注","待指派","","亮均分類表單同步 | 2026-07-02 05:28:32","1","","0","0","0","","2026-08-16 22:25:53.114+00","已有台語來源狀態但缺少台語review"
"21392","AD06719","嘉義縣","東石鄉","塭仔村","塭仔村","電話調查","待指派","","亮均分類表單同步 | 2026-07-02 05:28:32","1","","0","0","0","","2026-08-16 22:25:53.114+00","已有台語來源狀態但缺少台語review"
"21393","AD06720","嘉義縣","東石鄉","龍港村","龍港村","電話調查","待指派","","亮均分類表單同步 | 2026-07-02 05:28:32","1","","0","0","0","","2026-08-16 22:25:53.114+00","已有台語來源狀態但缺少台語review"
"21394","AD06742","嘉義縣","梅山鄉","太和村","太和村","直接標注","待指派","","亮均分類表單同步 | 2026-06-23 11:33:39","1","","0","0","0","","2026-08-16 22:25:53.114+00","已有台語來源狀態但缺少台語review"
"21395","AD06743","嘉義縣","梅山鄉","瑞里村","瑞里村","直接標注","待指派","","亮均分類表單同步 | 2026-06-23 11:33:39","1","","0","0","0","","2026-08-16 22:25:53.114+00","已有台語來源狀態但缺少台語review"
"21396","AD06744","嘉義縣","梅山鄉","太興村","太興村","直接標注","待指派","","亮均分類表單同步 | 2026-06-23 11:33:39","1","","0","0","0","","2026-08-16 22:25:53.114+00","已有台語來源狀態但缺少台語review"
"21397","AD06746","嘉義縣","梅山鄉","太平村","太平村","直接標注","待指派","","亮均分類表單同步 | 2026-06-23 11:33:39","1","","0","0","0","","2026-08-16 22:25:53.114+00","已有台語來源狀態但缺少台語review"
"21398","AD06761","嘉義縣","民雄鄉","山中村","山中村","電話調查","待指派","","亮均分類表單同步 | 2026-06-23 11:33:39","1","","0","0","0","","2026-08-16 22:25:53.114+00","已有台語來源狀態但缺少台語review"
"21399","AD06763","嘉義縣","民雄鄉","松山村","松山村","電話調查","待指派","","亮均分類表單同步 | 2026-06-23 11:33:39","1","","0","0","0","","2026-08-16 22:25:53.114+00","已有台語來源狀態但缺少台語review"
"21400","AD06765","嘉義縣","民雄鄉","福樂村","福樂村","電話調查","待指派","","亮均分類表單同步 | 2026-06-23 11:33:39","1","","0","0","0","","2026-08-16 22:25:53.114+00","已有台語來源狀態但缺少台語review"
"21401","AD06766","嘉義縣","民雄鄉","平和村","平和村","直接標注","待指派","","亮均分類表單同步 | 2026-06-23 11:33:39","1","","0","0","0","","2026-08-16 22:25:53.114+00","已有台語來源狀態但缺少台語review"
"21402","AD06767","嘉義縣","民雄鄉","秀林村","秀林村","電話調查","待指派","","亮均分類表單同步 | 2026-06-23 11:33:39","1","","0","0","0","","2026-08-16 22:25:53.114+00","已有台語來源狀態但缺少台語review"
"21403","AD06768","嘉義縣","民雄鄉","文隆村","文隆村","直接標注","待指派","","亮均分類表單同步 | 2026-06-23 11:33:39","1","","0","0","0","","2026-08-16 22:25:53.114+00","已有台語來源狀態但缺少台語review"
"21404","AD06769","嘉義縣","民雄鄉","菁埔村","菁埔村","電話調查","待指派","","亮均分類表單同步 | 2026-06-23 11:33:39","1","","0","0","0","","2026-08-16 22:25:53.114+00","已有台語來源狀態但缺少台語review"
"21405","AD06770","嘉義縣","民雄鄉","大崎村","大崎村","電話調查","待指派","","亮均分類表單同步 | 2026-06-23 11:33:39","1","","0","0","0","","2026-08-16 22:25:53.114+00","已有台語來源狀態但缺少台語review"
"21406","AD06771","嘉義縣","民雄鄉","東榮村","東榮村","電話調查","待指派","","亮均分類表單同步 | 2026-06-23 11:33:39","1","","0","0","0","","2026-08-16 22:25:53.114+00","已有台語來源狀態但缺少台語review"
"21407","AD06772","嘉義縣","民雄鄉","東興村","東興村","電話調查","待指派","","亮均分類表單同步 | 2026-06-23 11:33:39","1","","0","0","0","","2026-08-16 22:25:53.114+00","已有台語來源狀態但缺少台語review"
"21408","AD06773","嘉義縣","民雄鄉","三興村","三興村","電話調查","待指派","","亮均分類表單同步 | 2026-06-23 11:33:39","1","","0","0","0","","2026-08-16 22:25:53.114+00","已有台語來源狀態但缺少台語review"
"21409","AD06774","嘉義縣","民雄鄉","福興村","福興村","直接標注","待指派","","亮均分類表單同步 | 2026-06-23 11:33:39","1","","0","0","0","","2026-08-16 22:25:53.114+00","已有台語來源狀態但缺少台語review"
"21410","AD06775","嘉義縣","民雄鄉","豐收村","豐收村","直接標注","待指派","","亮均分類表單同步 | 2026-06-23 11:33:39","1","","0","0","0","","2026-08-16 22:25:53.114+00","已有台語來源狀態但缺少台語review"
"21411","AD06790","嘉義縣","水上鄉","大崙村","大崙村","電話調查","待指派","","亮均分類表單同步 | 2026-07-07 14:26:21","1","","0","0","0","","2026-08-16 22:25:53.114+00","已有台語來源狀態但缺少台語review"
"21412","AD06791","嘉義縣","水上鄉","粗溪村","粗溪村","電話調查","待指派","","亮均分類表單同步 | 2026-07-07 14:26:21","1","","0","0","0","","2026-08-16 22:25:53.114+00","已有台語來源狀態但缺少台語review"
"21413","AD06792","嘉義縣","水上鄉","大堀村","大堀村","直接標注","待指派","","亮均分類表單同步 | 2026-07-07 14:26:21","1","","0","0","0","","2026-08-16 22:25:53.114+00","已有台語來源狀態但缺少台語review"
"21414","AD06793","嘉義縣","水上鄉","忠和村","忠和村","直接標注","待指派","","亮均分類表單同步 | 2026-07-07 14:26:21","1","","0","0","0","","2026-08-16 22:25:53.114+00","已有台語來源狀態但缺少台語review"
"21415","AD06794","嘉義縣","水上鄉","義興村","義興村","直接標注","待指派","","亮均分類表單同步 | 2026-07-07 14:26:21","1","","0","0","0","","2026-08-16 22:25:53.114+00","已有台語來源狀態但缺少台語review"
"21416","AD06795","嘉義縣","水上鄉","三和村","三和村","直接標注","待指派","","亮均分類表單同步 | 2026-07-07 14:26:21","1","","0","0","0","","2026-08-16 22:25:53.114+00","已有台語來源狀態但缺少台語review"
"21417","AD06796","嘉義縣","水上鄉","民生村","民生村","直接標注","待指派","","亮均分類表單同步 | 2026-07-07 14:26:21","1","","0","0","0","","2026-08-16 22:25:53.114+00","已有台語來源狀態但缺少台語review"
"21418","AD06797","嘉義縣","水上鄉","下寮村","下寮村","直接標注","待指派","","亮均分類表單同步 | 2026-07-07 14:26:21","1","","0","0","0","","2026-08-16 22:25:53.114+00","已有台語來源狀態但缺少台語review"
"21419","AD06798","嘉義縣","水上鄉","龍德村","龍德村","電話調查","待指派","","亮均分類表單同步 | 2026-07-07 14:26:21","1","","0","0","0","","2026-08-16 22:25:53.114+00","已有台語來源狀態但缺少台語review"
"21420","AD06799","嘉義縣","水上鄉","南鄉村","南鄉村","電話調查","待指派","","亮均分類表單同步 | 2026-07-07 14:26:21","1","","0","0","0","","2026-08-16 22:25:53.114+00","已有台語來源狀態但缺少台語review"
"21421","AD06800","嘉義縣","水上鄉","水上村","水上村","電話調查","待指派","","亮均分類表單同步 | 2026-07-07 14:26:21","1","","0","0","0","","2026-08-16 22:25:53.114+00","已有台語來源狀態但缺少台語review"
"21422","AD06818","嘉義縣","溪口鄉","坪頂村","坪頂村","電話調查","待指派","","亮均分類表單同步 | 2026-06-23 11:33:39","1","","0","0","0","","2026-08-16 22:25:53.114+00","已有台語來源狀態但缺少台語review"
"21423","AD06832","嘉義縣","番路鄉","大湖村","大湖村","電話調查","待指派","","亮均分類表單同步 | 2026-06-23 11:33:39","1","","0","0","0","","2026-08-16 22:25:53.114+00","已有台語來源狀態但缺少台語review"
"21424","AD06833","嘉義縣","番路鄉","草山村","草山村","電話調查","待指派","","亮均分類表單同步 | 2026-06-23 11:33:39","1","","0","0","0","","2026-08-16 22:25:53.114+00","已有台語來源狀態但缺少台語review"
"21425","AD06844","嘉義縣","竹崎鄉","中和村","中和村","直接標注","待指派","","亮均分類表單同步 | 2026-06-23 11:33:39","1","","0","0","0","","2026-08-16 22:25:53.114+00","已有台語來源狀態但缺少台語review"
"21426","AD06845","嘉義縣","竹崎鄉","獅埜村","獅埜村","現場調查","待指派","","亮均分類表單同步 | 2026-06-23 11:33:39","1","","0","0","0","","2026-08-16 22:25:53.114+00","已有台語來源狀態但缺少台語review"
"21427","AD06846","嘉義縣","竹崎鄉","金獅村","金獅村","電話調查","待指派","","亮均分類表單同步 | 2026-06-23 11:33:39","1","","0","0","0","","2026-08-16 22:25:53.114+00","已有台語來源狀態但缺少台語review"
"21428","AD06847","嘉義縣","竹崎鄉","灣橋村","灣橋村","電話調查","待指派","","亮均分類表單同步 | 2026-06-23 11:33:39","1","","0","0","0","","2026-08-16 22:25:53.114+00","已有台語來源狀態但缺少台語review"
"21429","AD06848","嘉義縣","竹崎鄉","光華村","光華村","直接標注","待指派","","亮均分類表單同步 | 2026-06-23 11:33:39","1","","0","0","0","","2026-08-16 22:25:53.114+00","已有台語來源狀態但缺少台語review"
"21430","AD06849","嘉義縣","竹崎鄉","文峰村","文峰村","直接標注","待指派","","亮均分類表單同步 | 2026-06-23 11:33:39","1","","0","0","0","","2026-08-16 22:25:53.115+00","已有台語來源狀態但缺少台語review"
"21431","AD06850","嘉義縣","竹崎鄉","桃源村","桃源村","直接標注","待指派","","亮均分類表單同步 | 2026-06-23 11:33:39","1","","0","0","0","","2026-08-16 22:25:53.115+00","已有台語來源狀態但缺少台語review"
"21432","AD06869","嘉義縣","義竹鄉","東光村","東光村","電話調查","待指派","","亮均分類表單同步 | 2026-07-07 14:26:21","1","","0","0","0","","2026-08-16 22:25:53.115+00","已有台語來源狀態但缺少台語review"
"21433","AD06870","嘉義縣","義竹鄉","中平村","中平村","電話調查","待指派","","亮均分類表單同步 | 2026-07-07 14:26:21","1","","0","0","0","","2026-08-16 22:25:53.115+00","已有台語來源狀態但缺少台語review"
"21434","AD06892","嘉義縣","阿里山鄉","中山村","中山村","原住民族","待指派","","亮均分類表單同步 | 2026-06-23 11:33:39","1","","0","0","0","","2026-08-16 22:25:53.115+00","已有台語來源狀態但缺少台語review"
"21435","AD06893","嘉義縣","阿里山鄉","里佳村","里佳村","原住民族","待指派","","亮均分類表單同步 | 2026-06-23 11:33:39","1","","0","0","0","","2026-08-16 22:25:53.115+00","已有台語來源狀態但缺少台語review"
"21436","AD06894","嘉義縣","阿里山鄉","山美村","山美村","原住民族","待指派","","亮均分類表單同步 | 2026-06-23 11:33:39","1","","0","0","0","","2026-08-16 22:25:53.115+00","已有台語來源狀態但缺少台語review"
"21437","AD06895","嘉義縣","阿里山鄉","豐山村","豐山村","原住民族","待指派","","亮均分類表單同步 | 2026-06-23 11:33:39","1","","0","0","0","","2026-08-16 22:25:53.115+00","已有台語來源狀態但缺少台語review"
"21438","AD06905","嘉義縣","鹿草鄉","後寮村","後寮村","電話調查","待指派","","亮均分類表單同步 | 2026-06-23 11:33:39","1","","0","0","0","","2026-08-16 22:25:53.115+00","已有台語來源狀態但缺少台語review"
"21439","AD06906","嘉義縣","鹿草鄉","西井村","西井村","電話調查","待指派","","亮均分類表單同步 | 2026-06-23 11:33:39","1","","0","0","0","","2026-08-16 22:25:53.115+00","已有台語來源狀態但缺少台語review"
"21440","AD06922","南投縣","中寮鄉","復興村","復興村","直接標注","待指派","","亮均分類表單同步 | 2026-04-27 22:10:34","1","","0","0","0","","2026-08-16 22:25:53.115+00","已有台語來源狀態但缺少台語review"
"21441","AD06923","南投縣","中寮鄉","廣興村","廣興村","直接標注","待指派","","亮均分類表單同步 | 2026-06-23 11:33:39","1","","0","0","0","","2026-08-16 22:25:53.115+00","已有台語來源狀態但缺少台語review"
"21442","AD06924","南投縣","中寮鄉","崁頂村","崁頂村","直接標注","待指派","","亮均分類表單同步 | 2026-06-23 11:33:39","1","","0","0","0","","2026-08-16 22:25:53.115+00","已有台語來源狀態但缺少台語review"
"21443","AD06941","南投縣","仁愛鄉","法治村","法治村","直接標注","待指派","","亮均分類表單同步 | 2026-06-23 11:33:39","1","","0","0","0","","2026-08-16 22:25:53.115+00","已有台語來源狀態但缺少台語review"
"21444","AD06942","南投縣","仁愛鄉","發祥村","發祥村","直接標注","待指派","","亮均分類表單同步 | 2026-06-23 11:33:39","1","","0","0","0","","2026-08-16 22:25:53.115+00","已有台語來源狀態但缺少台語review"
"21445","AD06943","南投縣","仁愛鄉","萬豐村","萬豐村","直接標注","待指派","","亮均分類表單同步 | 2026-06-23 11:33:39","1","","0","0","0","","2026-08-16 22:25:53.115+00","已有台語來源狀態但缺少台語review"
"21446","AD06944","南投縣","仁愛鄉","互助村","互助村","直接標注","待指派","","亮均分類表單同步 | 2026-06-23 11:33:39","1","","0","0","0","","2026-08-16 22:25:53.115+00","已有台語來源狀態但缺少台語review"
"21447","AD06945","南投縣","仁愛鄉","大同村","大同村","直接標注","待指派","","亮均分類表單同步 | 2026-06-23 11:33:39","1","","0","0","0","","2026-08-16 22:25:53.115+00","已有台語來源狀態但缺少台語review"
"21448","AD06946","南投縣","仁愛鄉","新生村","新生村","直接標注","待指派","","亮均分類表單同步 | 2026-05-05 16:42:01","1","","0","0","0","","2026-08-16 22:25:53.115+00","已有台語來源狀態但缺少台語review"
"21449","AD06947","南投縣","仁愛鄉","力行村","力行村","直接標注","待指派","","亮均分類表單同步 | 2026-06-23 11:33:39","1","","0","0","0","","2026-08-16 22:25:53.115+00","已有台語來源狀態但缺少台語review"
"21450","AD06948","南投縣","仁愛鄉","春陽村","春陽村","直接標注","待指派","","亮均分類表單同步 | 2026-06-23 11:33:39","1","","0","0","0","","2026-08-16 22:25:53.115+00","已有台語來源狀態但缺少台語review"
"21451","AD06949","南投縣","仁愛鄉","親愛村","親愛村","直接標注","待指派","","亮均分類表單同步 | 2026-06-23 11:33:39","1","","0","0","0","","2026-08-16 22:25:53.115+00","已有台語來源狀態但缺少台語review"
"21452","AD06950","南投縣","仁愛鄉","精英村","精英村","直接標注","待指派","","亮均分類表單同步 | 2026-06-23 11:33:39","1","","0","0","0","","2026-08-16 22:25:53.115+00","已有台語來源狀態但缺少台語review"
"21453","AD06951","南投縣","仁愛鄉","南豐村","南豐村","直接標注","待指派","","亮均分類表單同步 | 2026-06-23 11:33:39","1","","0","0","0","","2026-08-16 22:25:53.115+00","已有台語來源狀態但缺少台語review"
"21454","AD06956","南投縣","信義鄉","羅娜村","羅娜村","原住民族","待指派","","亮均分類表單同步 | 2026-06-23 11:33:39","1","","0","0","0","","2026-08-16 22:25:53.115+00","已有台語來源狀態但缺少台語review"
"21455","AD06957","南投縣","信義鄉","地利村","地利村","原住民族","待指派","","亮均分類表單同步 | 2026-06-23 11:33:39","1","","0","0","0","","2026-08-16 22:25:53.115+00","已有台語來源狀態但缺少台語review"
"21456","AD06958","南投縣","信義鄉","明德村","明德村","直接標注","待指派","","亮均分類表單同步 | 2026-04-27 22:10:34","1","","0","0","0","","2026-08-16 22:25:53.115+00","已有台語來源狀態但缺少台語review"
"21457","AD06959","南投縣","信義鄉","同富村","同富村","原住民族","待指派","","亮均分類表單同步 | 2026-06-23 11:33:39","1","","0","0","0","","2026-08-16 22:25:53.115+00","已有台語來源狀態但缺少台語review"
"21458","AD06960","南投縣","信義鄉","東埔村","東埔村","原住民族","待指派","","亮均分類表單同步 | 2026-06-23 11:33:39","1","","0","0","0","","2026-08-16 22:25:53.115+00","已有台語來源狀態但缺少台語review"
"21459","AD06961","南投縣","信義鄉","潭南村","潭南村","原住民族","待指派","","亮均分類表單同步 | 2026-06-23 11:33:39","1","","0","0","0","","2026-08-16 22:25:53.115+00","已有台語來源狀態但缺少台語review"
"21460","AD06962","南投縣","信義鄉","神木村","神木村","原住民族","待指派","","亮均分類表單同步 | 2026-06-23 11:33:39","1","","0","0","0","","2026-08-16 22:25:53.115+00","已有台語來源狀態但缺少台語review"
"21463","AD06980","南投縣","南投市","軍功里","軍功里","直接標注","待指派","","亮均分類表單同步 | 2026-06-23 11:33:39","1","","0","0","0","","2026-08-16 22:25:53.115+00","已有台語來源狀態但缺少台語review"
"21464","AD07006","南投縣","名間鄉","仁和村","仁和村","直接標注","待指派","陳亮均","亮均分類表單同步 | 2026-05-12 09:13:54","1","","0","0","0","","2026-08-16 22:25:53.115+00","已有台語來源指派人但缺少台語review"
"21466","AD07010","南投縣","名間鄉","埔中村","埔中村","直接標注","待指派","","亮均分類表單同步 | 2026-06-23 11:33:39","1","","0","0","0","","2026-08-16 22:25:53.115+00","已有台語來源狀態但缺少台語review"
"21467","AD07011","南投縣","名間鄉","崁腳村","崁腳村","直接標注","待指派","","亮均分類表單同步 | 2026-06-23 11:33:39","1","","0","0","0","","2026-08-16 22:25:53.115+00","已有台語來源狀態但缺少台語review"
"21469","AD07045","南投縣","埔里鎮","向善里","向善里","直接標注","待指派","","亮均分類表單同步 | 2026-06-23 11:33:39","1","","0","0","0","","2026-08-16 22:25:53.115+00","已有台語來源狀態但缺少台語review"
"21473","AD07079","南投縣","水里鄉","中央村","中央村","直接標注","待指派","","亮均分類表單同步 | 2026-06-23 11:33:39","1","","0","0","0","","2026-08-16 22:25:53.115+00","已有台語來源狀態但缺少台語review"
"21475","AD07081","南投縣","水里鄉","北埔村","北埔村","直接標注","待指派","","亮均分類表單同步 | 2026-06-23 11:33:39","1","","0","0","0","","2026-08-16 22:25:53.115+00","已有台語來源狀態但缺少台語review"
"21476","AD07082","南投縣","水里鄉","永興村","永興村","直接標注","待指派","","亮均分類表單同步 | 2026-06-23 11:33:39","1","","0","0","0","","2026-08-16 22:25:53.115+00","已有台語來源狀態但缺少台語review"
"21477","AD07083","南投縣","水里鄉","玉峰村","玉峰村","直接標注","待指派","","亮均分類表單同步 | 2026-06-23 11:33:39","1","","0","0","0","","2026-08-16 22:25:53.115+00","已有台語來源狀態但缺少台語review"
"21478","AD07084","南投縣","水里鄉","城中村","城中村","直接標注","待指派","","亮均分類表單同步 | 2026-06-23 11:33:39","1","","0","0","0","","2026-08-16 22:25:53.115+00","已有台語來源狀態但缺少台語review"
"21479","AD07101","南投縣","竹山鎮","延和里","延和里","直接標注","待指派","","亮均分類表單同步 | 2026-06-23 11:33:39","1","","0","0","0","","2026-08-16 22:25:53.115+00","已有台語來源狀態但缺少台語review"
"21480","AD07105","南投縣","竹山鎮","福興里","福興里","直接標注","待指派","","亮均分類表單同步 | 2026-05-05 16:42:01","1","","0","0","0","","2026-08-16 22:25:53.115+00","已有台語來源狀態但缺少台語review"
"21481","AD07131","南投縣","草屯鎮","敦和里","敦和里","直接標注","待指派","","亮均分類表單同步 | 2026-06-23 11:33:39","1","","0","0","0","","2026-08-16 22:25:53.115+00","已有台語來源狀態但缺少台語review"
"21483","AD07133","南投縣","草屯鎮","新豐里","新豐里","直接標注","待指派","","亮均分類表單同步 | 2026-06-23 11:33:39","1","","0","0","0","","2026-08-16 22:25:53.115+00","已有台語來源狀態但缺少台語review"
"21485","AD07138","南投縣","草屯鎮","明正里","明正里","直接標注","待指派","","亮均分類表單同步 | 2026-06-23 11:33:39","1","","0","0","0","","2026-08-16 22:25:53.115+00","已有台語來源狀態但缺少台語review"
"21491","AD07188","南投縣","鹿谷鄉","鳳凰村","鳳凰村","直接標注","待指派","","亮均分類表單同步 | 2026-06-23 11:33:39","1","","0","0","0","","2026-08-16 22:25:53.115+00","已有台語來源狀態但缺少台語review"
"21498","AD07245","新竹市","東區","育賢里","育賢里","直接標注","待指派","","亮均分類表單同步 | 2026-06-23 11:33:39","1","","0","0","0","","2026-08-16 22:25:53.115+00","已有台語來源狀態但缺少台語review"
"21499","AD07247","新竹市","東區","下竹里","下竹里","直接標注","待指派","","亮均分類表單同步 | 2026-06-23 11:33:39","1","","0","0","0","","2026-08-16 22:25:53.115+00","已有台語來源狀態但缺少台語review"
"21502","AD07252","新竹市","東區","頂竹里","頂竹里","直接標注","待指派","","亮均分類表單同步 | 2026-06-23 11:33:39","1","","0","0","0","","2026-08-16 22:25:53.115+00","已有台語來源狀態但缺少台語review"
"21503","AD07253","新竹市","東區","親仁里","親仁里","直接標注","待指派","","亮均分類表單同步 | 2026-06-23 11:33:39","1","","0","0","0","","2026-08-16 22:25:53.115+00","已有台語來源狀態但缺少台語review"
"21504","AD07256","新竹市","東區","關帝里","關帝里","直接標注","待指派","","亮均分類表單同步 | 2026-05-05 16:42:01","1","","0","0","0","","2026-08-16 22:25:53.115+00","已有台語來源狀態但缺少台語review"
"21508","AD07261","新竹市","東區","武功里","武功里","直接標注","待指派","","亮均分類表單同步 | 2026-06-23 11:33:39","1","","0","0","0","","2026-08-16 22:25:53.115+00","已有台語來源狀態但缺少台語review"
"21510","AD07267","新竹市","東區","豐功里","豐功里","直接標注","待指派","","亮均分類表單同步 | 2026-06-23 11:33:39","1","","0","0","0","","2026-08-16 22:25:53.115+00","已有台語來源狀態但缺少台語review"
"21511","AD07272","新竹市","東區","科園里","科園里","直接標注","待指派","","亮均分類表單同步 | 2026-06-23 11:33:39","1","","0","0","0","","2026-08-16 22:25:53.115+00","已有台語來源狀態但缺少台語review"
"21512","AD07273","新竹市","東區","高峰里","高峰里","直接標注","待指派","","亮均分類表單同步 | 2026-05-05 16:42:01","1","","0","0","0","","2026-08-16 22:25:53.115+00","已有台語來源狀態但缺少台語review"
"21517","AD07340","宜蘭縣","五結鄉","中興村","中興村","直接標注","待指派","","亮均分類表單同步 | 2026-06-23 11:33:39","1","","0","0","0","","2026-08-16 22:25:53.115+00","已有台語來源狀態但缺少台語review"
"21518","AD07357","宜蘭縣","冬山鄉","順安村","順安村","直接標注","待指派","","亮均分類表單同步 | 2026-06-23 11:33:39","1","","0","0","0","","2026-08-16 22:25:53.115+00","已有台語來源狀態但缺少台語review"
"21520","AD07381","宜蘭縣","南澳鄉","澳花村","澳花村","原住民族","待指派","","亮均分類表單同步 | 2026-05-04 09:49:21","1","","0","0","0","","2026-08-16 22:25:53.115+00","已有台語來源狀態但缺少台語review"
"21521","AD07389","宜蘭縣","員山鄉","中華村","中華村","直接標注","待指派","","亮均分類表單同步 | 2026-06-23 11:33:39","1","","0","0","0","","2026-08-16 22:25:53.115+00","已有台語來源狀態但缺少台語review"
"21522","AD07390","宜蘭縣","員山鄉","深溝村","深溝村","直接標注","待指派","","亮均分類表單同步 | 2026-06-23 11:33:39","1","","0","0","0","","2026-08-16 22:25:53.115+00","已有台語來源狀態但缺少台語review"
"21527","AD07409","宜蘭縣","壯圍鄉","新南村","新南村","直接標注","待指派","","亮均分類表單同步 | 2026-06-23 11:33:39","1","","0","0","0","","2026-08-16 22:25:53.115+00","已有台語來源狀態但缺少台語review"
"21528","AD07420","宜蘭縣","大同鄉","英士村","英士村","原住民族","待指派","","亮均分類表單同步 | 2026-05-04 09:49:21","1","","0","0","0","","2026-08-16 22:25:53.115+00","已有台語來源狀態但缺少台語review"
"21529","AD07422","宜蘭縣","大同鄉","四季村","四季村","原住民族","待指派","","亮均分類表單同步 | 2026-06-23 11:33:39","1","","0","0","0","","2026-08-16 22:25:53.115+00","已有台語來源狀態但缺少台語review"
"21530","AD07423","宜蘭縣","大同鄉","南山村","南山村","原住民族","待指派","","亮均分類表單同步 | 2026-06-23 11:33:39","1","","0","0","0","","2026-08-16 22:25:53.115+00","已有台語來源狀態但缺少台語review"
"21531","AD07431","宜蘭縣","宜蘭市","黎明里","黎明里","直接標注","待指派","","亮均分類表單同步 | 2026-06-23 11:33:39","1","","0","0","0","","2026-08-16 22:25:53.115+00","已有台語來源狀態但缺少台語review"
"21534","AD07434","宜蘭縣","宜蘭市","民權里","民權里","直接標注","待指派","","亮均分類表單同步 | 2026-06-23 11:33:39","1","","0","0","0","","2026-08-16 22:25:53.115+00","已有台語來源狀態但缺少台語review"
"21536","AD07438","宜蘭縣","宜蘭市","新生里","新生里","直接標注","待指派","","亮均分類表單同步 | 2026-05-04 09:49:21","1","","0","0","0","","2026-08-16 22:25:53.115+00","已有台語來源狀態但缺少台語review"
"21537","AD07439","宜蘭縣","宜蘭市","新興里","新興里","直接標注","待指派","","亮均分類表單同步 | 2026-06-23 11:33:39","1","","0","0","0","","2026-08-16 22:25:53.115+00","已有台語來源狀態但缺少台語review"
"21539","AD07444","宜蘭縣","宜蘭市","延平里","延平里","直接標注","待指派","","亮均分類表單同步 | 2026-06-23 11:33:39","1","","0","0","0","","2026-08-16 22:25:53.115+00","已有台語來源狀態但缺少台語review"
"21542","AD07448","宜蘭縣","宜蘭市","北門里","北門里","直接標注","待指派","","亮均分類表單同步 | 2026-06-23 11:33:39","1","","0","0","0","","2026-08-16 22:25:53.115+00","已有台語來源狀態但缺少台語review"
"21544","AD07494","宜蘭縣","羅東鎮","公正里","公正里","直接標注","待指派","","亮均分類表單同步 | 2026-05-04 09:49:21","1","","0","0","0","","2026-08-16 22:25:53.115+00","已有台語來源狀態但缺少台語review"
"21546","AD07498","宜蘭縣","羅東鎮","仁愛里","仁愛里","直接標注","待指派","","亮均分類表單同步 | 2026-06-23 11:33:39","1","","0","0","0","","2026-08-16 22:25:53.115+00","已有台語來源狀態但缺少台語review"
"21547","AD07501","宜蘭縣","羅東鎮","成功里","成功里","直接標注","待指派","","亮均分類表單同步 | 2026-06-23 11:33:39","1","","0","0","0","","2026-08-16 22:25:53.115+00","已有台語來源狀態但缺少台語review"
"21548","AD07517","宜蘭縣","蘇澳鎮","永春里","永春里","直接標注","待指派","","亮均分類表單同步 | 2026-06-23 11:33:39","1","","0","0","0","","2026-08-16 22:25:53.115+00","已有台語來源狀態但缺少台語review"
"21549","AD07518","宜蘭縣","蘇澳鎮","南成里","南成里","直接標注","待指派","","亮均分類表單同步 | 2026-06-23 11:33:39","1","","0","0","0","","2026-08-16 22:25:53.115+00","已有台語來源狀態但缺少台語review"
"21550","AD07519","宜蘭縣","蘇澳鎮","南強里","南強里","直接標注","待指派","","亮均分類表單同步 | 2026-06-23 11:33:39","1","","0","0","0","","2026-08-16 22:25:53.115+00","已有台語來源狀態但缺少台語review"
"21553","AD07524","宜蘭縣","蘇澳鎮","南興里","南興里","直接標注","待指派","","亮均分類表單同步 | 2026-06-23 11:33:39","1","","0","0","0","","2026-08-16 22:25:53.115+00","已有台語來源狀態但缺少台語review"
"21554","AD07544","宜蘭縣","頭城鎮","福成里","福成里","直接標注","待指派","","亮均分類表單同步 | 2026-06-23 11:33:39","1","","0","0","0","","2026-08-16 22:25:53.115+00","已有台語來源狀態但缺少台語review"
"21556","AD07549","宜蘭縣","頭城鎮","頂埔里","頂埔里","直接標注","待指派","","亮均分類表單同步 | 2026-06-23 11:33:39","1","","0","0","0","","2026-08-16 22:25:53.115+00","已有台語來源狀態但缺少台語review"
"21559","AD07569","基隆市","七堵區","堵南里","堵南里","直接標注","待指派","","亮均分類表單同步 | 2026-06-23 11:33:39","1","","0","0","0","","2026-08-16 22:25:53.115+00","已有台語來源狀態但缺少台語review"
"21560","AD07570","基隆市","七堵區","八德里","八德里","直接標注","待指派","","亮均分類表單同步 | 2026-05-04 14:43:59","1","","0","0","0","","2026-08-16 22:25:53.115+00","已有台語來源狀態但缺少台語review"
"21562","AD07589","基隆市","中山區","德安里","德安里","直接標注","待指派","","亮均分類表單同步 | 2026-06-23 11:33:39","1","","0","0","0","","2026-08-16 22:25:53.115+00","已有台語來源狀態但缺少台語review"
"21564","AD07591","基隆市","中山區","協和里","協和里","直接標注","待指派","","亮均分類表單同步 | 2026-06-23 11:33:39","1","","0","0","0","","2026-08-16 22:25:53.115+00","已有台語來源狀態但缺少台語review"
"21565","AD07593","基隆市","中山區","中山里","中山里","直接標注","待指派","","亮均分類表單同步 | 2026-06-23 11:33:39","1","","0","0","0","","2026-08-16 22:25:53.115+00","已有台語來源狀態但缺少台語review"
"21566","AD07594","基隆市","中山區","和平里","和平里","直接標注","待指派","","亮均分類表單同步 | 2026-06-23 11:33:39","1","","0","0","0","","2026-08-16 22:25:53.115+00","已有台語來源狀態但缺少台語review"
"21567","AD07595","基隆市","中山區","中和里","中和里","直接標注","待指派","","亮均分類表單同步 | 2026-06-23 11:33:39","1","","0","0","0","","2026-08-16 22:25:53.115+00","已有台語來源狀態但缺少台語review"
"21568","AD07596","基隆市","中山區","中興里","中興里","直接標注","待指派","","亮均分類表單同步 | 2026-05-04 14:43:59","1","","0","0","0","","2026-08-16 22:25:53.116+00","已有台語來源狀態但缺少台語review"
"21569","AD07613","基隆市","中正區","海濱里","海濱里","直接標注","待指派","","亮均分類表單同步 | 2026-06-23 11:33:39","1","","0","0","0","","2026-08-16 22:25:53.118+00","已有台語來源狀態但缺少台語review"
"21571","AD07616","基隆市","中正區","信義里","信義里","直接標注","待指派","","亮均分類表單同步 | 2026-06-23 11:33:39","1","","0","0","0","","2026-08-16 22:25:53.118+00","已有台語來源狀態但缺少台語review"
"21572","AD07617","基隆市","中正區","正義里","正義里","直接標注","待指派","","亮均分類表單同步 | 2026-06-23 11:33:39","1","","0","0","0","","2026-08-16 22:25:53.118+00","已有台語來源狀態但缺少台語review"
"21573","AD07638","基隆市","仁愛區","博愛里","博愛里","直接標注","待指派","","亮均分類表單同步 | 2026-06-23 11:33:39","1","","0","0","0","","2026-08-16 22:25:53.118+00","已有台語來源狀態但缺少台語review"
"21574","AD07639","基隆市","仁愛區","吉仁里","吉仁里","直接標注","待指派","","亮均分類表單同步 | 2026-06-23 11:33:39","1","","0","0","0","","2026-08-16 22:25:53.118+00","已有台語來源狀態但缺少台語review"
"21577","AD07644","基隆市","仁愛區","明德里","明德里","直接標注","待指派","","亮均分類表單同步 | 2026-06-23 11:33:39","1","","0","0","0","","2026-08-16 22:25:53.118+00","已有台語來源狀態但缺少台語review"
"21578","AD07645","基隆市","仁愛區","福仁里","福仁里","直接標注","待指派","","亮均分類表單同步 | 2026-06-23 11:33:39","1","","0","0","0","","2026-08-16 22:25:53.118+00","已有台語來源狀態但缺少台語review"
"21579","AD07646","基隆市","仁愛區","光華里","光華里","直接標注","待指派","","亮均分類表單同步 | 2026-06-23 11:33:39","1","","0","0","0","","2026-08-16 22:25:53.118+00","已有台語來源狀態但缺少台語review"
"21580","AD07647","基隆市","仁愛區","仁德里","仁德里","直接標注","待指派","","亮均分類表單同步 | 2026-06-23 11:33:39","1","","0","0","0","","2026-08-16 22:25:53.118+00","已有台語來源狀態但缺少台語review"
"21584","AD07687","基隆市","安樂區","嘉仁里","嘉仁里","直接標注","待指派","","亮均分類表單同步 | 2026-05-04 14:43:59","1","","0","0","0","","2026-08-16 22:25:53.118+00","已有台語來源狀態但缺少台語review"
"21586","AD07689","基隆市","安樂區","安和里","安和里","直接標注","待指派","","亮均分類表單同步 | 2026-06-23 11:33:39","1","","0","0","0","","2026-08-16 22:25:53.118+00","已有台語來源狀態但缺少台語review"
"21589","AD07692","基隆市","安樂區","永康里","永康里","直接標注","待指派","","亮均分類表單同步 | 2026-06-23 11:33:39","1","","0","0","0","","2026-08-16 22:25:53.118+00","已有台語來源狀態但缺少台語review"
"21591","AD07694","基隆市","安樂區","三民里","三民里","直接標注","待指派","","亮均分類表單同步 | 2026-06-23 11:33:39","1","","0","0","0","","2026-08-16 22:25:53.118+00","已有台語來源狀態但缺少台語review"
"21592","AD07721","花蓮縣","光復鄉","光復鄉","大馬村","原住民族","待指派","","亮均分類表單同步 | 2026-07-02 05:28:32","1","","0","0","0","","2026-08-16 22:25:53.118+00","已有台語來源狀態但缺少台語review"
"21593","AD07738","花蓮縣","吉安鄉","吉安鄉","慶豐村","直接標注","待指派","","亮均分類表單同步 | 2026-07-02 05:28:32","1","","0","0","0","","2026-08-16 22:25:53.118+00","已有台語來源狀態但缺少台語review"
"21594","AD07740","花蓮縣","吉安鄉","吉安鄉","南昌村","直接標注","待指派","","亮均分類表單同步 | 2026-07-02 05:28:32","1","","0","0","0","","2026-08-16 22:25:53.118+00","已有台語來源狀態但缺少台語review"
"21595","AD07741","花蓮縣","吉安鄉","吉安鄉","仁安村","直接標注","待指派","","亮均分類表單同步 | 2026-07-02 05:28:32","1","","0","0","0","","2026-08-16 22:25:53.118+00","已有台語來源狀態但缺少台語review"
"21596","AD07745","花蓮縣","吉安鄉","吉安鄉","稻香村","電話調查","待指派","","亮均分類表單同步 | 2026-07-02 05:28:32","1","","0","0","0","","2026-08-16 22:25:53.118+00","已有台語來源狀態但缺少台語review"
"21597","AD07756","花蓮縣","壽豐鄉","壽豐鄉","豐裡村","電話調查","待指派","","亮均分類表單同步 | 2026-07-02 05:28:32","1","","0","0","0","","2026-08-16 22:25:53.118+00","已有台語來源狀態但缺少台語review"
"21598","AD07757","花蓮縣","壽豐鄉","壽豐鄉","鹽寮村","電話調查","待指派","","亮均分類表單同步 | 2026-07-02 05:28:32","1","","0","0","0","","2026-08-16 22:25:53.118+00","已有台語來源狀態但缺少台語review"
"21599","AD07759","花蓮縣","壽豐鄉","壽豐鄉","志學村","原住民族","待指派","","亮均分類表單同步 | 2026-07-02 05:28:32","1","","0","0","0","","2026-08-16 22:25:53.118+00","已有台語來源狀態但缺少台語review"
"21600","AD07760","花蓮縣","壽豐鄉","壽豐鄉","水璉村","原住民族","待指派","","亮均分類表單同步 | 2026-07-02 05:28:32","1","","0","0","0","","2026-08-16 22:25:53.118+00","已有台語來源狀態但缺少台語review"
"21601","AD07773","花蓮縣","富里鄉","富里鄉","東里村","電話調查","待指派","","亮均分類表單同步 | 2026-07-02 05:28:32","1","","0","0","0","","2026-08-16 22:25:53.118+00","已有台語來源狀態但缺少台語review"
"21602","AD07787","花蓮縣","新城鄉","新城鄉","康樂村","直接標注","待指派","","亮均分類表單同步 | 2026-07-02 05:28:32","1","","0","0","0","","2026-08-16 22:25:53.118+00","已有台語來源狀態但缺少台語review"
"21603","AD07795","花蓮縣","玉里鎮","玉里鎮","大禹里","電話調查","待指派","","亮均分類表單同步 | 2026-07-02 05:28:32","1","","0","0","0","","2026-08-16 22:25:53.118+00","已有台語來源狀態但缺少台語review"
"21604","AD07871","花蓮縣","豐濱鄉","豐濱鄉","靜浦村","原住民族","待指派","","亮均分類表單同步 | 2026-07-02 05:28:32","1","","0","0","0","","2026-08-16 22:25:53.118+00","已有台語來源狀態但缺少台語review"
"21605","AD07873","花蓮縣","豐濱鄉","豐濱鄉","磯崎村","原住民族","待指派","","亮均分類表單同步 | 2026-07-02 05:28:32","1","","0","0","0","","2026-08-16 22:25:53.118+00","已有台語來源狀態但缺少台語review"
"21606","AD07878","花蓮縣","鳳林鎮","鳳林鎮","大榮里","直接標注","待指派","","亮均分類表單同步 | 2026-07-02 05:28:32","1","","0","0","0","","2026-08-16 22:25:53.118+00","已有台語來源狀態但缺少台語review"
"21607","AD07879","花蓮縣","鳳林鎮","鳳林鎮","林榮里","直接標注","待指派","","亮均分類表單同步 | 2026-07-02 05:28:32","1","","0","0","0","","2026-08-16 22:25:53.118+00","已有台語來源狀態但缺少台語review"
"21608","AD07891","嘉義市","東區","興南里","興南里","直接標注","待指派","","亮均分類表單同步 | 2026-06-23 11:33:39","1","","0","0","0","","2026-08-16 22:25:53.118+00","已有台語來源狀態但缺少台語review"
"21609","AD07892","嘉義市","東區","仁武里","仁武里","直接標注","待指派","","亮均分類表單同步 | 2026-06-23 11:33:39","1","","0","0","0","","2026-08-16 22:25:53.118+00","已有台語來源狀態但缺少台語review"
"21610","AD07893","嘉義市","東區","王田里","王田里","電話調查","待指派","","亮均分類表單同步 | 2026-06-23 11:33:39","1","","0","0","0","","2026-08-16 22:25:53.118+00","已有台語來源狀態但缺少台語review"
"21611","AD07894","嘉義市","東區","豐年里","豐年里","直接標注","待指派","","亮均分類表單同步 | 2026-06-23 11:33:39","1","","0","0","0","","2026-08-16 22:25:53.118+00","已有台語來源狀態但缺少台語review"
"21612","AD07895","嘉義市","東區","芳草里","芳草里","電話調查","待指派","","亮均分類表單同步 | 2026-06-23 11:33:39","1","","0","0","0","","2026-08-16 22:25:53.118+00","已有台語來源狀態但缺少台語review"
"21613","AD07896","嘉義市","東區","頂寮里","頂寮里","直接標注","待指派","","亮均分類表單同步 | 2026-06-23 11:33:39","1","","0","0","0","","2026-08-16 22:25:53.118+00","已有台語來源狀態但缺少台語review"
"21614","AD07897","嘉義市","東區","仁義里","仁義里","直接標注","待指派","","亮均分類表單同步 | 2026-06-23 11:33:39","1","","0","0","0","","2026-08-16 22:25:53.118+00","已有台語來源狀態但缺少台語review"
"21615","AD07898","嘉義市","東區","崇文里","崇文里","直接標注","待指派","","亮均分類表單同步 | 2026-06-23 11:33:39","1","","0","0","0","","2026-08-16 22:25:53.118+00","已有台語來源狀態但缺少台語review"
"21616","AD07899","嘉義市","東區","鹿寮里","鹿寮里","直接標注","待指派","","亮均分類表單同步 | 2026-06-23 11:33:39","1","","0","0","0","","2026-08-16 22:25:53.118+00","已有台語來源狀態但缺少台語review"
"21617","AD07900","嘉義市","東區","建國里","建國里","直接標注","待指派","","亮均分類表單同步 | 2026-06-23 11:33:39","1","","0","0","0","","2026-08-16 22:25:53.118+00","已有台語來源狀態但缺少台語review"
"21618","AD07901","嘉義市","東區","中庄里","中庄里","電話調查","待指派","","亮均分類表單同步 | 2026-06-23 11:33:39","1","","0","0","0","","2026-08-16 22:25:53.118+00","已有台語來源狀態但缺少台語review"
"21619","AD07902","嘉義市","東區","文昌里","文昌里","直接標注","待指派","","亮均分類表單同步 | 2026-06-23 11:33:39","1","","0","0","0","","2026-08-16 22:25:53.118+00","已有台語來源狀態但缺少台語review"
"21620","AD07903","嘉義市","東區","圳頭里","圳頭里","直接標注","待指派","","亮均分類表單同步 | 2026-06-23 11:33:39","1","","0","0","0","","2026-08-16 22:25:53.118+00","已有台語來源狀態但缺少台語review"
"21621","AD07904","嘉義市","東區","興安里","興安里","直接標注","待指派","","亮均分類表單同步 | 2026-06-23 11:33:39","1","","0","0","0","","2026-08-16 22:25:53.118+00","已有台語來源狀態但缺少台語review"
"21622","AD07905","嘉義市","東區","東安里","東安里","電話調查","待指派","","亮均分類表單同步 | 2026-06-23 11:33:39","1","","0","0","0","","2026-08-16 22:25:53.118+00","已有台語來源狀態但缺少台語review"
"21623","AD07906","嘉義市","東區","光復里","光復里","直接標注","待指派","","亮均分類表單同步 | 2026-06-23 11:33:39","1","","0","0","0","","2026-08-16 22:25:53.118+00","已有台語來源狀態但缺少台語review"
"21624","AD07907","嘉義市","東區","興仁里","興仁里","直接標注","待指派","","亮均分類表單同步 | 2026-06-23 11:33:39","1","","0","0","0","","2026-08-16 22:25:53.118+00","已有台語來源狀態但缺少台語review"
"21625","AD07908","嘉義市","東區","後庄里","後庄里","電話調查","待指派","","亮均分類表單同步 | 2026-06-23 11:33:39","1","","0","0","0","","2026-08-16 22:25:53.118+00","已有台語來源狀態但缺少台語review"
"21626","AD07909","嘉義市","東區","太平里","太平里","電話調查","待指派","","亮均分類表單同步 | 2026-06-23 11:33:39","1","","0","0","0","","2026-08-16 22:25:53.118+00","已有台語來源狀態但缺少台語review"
"21627","AD07910","嘉義市","東區","東山里","東山里","電話調查","待指派","","亮均分類表單同步 | 2026-06-23 11:33:39","1","","0","0","0","","2026-08-16 22:25:53.118+00","已有台語來源狀態但缺少台語review"
"21628","AD07911","嘉義市","東區","泰安里","泰安里","直接標注","待指派","","亮均分類表單同步 | 2026-06-23 11:33:39","1","","0","0","0","","2026-08-16 22:25:53.118+00","已有台語來源狀態但缺少台語review"
"21629","AD07912","嘉義市","東區","東平里","東平里","電話調查","待指派","","亮均分類表單同步 | 2026-06-23 11:33:39","1","","0","0","0","","2026-08-16 22:25:53.118+00","已有台語來源狀態但缺少台語review"
"21630","AD07914","嘉義市","東區","仁和里","仁和里","直接標注","待指派","","亮均分類表單同步 | 2026-06-23 11:33:39","1","","0","0","0","","2026-08-16 22:25:53.118+00","已有台語來源狀態但缺少台語review"
"21631","AD07947","嘉義市","西區","大溪里","大溪里","電話調查","待指派","","亮均分類表單同步 | 2026-06-23 11:33:39","1","","0","0","0","","2026-08-16 22:25:53.118+00","已有台語來源狀態但缺少台語review"
"21632","AD07948","嘉義市","西區","港坪里","港坪里","電話調查","待指派","","亮均分類表單同步 | 2026-06-23 11:33:39","1","","0","0","0","","2026-08-16 22:25:53.119+00","已有台語來源狀態但缺少台語review"
"21633","AD07949","嘉義市","西區","湖內里","湖內里","電話調查","待指派","","亮均分類表單同步 | 2026-06-23 11:33:39","1","","0","0","0","","2026-08-16 22:25:53.119+00","已有台語來源狀態但缺少台語review"
"21634","AD07950","嘉義市","西區","長安里","長安里","電話調查","待指派","","亮均分類表單同步 | 2026-06-23 11:33:39","1","","0","0","0","","2026-08-16 22:25:53.119+00","已有台語來源狀態但缺少台語review"
"21635","AD07951","嘉義市","西區","保安里","保安里","直接標注","待指派","","亮均分類表單同步 | 2026-06-23 11:33:39","1","","0","0","0","","2026-08-16 22:25:53.119+00","已有台語來源狀態但缺少台語review"
"21636","AD07952","嘉義市","西區","社內里","社內里","直接標注","待指派","","亮均分類表單同步 | 2026-06-23 11:33:39","1","","0","0","0","","2026-08-16 22:25:53.119+00","已有台語來源狀態但缺少台語review"
"21637","AD07953","嘉義市","西區","竹圍里","竹圍里","直接標注","待指派","","亮均分類表單同步 | 2026-06-23 11:33:39","1","","0","0","0","","2026-08-16 22:25:53.119+00","已有台語來源狀態但缺少台語review"
"21638","AD07954","嘉義市","西區","西平里","西平里","電話調查","待指派","","亮均分類表單同步 | 2026-06-23 11:33:39","1","","0","0","0","","2026-08-16 22:25:53.119+00","已有台語來源狀態但缺少台語review"
"21639","AD07955","嘉義市","西區","大業里","大業里","直接標注","待指派","","亮均分類表單同步 | 2026-06-23 11:33:39","1","","0","0","0","","2026-08-16 22:25:53.119+00","已有台語來源狀態但缺少台語review"
"21640","AD07956","嘉義市","西區","育英里","育英里","直接標注","待指派","","亮均分類表單同步 | 2026-06-23 11:33:39","1","","0","0","0","","2026-08-16 22:25:53.119+00","已有台語來源狀態但缺少台語review"
"21641","AD07957","嘉義市","西區","民安里","民安里","直接標注","待指派","","亮均分類表單同步 | 2026-06-23 11:33:39","1","","0","0","0","","2026-08-16 22:25:53.119+00","已有台語來源狀態但缺少台語review"
"21642","AD07958","嘉義市","西區","劉厝里","劉厝里","電話調查","待指派","","亮均分類表單同步 | 2026-06-23 11:33:39","1","","0","0","0","","2026-08-16 22:25:53.119+00","已有台語來源狀態但缺少台語review"
"21643","AD07959","嘉義市","西區","力行里","力行里","直接標注","待指派","","亮均分類表單同步 | 2026-06-23 11:33:39","1","","0","0","0","","2026-08-16 22:25:53.119+00","已有台語來源狀態但缺少台語review"
"21644","AD07960","嘉義市","西區","民生里","民生里","直接標注","待指派","","亮均分類表單同步 | 2026-06-23 11:33:39","1","","0","0","0","","2026-08-16 22:25:53.119+00","已有台語來源狀態但缺少台語review"
"21645","AD07961","嘉義市","西區","自強里","自強里","直接標注","待指派","","亮均分類表單同步 | 2026-06-23 11:33:39","1","","0","0","0","","2026-08-16 22:25:53.119+00","已有台語來源狀態但缺少台語review"
"21646","AD08018","臺東縣","大武鄉","大鳥村","大鳥村","原住民族","待指派","","亮均分類表單同步 | 2026-06-23 11:33:39","1","","0","0","0","","2026-08-16 22:25:53.119+00","已有台語來源狀態但缺少台語review"
"21647","AD08024","臺東縣","太麻里鄉","金崙村","金崙村","原住民族","待指派","","亮均分類表單同步 | 2026-06-23 11:33:39","1","","0","0","0","","2026-08-16 22:25:53.119+00","已有台語來源狀態但缺少台語review"
"21648","AD08025","臺東縣","太麻里鄉","華源村","華源村","直接標注","待指派","陳亮均","亮均分類表單同步 | 2026-05-12 09:13:54","1","","0","0","0","","2026-08-16 22:25:53.119+00","已有台語來源指派人但缺少台語review"
"21649","AD08034","臺東縣","延平鄉","鸞山村","鸞山村","原住民族","待指派","","亮均分類表單同步 | 2026-06-23 11:33:39","1","","0","0","0","","2026-08-16 22:25:53.119+00","已有台語來源狀態但缺少台語review"
"21650","AD08036","臺東縣","延平鄉","紅葉村","紅葉村","原住民族","待指派","","亮均分類表單同步 | 2026-06-23 11:33:39","1","","0","0","0","","2026-08-16 22:25:53.119+00","已有台語來源狀態但缺少台語review"
"21651","AD08049","臺東縣","東河鄉","泰源村","泰源村","直接標注","待指派","","亮均分類表單同步 | 2026-06-23 11:33:39","1","","0","0","0","","2026-08-16 22:25:53.119+00","已有台語來源狀態但缺少台語review"
"21652","AD08068","臺東縣","海端鄉","加拿村","加拿村","原住民族","待指派","","亮均分類表單同步 | 2026-06-23 11:33:39","1","","0","0","0","","2026-08-16 22:25:53.119+00","已有台語來源狀態但缺少台語review"
"21653","AD08069","臺東縣","海端鄉","霧鹿村","霧鹿村","原住民族","待指派","","亮均分類表單同步 | 2026-06-23 11:33:39","1","","0","0","0","","2026-08-16 22:25:53.119+00","已有台語來源狀態但缺少台語review"
"21654","AD08071","臺東縣","海端鄉","利稻村","利稻村","原住民族","待指派","","亮均分類表單同步 | 2026-06-23 11:33:39","1","","0","0","0","","2026-08-16 22:25:53.119+00","已有台語來源狀態但缺少台語review"
"21655","AD08094","臺東縣","臺東市","建農里","建農里","直接標注","待指派","","亮均分類表單同步 | 2026-06-23 11:33:39","1","","0","0","0","","2026-08-16 22:25:53.119+00","已有台語來源狀態但缺少台語review"
"21656","AD08126","臺東縣","蘭嶼鄉","東清村","東清村","原住民族","待指派","","亮均分類表單同步 | 2026-05-05 16:42:01","1","","0","0","0","","2026-08-16 22:25:53.119+00","已有台語來源狀態但缺少台語review"
"21657","AD08131","臺東縣","達仁鄉","南田村","南田村","原住民族","待指派","","亮均分類表單同步 | 2026-06-23 11:33:39","1","","0","0","0","","2026-08-16 22:25:53.119+00","已有台語來源狀態但缺少台語review"
"21658","AD08137","臺東縣","金峰鄉","嘉蘭村","嘉蘭村","原住民族","待指派","","亮均分類表單同步 | 2026-06-23 11:33:39","1","","0","0","0","","2026-08-16 22:25:53.119+00","已有台語來源狀態但缺少台語review"
"21660","AD08167","金門縣","烈嶼鄉","西口村","西口村","未分類","待指派","","亮均分類表單同步 | 2026-06-23 11:33:39","1","","0","0","0","","2026-08-16 22:25:53.119+00","已有台語來源狀態但缺少台語review"
"21661","AD08220","澎湖縣","望安鄉","將軍村","將軍村","直接標注","待指派","","亮均分類表單同步 | 2026-06-23 11:33:39","1","","0","0","0","","2026-08-16 22:25:53.119+00","已有台語來源狀態但缺少台語review"
"21663","AD08253","澎湖縣","白沙鄉","白沙鄉","赤崁村","直接標注","待指派","","亮均分類表單同步 | 2026-06-23 11:33:39","1","","0","0","0","","2026-08-16 22:25:53.119+00","已有台語來源狀態但缺少台語review"
"21666","AD08313","連江縣","北竿鄉","芹壁村","芹壁村","未分類","待指派","","亮均分類表單同步 | 2026-06-23 11:33:39","1","","0","0","0","","2026-08-16 22:25:53.119+00","已有台語來源狀態但缺少台語review"
"21667","AD08319","連江縣","南竿鄉","介壽村","介壽村","未分類","待指派","","亮均分類表單同步 | 2026-06-23 11:33:39","1","","0","0","0","","2026-08-16 22:25:53.119+00","已有台語來源狀態但缺少台語review"
"21668","AD08322","連江縣","南竿鄉","津沙村","津沙村","未分類","待指派","","亮均分類表單同步 | 2026-06-23 11:33:39","1","","0","0","0","","2026-08-16 22:25:53.119+00","已有台語來源狀態但缺少台語review"
"21669","AD08323","連江縣","南竿鄉","四維村","四維村","未分類","待指派","","亮均分類表單同步 | 2026-06-23 11:33:39","1","","0","0","0","","2026-08-16 22:25:53.119+00","已有台語來源狀態但缺少台語review"
"21671","RD00006","高雄市","前金區","復元里","福音街","直接標注","待審查","陳亮均","亮均分類表單同步 | 2026-06-23 11:33:39","1","","0","0","0","台語草稿送入失敗：Supabase RPC submit_satellite_annotation_draft HTTP 400: {""code"":""P0001"",""details"":null,""hint"":null,""message"":""satellite Taiwanese draft needs TaiHan1 and TL1""}","2026-08-16 22:25:53.119+00","已有台語來源指派人但缺少台語review"
"21672","RD00017","高雄市","大樹區","久堂里","王爺巷","直接標注","待指派","陳亮均","亮均分類表單同步 | 2026-06-23 11:33:39","1","","0","0","0","","2026-08-16 22:25:53.119+00","已有台語來源指派人但缺少台語review"
"21675","RD00056","高雄市","鼓山區","民強里","西藏街","直接標注","待審查","陳亮均","亮均分類表單同步 | 2026-06-23 11:33:39","1","","0","0","0","台語草稿送入失敗：Supabase RPC submit_satellite_annotation_draft HTTP 400: {""code"":""P0001"",""details"":null,""hint"":null,""message"":""satellite Taiwanese draft needs TaiHan1 and TL1""}","2026-08-16 22:25:53.119+00","已有台語來源指派人但缺少台語review"
"21679","RD00101","臺北市","中正區","建國里","桃源街","直接標注","待指派","","亮均分類表單同步 | 2026-06-23 11:33:39","1","","0","0","0","","2026-08-16 22:25:53.119+00","已有台語來源狀態但缺少台語review"
"21680","RD00102","臺北市","中正區","龍福里","日本街","直接標注","待指派","","亮均分類表單同步 | 2026-04-27 22:10:34","1","","0","0","0","","2026-08-16 22:25:53.119+00","已有台語來源狀態但缺少台語review"
"21682","RD00104","臺北市","中正區","新營里","愛國東路","直接標注","待指派","","亮均分類表單同步 | 2026-06-23 11:33:39","1","","0","0","0","","2026-08-16 22:25:53.119+00","已有台語來源狀態但缺少台語review"
"21683","RD00105","臺北市","中正區","幸福里","林森南路","直接標注","待指派","","亮均分類表單同步 | 2026-06-23 11:33:39","1","","0","0","0","","2026-08-16 22:25:53.119+00","已有台語來源狀態但缺少台語review"
"21688","RD00184","臺南市","柳營區","太康里","義士路","直接標注","待指派","","亮均分類表單同步 | 2026-04-27 22:10:34","1","","0","0","0","","2026-08-16 22:25:53.119+00","已有台語來源狀態但缺少台語review"
"21691","RD00260","苗栗縣","三義鄉","雙潭村","戰備道","直接標注","待指派","","亮均分類表單同步 | 2026-06-23 11:33:39","1","","0","0","0","","2026-08-16 22:25:53.119+00","已有台語來源狀態但缺少台語review"
"21693","RD00264","苗栗縣","卓蘭鎮","老庄里","陰陽路","直接標注","待指派","","亮均分類表單同步 | 2026-06-23 11:33:39","1","","0","0","0","","2026-08-16 22:25:53.119+00","已有台語來源狀態但缺少台語review"
"21694","RD00265","苗栗縣","竹南鎮","公義里","公義路","直接標注","待指派","","亮均分類表單同步 | 2026-06-23 11:33:39","1","","0","0","0","","2026-08-16 22:25:53.119+00","已有台語來源狀態但缺少台語review"
"21696","RD00401","花蓮縣","吉安鄉","吉安鄉","光華一街","直接標注","待指派","","亮均分類表單同步 | 2026-04-27 22:10:34","1","","0","0","0","","2026-08-16 22:25:53.119+00","已有台語來源狀態但缺少台語review"
"21697","RD00403","花蓮縣","吉安鄉","吉安鄉","吉興路","直接標注","待指派","","亮均分類表單同步 | 2026-06-23 11:33:39","1","","0","0","0","","2026-08-16 22:25:53.119+00","已有台語來源狀態但缺少台語review"
"21698","RD00404","花蓮縣","吉安鄉","吉安鄉","華中路","直接標注","待指派","","亮均分類表單同步 | 2026-06-23 11:33:39","1","","0","0","0","","2026-08-16 22:25:53.119+00","已有台語來源狀態但缺少台語review"
"21699","RD00405","花蓮縣","吉安鄉","吉安鄉","明仁三街","直接標注","待指派","","亮均分類表單同步 | 2026-06-23 11:33:39","1","","0","0","0","","2026-08-16 22:25:53.119+00","已有台語來源狀態但缺少台語review"
"21701","RD00410","花蓮縣","吉安鄉","吉安鄉","北昌三街","直接標注","待指派","","亮均分類表單同步 | 2026-06-23 11:33:39","1","","0","0","0","","2026-08-16 22:25:53.119+00","已有台語來源狀態但缺少台語review"
"21702","RD00417","花蓮縣","吉安鄉","吉安鄉","華興三街","直接標注","待指派","","亮均分類表單同步 | 2026-06-23 11:33:39","1","","0","0","0","","2026-08-16 22:25:53.119+00","已有台語來源狀態但缺少台語review"
"21703","RD00419","花蓮縣","吉安鄉","吉安鄉","南濱路","直接標注","待指派","","亮均分類表單同步 | 2026-06-23 11:33:39","1","","0","0","0","","2026-08-16 22:25:53.12+00","已有台語來源狀態但缺少台語review"
"21704","RD00701","花蓮縣","壽豐鄉","壽豐鄉","志昌街","直接標注","待指派","","亮均分類表單同步 | 2026-04-27 22:10:34","1","","0","0","0","","2026-08-16 22:25:53.12+00","已有台語來源狀態但缺少台語review"
"21705","RD00767","花蓮縣","富里鄉","富里鄉","慶光路","直接標注","待指派","","亮均分類表單同步 | 2026-06-23 11:33:39","1","","0","0","0","","2026-08-16 22:25:53.12+00","已有台語來源狀態但缺少台語review"
"21708","RD00792","花蓮縣","新城鄉","新城鄉","嘉新路","直接標注","待指派","","亮均分類表單同步 | 2026-06-23 11:33:39","1","","0","0","0","","2026-08-16 22:25:53.12+00","已有台語來源狀態但缺少台語review"
"21709","RD00882","花蓮縣","玉里鎮","玉里鎮","集賢街","直接標注","待指派","","亮均分類表單同步 | 2026-06-23 11:33:39","1","","0","0","0","","2026-08-16 22:25:53.12+00","已有台語來源狀態但缺少台語review"
"21710","RD00886","花蓮縣","玉里鎮","玉里鎮","協興街","直接標注","待指派","","亮均分類表單同步 | 2026-06-23 11:33:39","1","","0","0","0","","2026-08-16 22:25:53.12+00","已有台語來源狀態但缺少台語review"
"21711","RD00887","花蓮縣","玉里鎮","玉里鎮","樂園街","直接標注","待指派","","亮均分類表單同步 | 2026-06-23 11:33:39","1","","0","0","0","","2026-08-16 22:25:53.12+00","已有台語來源狀態但缺少台語review"
"21712","RD00968","花蓮縣","瑞穗鄉","瑞穗鄉","仁愛三街","直接標注","待指派","","亮均分類表單同步 | 2026-05-05 16:42:01","1","","0","0","0","","2026-08-16 22:25:53.12+00","已有台語來源狀態但缺少台語review"
"21713","RD00973","花蓮縣","瑞穗鄉","瑞穗鄉","市場街","直接標注","待指派","","亮均分類表單同步 | 2026-06-23 11:33:39","1","","0","0","0","","2026-08-16 22:25:53.12+00","已有台語來源狀態但缺少台語review"
"21714","RD00974","花蓮縣","瑞穗鄉","瑞穗鄉","成功南路","直接標注","待指派","","亮均分類表單同步 | 2026-06-23 11:33:39","1","","0","0","0","","2026-08-16 22:25:53.12+00","已有台語來源狀態但缺少台語review"
"21715","RD00983","花蓮縣","瑞穗鄉","瑞穗鄉","二聖路","直接標注","待指派","","亮均分類表單同步 | 2026-06-23 11:33:39","1","","0","0","0","","2026-08-16 22:25:53.12+00","已有台語來源狀態但缺少台語review"
"21716","RD00992","花蓮縣","瑞穗鄉","瑞穗鄉","七賢路","直接標注","待指派","","亮均分類表單同步 | 2026-06-23 11:33:39","1","","0","0","0","","2026-08-16 22:25:53.12+00","已有台語來源狀態但缺少台語review"
"21717","RD01066","花蓮縣","花蓮市","花蓮市","港口路","直接標注","待指派","","亮均分類表單同步 | 2026-06-23 11:33:39","1","","0","0","0","","2026-08-16 22:25:53.12+00","已有台語來源狀態但缺少台語review"
"21718","RD01067","花蓮縣","花蓮市","花蓮市","民權七街","直接標注","待指派","","亮均分類表單同步 | 2026-06-23 11:33:39","1","","0","0","0","","2026-08-16 22:25:53.12+00","已有台語來源狀態但缺少台語review"
"21719","RD01068","花蓮縣","花蓮市","花蓮市","國興一街","直接標注","待指派","","亮均分類表單同步 | 2026-06-23 11:33:39","1","","0","0","0","","2026-08-16 22:25:53.12+00","已有台語來源狀態但缺少台語review"
"21720","RD01070","花蓮縣","花蓮市","花蓮市","石壁街","直接標注","待指派","","亮均分類表單同步 | 2026-04-27 22:10:34","1","","0","0","0","","2026-08-16 22:25:53.12+00","已有台語來源狀態但缺少台語review"
"21721","RD01071","花蓮縣","花蓮市","花蓮市","有恆街","直接標注","待指派","","亮均分類表單同步 | 2026-06-23 11:33:39","1","","0","0","0","","2026-08-16 22:25:53.12+00","已有台語來源狀態但缺少台語review"
"21722","RD01072","花蓮縣","花蓮市","花蓮市","華泰街","直接標注","待指派","","亮均分類表單同步 | 2026-06-23 11:33:39","1","","0","0","0","","2026-08-16 22:25:53.12+00","已有台語來源狀態但缺少台語review"
"21723","RD01073","花蓮縣","花蓮市","花蓮市","國聯三路","直接標注","待指派","","亮均分類表單同步 | 2026-06-23 11:33:39","1","","0","0","0","","2026-08-16 22:25:53.12+00","已有台語來源狀態但缺少台語review"
"21724","RD01074","花蓮縣","花蓮市","花蓮市","北濱街","直接標注","待指派","","亮均分類表單同步 | 2026-06-23 11:33:39","1","","0","0","0","","2026-08-16 22:25:53.12+00","已有台語來源狀態但缺少台語review"
"21725","RD01075","花蓮縣","花蓮市","花蓮市","國聯二路","直接標注","待指派","","亮均分類表單同步 | 2026-06-23 11:33:39","1","","0","0","0","","2026-08-16 22:25:53.12+00","已有台語來源狀態但缺少台語review"
"21726","RD01077","花蓮縣","花蓮市","花蓮市","福德三街","直接標注","待指派","","亮均分類表單同步 | 2026-06-23 11:33:39","1","","0","0","0","","2026-08-16 22:25:53.12+00","已有台語來源狀態但缺少台語review"
"21728","RD01079","花蓮縣","花蓮市","花蓮市","順興路","直接標注","待指派","","亮均分類表單同步 | 2026-04-27 22:10:34","1","","0","0","0","","2026-08-16 22:25:53.12+00","已有台語來源狀態但缺少台語review"
"21729","RD01082","花蓮縣","花蓮市","花蓮市","商校街","直接標注","待指派","","亮均分類表單同步 | 2026-06-23 11:33:39","1","","0","0","0","","2026-08-16 22:25:53.12+00","已有台語來源狀態但缺少台語review"
"21730","RD01083","花蓮縣","花蓮市","花蓮市","國聯五路","直接標注","待指派","","亮均分類表單同步 | 2026-06-23 11:33:39","1","","0","0","0","","2026-08-16 22:25:53.12+00","已有台語來源狀態但缺少台語review"
"21731","RD01084","花蓮縣","花蓮市","花蓮市","廣東街","直接標注","待指派","","亮均分類表單同步 | 2026-06-23 11:33:39","1","","0","0","0","","2026-08-16 22:25:53.12+00","已有台語來源狀態但缺少台語review"
"21732","RD01085","花蓮縣","花蓮市","花蓮市","富安路","直接標注","待指派","","亮均分類表單同步 | 2026-06-23 11:33:39","1","","0","0","0","","2026-08-16 22:25:53.12+00","已有台語來源狀態但缺少台語review"
"21733","RD01087","花蓮縣","花蓮市","花蓮市","化道路","直接標注","待指派","","亮均分類表單同步 | 2026-06-23 11:33:39","1","","0","0","0","","2026-08-16 22:25:53.12+00","已有台語來源狀態但缺少台語review"
"21734","RD01088","花蓮縣","花蓮市","花蓮市","榮正街","直接標注","待指派","","亮均分類表單同步 | 2026-06-23 11:33:39","1","","0","0","0","","2026-08-16 22:25:53.12+00","已有台語來源狀態但缺少台語review"
"21735","RD01089","花蓮縣","花蓮市","花蓮市","新港街","直接標注","待指派","","亮均分類表單同步 | 2026-06-23 11:33:39","1","","0","0","0","","2026-08-16 22:25:53.12+00","已有台語來源狀態但缺少台語review"
"21736","RD01091","花蓮縣","花蓮市","花蓮市","明義街","直接標注","待指派","","亮均分類表單同步 | 2026-04-27 22:10:34","1","","0","0","0","","2026-08-16 22:25:53.12+00","已有台語來源狀態但缺少台語review"
"21737","RD01095","花蓮縣","花蓮市","花蓮市","國富二街","直接標注","待指派","","亮均分類表單同步 | 2026-06-23 11:33:39","1","","0","0","0","","2026-08-16 22:25:53.12+00","已有台語來源狀態但缺少台語review"
"21738","RD01101","花蓮縣","花蓮市","花蓮市","國富十街","直接標注","待指派","","亮均分類表單同步 | 2026-06-23 11:33:39","1","","0","0","0","","2026-08-16 22:25:53.12+00","已有台語來源狀態但缺少台語review"
"21739","RD01102","花蓮縣","花蓮市","花蓮市","富陽路","直接標注","待指派","","亮均分類表單同步 | 2026-06-23 11:33:39","1","","0","0","0","","2026-08-16 22:25:53.12+00","已有台語來源狀態但缺少台語review"
"21740","RD01346","花蓮縣","鳳林鎮","鳳林鎮","永信路","直接標注","待指派","","亮均分類表單同步 | 2026-06-23 11:33:39","1","","0","0","0","","2026-08-16 22:25:53.12+00","已有台語來源狀態但缺少台語review"
"21741","RD01359","花蓮縣","鳳林鎮","鳳林鎮","忠二路","直接標注","待指派","","亮均分類表單同步 | 2026-06-23 11:33:39","1","","0","0","0","","2026-08-16 22:25:53.12+00","已有台語來源狀態但缺少台語review"
"21742","RD01362","花蓮縣","鳳林鎮","鳳林鎮","長沙路","直接標注","待指派","","亮均分類表單同步 | 2026-06-23 11:33:39","1","","0","0","0","","2026-08-16 22:25:53.12+00","已有台語來源狀態但缺少台語review"
"21743","RD01364","花蓮縣","鳳林鎮","鳳林鎮","忠一路","直接標注","待指派","","亮均分類表單同步 | 2026-06-23 11:33:39","1","","0","0","0","","2026-08-16 22:25:53.12+00","已有台語來源狀態但缺少台語review"
"21744","RD_P00001","高雄市","三民區","","大享路","電話調查","待指派","","tanliangkun | 2026-06-18 15:54:49","1","","0","0","0","","2026-08-16 22:25:53.12+00","已有台語來源狀態但缺少台語review"
"21745","RD_P00002","高雄市","三民區","","光武路","電話調查","待審查","","tanliangkun | 2026-06-18 15:54:57","1","","0","0","0","","2026-08-16 22:25:53.12+00","已有台語來源狀態但缺少台語review"
"21746","RD_P00004","高雄市","三民區","","應昇路","電話調查","待審查","","tanliangkun | 2026-06-18 15:55:04","1","","0","0","0","","2026-08-16 22:25:53.12+00","已有台語來源狀態但缺少台語review"
"21747","RD_P00006","高雄市","三民區","","鐵新一街","電話調查","待審查","","tanliangkun | 2026-06-18 15:55:04","1","","0","0","0","","2026-08-16 22:25:53.12+00","已有台語來源狀態但缺少台語review"
"21748","RD_P00010","高雄市","三民區","","清華街","直接標注","待審查","","tanliangkun | 2026-06-18 15:55:18","1","","0","0","0","","2026-08-16 22:25:53.12+00","已有台語來源狀態但缺少台語review"
"21749","RD_P00011","高雄市","三民區","","博仁街","直接標注","待審查","","tanliangkun | 2026-06-18 15:55:23","1","","0","0","0","","2026-08-16 22:25:53.12+00","已有台語來源狀態但缺少台語review"
"21750","RD_P00012","高雄市","三民區","","鼎泰街","電話調查","待審查","","tanliangkun | 2026-06-18 15:55:23","1","","0","0","0","","2026-08-16 22:25:53.12+00","已有台語來源狀態但缺少台語review"
"21751","RD_P00013","高雄市","三民區","","鐵道二街","直接標注","待審查","","tanliangkun | 2026-06-18 15:58:08","1","","0","0","0","","2026-08-16 22:25:53.12+00","已有台語來源狀態但缺少台語review"
"21752","RD_P00014","高雄市","三民區","","九如三路","直接標注","待指派","","tanliangkun | 2026-06-18 15:58:02","1","","0","0","0","","2026-08-16 22:25:53.12+00","已有台語來源狀態但缺少台語review"
"21753","RD_P00015","高雄市","三民區","","十全一路","直接標注","待審查","","tanliangkun | 2026-06-18 15:58:15","1","","0","0","0","","2026-08-16 22:25:53.12+00","已有台語來源狀態但缺少台語review"
"21754","RD_P00016","高雄市","三民區","","十全三路","直接標注","待審查","","tanliangkun | 2026-06-18 15:58:16","1","","0","0","0","","2026-08-16 22:25:53.12+00","已有台語來源狀態但缺少台語review"
"21755","RD_P00020","高雄市","三民區","","山東街","電話調查","待審查","","tanliangkun | 2026-06-18 16:06:39","1","","0","0","0","","2026-08-16 22:25:53.12+00","已有台語來源狀態但缺少台語review"
"21756","RD_P00021","高雄市","三民區","","天民路","直接標注","待審查","","tanliangkun | 2026-06-18 15:58:30","1","","0","0","0","","2026-08-16 22:25:53.12+00","已有台語來源狀態但缺少台語review"
"21757","RD_P00022","高雄市","三民區","","文龍路","直接標注","待審查","","tanliangkun | 2026-06-18 15:58:36","1","","0","0","0","","2026-08-16 22:25:53.12+00","已有台語來源狀態但缺少台語review"
"21758","RD_P00023","高雄市","三民區","","文濱路","直接標注","待審查","","tanliangkun | 2026-06-18 15:58:35","1","","0","0","0","","2026-08-16 22:25:53.12+00","已有台語來源狀態但缺少台語review"
"21759","RD_P00030","高雄市","三民區","","克武路","直接標注","待審查","","APP審查撤回|APP|2026-06-08T22:36:30.972Z","1","","0","0","0","","2026-08-16 22:25:53.12+00","已有台語來源狀態但缺少台語review"
"21760","RD_P00038","高雄市","三民區","","美都路","直接標注","待指派","","L1總表匯入|2026-04-27 21:50:05","1","","0","0","0","","2026-08-16 22:25:53.12+00","已有台語來源狀態但缺少台語review"
"21761","RD_P00045","高雄市","三民區","","鼎文街","電話調查","待審查","","tanliangkun | 2026-06-18 16:06:55","1","","0","0","0","","2026-08-16 22:25:53.12+00","已有台語來源狀態但缺少台語review"
"21762","RD_P00047","高雄市","三民區","","嫩江街","電話調查","待審查","","tanliangkun | 2026-06-23 11:39:25","1","","0","0","0","","2026-08-16 22:25:53.12+00","已有台語來源狀態但缺少台語review"
"21763","RD_P00049","高雄市","三民區","","熱河一街","電話調查","待審查","","tanliangkun | 2026-06-18 16:06:55","1","","0","0","0","","2026-08-16 22:25:53.12+00","已有台語來源狀態但缺少台語review"
"21764","RD_P00051","高雄市","三民區","","禮明路","直接標注","待審查","","tanliangkun | 2026-06-18 15:58:45","1","","0","0","0","","2026-08-16 22:25:53.12+00","已有台語來源狀態但缺少台語review"
"21765","RD_P00052","高雄市","三民區","","灣興街","直接標注","待審查","","tanliangkun | 2026-06-18 15:58:33","1","","0","0","0","","2026-08-16 22:25:53.12+00","已有台語來源狀態但缺少台語review"
"21766","RD_P00053","高雄市","三民區","","十全二路","直接標注","待審查","","tanliangkun | 2026-06-18 15:58:36","1","","0","0","0","","2026-08-16 22:25:53.12+00","已有台語來源狀態但缺少台語review"
"21767","RD_P00058","高雄市","三民區","","天祥一路","直接標注","待審查","","tanliangkun | 2026-06-18 15:58:39","1","","0","0","0","","2026-08-16 22:25:53.12+00","已有台語來源狀態但缺少台語review"
"21768","RD_P00059","高雄市","三民區","","天祥二路","直接標注","待指派","","tanliangkun | 2026-06-18 15:58:40","1","","0","0","0","","2026-08-16 22:25:53.12+00","已有台語來源狀態但缺少台語review"
"21769","RD_P00061","高雄市","三民區","","同盟二路","直接標注","待審查","","tanliangkun | 2026-06-18 15:58:42","1","","0","0","0","","2026-08-16 22:25:53.12+00","已有台語來源狀態但缺少台語review"
"21770","RD_P00062","高雄市","三民區","","同盟三路","直接標注","待審查","","tanliangkun | 2026-06-18 15:58:41","1","","0","0","0","","2026-08-16 22:25:53.12+00","已有台語來源狀態但缺少台語review"
"21771","RD_P00063","高雄市","三民區","","有光路","電話調查","待審查","","tanliangkun | 2026-06-18 16:07:32","1","","0","0","0","","2026-08-16 22:25:53.12+00","已有台語來源狀態但缺少台語review"
"21772","RD_P00069","高雄市","三民區","","凱歌路","直接標注","待審查","","tanliangkun | 2026-06-18 16:07:41","1","","0","0","0","","2026-08-16 22:25:53.12+00","已有台語來源狀態但缺少台語review"
"21773","RD_P00071","高雄市","三民區","","熱河二街","電話調查","待審查","","tanliangkun | 2026-06-18 16:07:36","1","","0","0","0","","2026-08-16 22:25:53.12+00","已有台語來源狀態但缺少台語review"
"21774","RD_P00075","高雄市","三民區","","鐵道一街","直接標注","待審查","","tanliangkun | 2026-06-18 15:59:00","1","","0","0","0","","2026-08-16 22:25:53.12+00","已有台語來源狀態但缺少台語review"
"21775","RD_P00076","高雄市","三民區","","日全街","直接標注","待審查","","tanliangkun | 2026-06-18 15:59:05","1","","0","0","0","","2026-08-16 22:25:53.12+00","已有台語來源狀態但缺少台語review"
"21776","RD_P00079","高雄市","三民區","","同愛街","直接標注","待指派","","tanliangkun | 2026-06-18 15:59:03","1","","0","0","0","","2026-08-16 22:25:53.121+00","已有台語來源狀態但缺少台語review"
"21777","RD_P00085","高雄市","三民區","","凱旋一路","直接標注","待審查","","tanliangkun | 2026-06-18 15:59:06","1","","0","0","0","","2026-08-16 22:25:53.121+00","已有台語來源狀態但缺少台語review"
"21778","RD_P00088","高雄市","三民區","","聯興路","直接標注","待審查","","tanliangkun | 2026-06-18 15:59:06","1","","0","0","0","","2026-08-16 22:25:53.121+00","已有台語來源狀態但缺少台語review"
"21779","RD_P00099","高雄市","三民區","","澄和路","直接標注","待審查","","tanliangkun | 2026-06-18 16:07:49","1","","0","0","0","","2026-08-16 22:25:53.121+00","已有台語來源狀態但缺少台語review"
"21780","RD_P00100","高雄市","三民區","","澄明街","直接標注","待審查","","tanliangkun | 2026-06-18 16:07:52","1","","0","0","0","","2026-08-16 22:25:53.121+00","已有台語來源狀態但缺少台語review"
"21781","RD_P00106","高雄市","三民區","","自由一路","直接標注","待審查","","tanliangkun | 2026-06-18 15:59:08","1","","0","0","0","","2026-08-16 22:25:53.121+00","已有台語來源狀態但缺少台語review"
"21782","RD_P00125","高雄市","三民區","","同盟一路","直接標注","待審查","","tanliangkun | 2026-06-18 15:59:11","1","","0","0","0","","2026-08-16 22:25:53.121+00","已有台語來源狀態但缺少台語review"
"21783","RD_P00136","高雄市","三民區","","繼光街","直接標注","待審查","","tanliangkun | 2026-06-22 18:06:49","1","","0","0","0","","2026-08-16 22:25:53.121+00","已有台語來源狀態但缺少台語review"
"21784","RD_P00160","高雄市","三民區","","三鳳中街","現場調查","待指派","","tanliangkun | 2026-06-22 18:06:39","1","","0","0","0","","2026-08-16 22:25:53.121+00","已有台語來源狀態但缺少台語review"
"21785","RD_P00166","高雄市","三民區","","本館路","直接標注","待審查","","tanliangkun | 2026-06-18 16:07:28","1","","0","0","0","","2026-08-16 22:25:53.121+00","已有台語來源狀態但缺少台語review"
"21786","RD_P00337","高雄市","仁武區","","八德北路","直接標注","待審查","","tanliangkun | 2026-06-22 18:06:52","1","","0","0","0","","2026-08-16 22:25:53.121+00","已有台語來源狀態但缺少台語review"
"21787","RD_P00338","高雄市","仁武區","","京吉三路","電話調查","待審查","","tanliangkun | 2026-06-23 11:40:57","1","","0","0","0","","2026-08-16 22:25:53.121+00","已有台語來源狀態但缺少台語review"
"21788","RD_P00339","高雄市","仁武區","","林森巷","電話調查","待審查","","tanliangkun | 2026-06-23 11:40:57","1","","0","0","0","","2026-08-16 22:25:53.121+00","已有台語來源狀態但缺少台語review"
"21789","RD_P00341","高雄市","仁武區","","大正路","電話調查","待審查","","tanliangkun | 2026-06-23 11:40:54","1","","0","0","0","","2026-08-16 22:25:53.121+00","已有台語來源狀態但缺少台語review"
"21790","RD_P00344","高雄市","仁武區","","大禮街","電話調查","待審查","","tanliangkun | 2026-06-23 11:40:51","1","","0","0","0","","2026-08-16 22:25:53.121+00","已有台語來源狀態但缺少台語review"
"21791","RD_P00346","高雄市","仁武區","","霞海路","直接標注","待審查","","tanliangkun | 2026-06-23 11:40:45","1","","0","0","0","","2026-08-16 22:25:53.121+00","已有台語來源狀態但缺少台語review"
"21792","RD_P00348","高雄市","仁武區","","仁心路","直接標注","待指派","","tanliangkun | 2026-06-23 11:40:45","1","","0","0","0","","2026-08-16 22:25:53.121+00","已有台語來源狀態但缺少台語review"
"21793","RD_P00352","高雄市","仁武區","","永新五街","直接標注","待審查","","tanliangkun | 2026-06-23 11:40:45","1","","0","0","0","","2026-08-16 22:25:53.121+00","已有台語來源狀態但缺少台語review"
"21794","RD_P00355","高雄市","仁武區","","澄信街","直接標注","待審查","","tanliangkun | 2026-06-23 11:40:45","1","","0","0","0","","2026-08-16 22:25:53.121+00","已有台語來源狀態但缺少台語review"
"21795","RD_P00358","高雄市","仁武區","","八德中路","直接標注","待審查","","tanliangkun | 2026-06-23 11:40:45","1","","0","0","0","","2026-08-16 22:25:53.121+00","已有台語來源狀態但缺少台語review"
"21796","RD_P00359","高雄市","仁武區","","八德東路","直接標注","待審查","","tanliangkun | 2026-06-23 11:40:45","1","","0","0","0","","2026-08-16 22:25:53.121+00","已有台語來源狀態但缺少台語review"
"21797","RD_P00367","高雄市","仁武區","","澄觀路","直接標注","待審查","","tanliangkun | 2026-06-23 11:40:45","1","","0","0","0","","2026-08-16 22:25:53.121+00","已有台語來源狀態但缺少台語review"
"21798","RD_P00370","高雄市","仁武區","","義大二路","直接標注","待審查","","tanliangkun | 2026-06-23 11:40:40","1","","0","0","0","","2026-08-16 22:25:53.121+00","已有台語來源狀態但缺少台語review"
"21799","RD_P00375","高雄市","仁武區","","高鐵路","直接標注","待審查","","tanliangkun | 2026-06-23 11:40:39","1","","0","0","0","","2026-08-16 22:25:53.121+00","已有台語來源狀態但缺少台語review"
"21800","RD_P00377","高雄市","仁武區","","水管路","電話調查","待指派","","tanliangkun | 2026-06-23 11:40:24","1","","0","0","0","","2026-08-16 22:25:53.121+00","已有台語來源狀態但缺少台語review"
"21807","RD_P00742","高雄市","內門區","","內門","直接標注","待審查","","APP審查撤回|APP|2026-06-08T22:36:30.972Z","1","","0","0","0","","2026-08-16 22:25:53.121+00","已有台語來源狀態但缺少台語review"
"21811","RD_P00849","高雄市","前金區","","文武三街","直接標注","待審查","","tanliangkun | 2026-06-23 11:39:44","1","","0","0","0","","2026-08-16 22:25:53.121+00","已有台語來源狀態但缺少台語review"
"21812","RD_P00855","高雄市","前金區","","明星街","電話調查","待審查","","tanliangkun | 2026-06-23 11:39:50","1","","0","0","0","","2026-08-16 22:25:53.121+00","已有台語來源狀態但缺少台語review"
"21813","RD_P00903","高雄市","前鎮區","","天山路","電話調查","待審查","","tanliangkun | 2026-06-23 11:39:53","1","","0","0","0","","2026-08-16 22:25:53.121+00","已有台語來源狀態但缺少台語review"
"21814","RD_P00906","高雄市","前鎮區","","新大路","電話調查","待審查","","tanliangkun | 2026-07-06 13:13:41","1","","0","0","0","","2026-08-16 22:25:53.121+00","已有台語來源狀態但缺少台語review"
"21815","RD_P00909","高雄市","前鎮區","","管仲路","直接標注","待審查","","tanliangkun | 2026-07-06 13:14:40","1","","0","0","0","","2026-08-16 22:25:53.121+00","已有台語來源狀態但缺少台語review"
"21816","RD_P00910","高雄市","前鎮區","","天后街","直接標注","待指派","","tanliangkun | 2026-07-06 13:14:47","1","","0","0","0","","2026-08-16 22:25:53.121+00","已有台語來源狀態但缺少台語review"
"21817","RD_P00911","高雄市","前鎮區","","文橫三路","電話調查","待審查","","tanliangkun | 2026-07-06 13:14:50","1","","0","0","0","","2026-08-16 22:25:53.121+00","已有台語來源狀態但缺少台語review"
"21818","RD_P00914","高雄市","前鎮區","","東五街","電話調查","待審查","","tanliangkun | 2026-07-06 13:14:55","1","","0","0","0","","2026-08-16 22:25:53.121+00","已有台語來源狀態但缺少台語review"
"21819","RD_P00916","高雄市","前鎮區","","崗山西街","電話調查","待審查","","tanliangkun | 2026-07-06 13:15:03","1","","0","0","0","","2026-08-16 22:25:53.121+00","已有台語來源狀態但缺少台語review"
"21820","RD_P00917","高雄市","前鎮區","","凱興街","直接標注","待審查","","tanliangkun | 2026-07-06 13:15:05","1","","0","0","0","","2026-08-16 22:25:53.121+00","已有台語來源狀態但缺少台語review"
"21821","RD_P00922","高雄市","前鎮區","","二聖二路","直接標注","待審查","","tanliangkun | 2026-07-06 13:15:11","1","","0","0","0","","2026-08-16 22:25:53.121+00","已有台語來源狀態但缺少台語review"
"21822","RD_P00928","高雄市","前鎮區","","正勤路","電話調查","待審查","","tanliangkun | 2026-07-06 13:15:17","1","","0","0","0","","2026-08-16 22:25:53.121+00","已有台語來源狀態但缺少台語review"
"21823","RD_P00930","高雄市","前鎮區","","佛德街","電話調查","待審查","","tanliangkun | 2026-07-06 13:15:19","1","","0","0","0","","2026-08-16 22:25:53.122+00","已有台語來源狀態但缺少台語review"
"21824","RD_P00932","高雄市","前鎮區","","東二街","電話調查","待指派","","tanliangkun | 2026-07-06 13:22:14","1","","0","0","0","","2026-08-16 22:25:53.122+00","已有台語來源狀態但缺少台語review"
"21825","RD_P00933","高雄市","前鎮區","","東八街","電話調查","待審查","","tanliangkun | 2026-07-06 13:22:13","1","","0","0","0","","2026-08-16 22:25:53.122+00","已有台語來源狀態但缺少台語review"
"21826","RD_P00936","高雄市","前鎮區","","南七路","直接標注","待審查","","tanliangkun | 2026-07-06 13:22:13","1","","0","0","0","","2026-08-16 22:25:53.122+00","已有台語來源狀態但缺少台語review"
"21827","RD_P00938","高雄市","前鎮區","","建隆街","直接標注","待審查","","tanliangkun | 2026-07-06 13:22:13","1","","0","0","0","","2026-08-16 22:25:53.122+00","已有台語來源狀態但缺少台語review"
"21828","RD_P00941","高雄市","前鎮區","","班超路","直接標注","待審查","","tanliangkun | 2026-07-06 13:22:12","1","","0","0","0","","2026-08-16 22:25:53.122+00","已有台語來源狀態但缺少台語review"
"21829","RD_P00944","高雄市","前鎮區","","新衙路","電話調查","待審查","","tanliangkun | 2026-07-06 13:22:01","1","","0","0","0","","2026-08-16 22:25:53.122+00","已有台語來源狀態但缺少台語review"
"21830","RD_P00946","高雄市","前鎮區","","瑞田街","電話調查","待審查","","tanliangkun | 2026-07-06 13:22:08","1","","0","0","0","","2026-08-16 22:25:53.122+00","已有台語來源狀態但缺少台語review"
"21831","RD_P00947","高雄市","前鎮區","","瑞南街","直接標注","待審查","","tanliangkun | 2026-07-06 13:22:00","1","","0","0","0","","2026-08-16 22:25:53.122+00","已有台語來源狀態但缺少台語review"
"21832","RD_P00949","高雄市","前鎮區","","賢明路","直接標注","待指派","","tanliangkun | 2026-07-06 13:21:44","1","","0","0","0","","2026-08-16 22:25:53.122+00","已有台語來源狀態但缺少台語review"
"21833","RD_P00955","高雄市","前鎮區","","東六街","電話調查","待審查","","tanliangkun | 2026-07-06 13:21:45","1","","0","0","0","","2026-08-16 22:25:53.122+00","已有台語來源狀態但缺少台語review"
"21834","RD_P00956","高雄市","前鎮區","","前鎮街","直接標注","待審查","","tanliangkun | 2026-07-06 13:21:44","1","","0","0","0","","2026-08-16 22:25:53.122+00","已有台語來源狀態但缺少台語review"
"21835","RD_P00959","高雄市","前鎮區","","草衙二路","直接標注","待審查","","tanliangkun | 2026-07-06 13:21:44","1","","0","0","0","","2026-08-16 22:25:53.122+00","已有台語來源狀態但缺少台語review"
"21836","RD_P00963","高雄市","前鎮區","","籬仔內路","直接標注","待審查","","tanliangkun | 2026-07-06 13:21:44","1","","0","0","0","","2026-08-16 22:25:53.122+00","已有台語來源狀態但缺少台語review"
"21837","RD_P00971","高雄市","前鎮區","","金福路","直接標注","待審查","","tanliangkun | 2026-07-06 13:21:27","1","","0","0","0","","2026-08-16 22:25:53.122+00","已有台語來源狀態但缺少台語review"
"21838","RD_P00974","高雄市","前鎮區","","時代大道","電話調查","待審查","","tanliangkun | 2026-07-06 13:21:30","1","","0","0","0","","2026-08-16 22:25:53.122+00","已有台語來源狀態但缺少台語review"
"21839","RD_P00982","高雄市","前鎮區","","林森四路","直接標注","待審查","","tanliangkun | 2026-07-06 13:21:27","1","","0","0","0","","2026-08-16 22:25:53.122+00","已有台語來源狀態但缺少台語review"
"21840","RD_P00995","高雄市","前鎮區","","翠亨北路","直接標注","待指派","","tanliangkun | 2026-07-06 13:21:27","1","","0","0","0","","2026-08-16 22:25:53.122+00","已有台語來源狀態但缺少台語review"
"21841","RD_P01419","高雄市","大寮區","","民揚路","直接標注","待審查","","tanliangkun | 2026-06-23 11:46:35","1","","0","0","0","","2026-08-16 22:25:53.122+00","已有台語來源狀態但缺少台語review"
"21842","RD_P01424","高雄市","大寮區","","和發路","直接標注","待審查","","tanliangkun | 2026-06-23 11:46:47","1","","0","0","0","","2026-08-16 22:25:53.122+00","已有台語來源狀態但缺少台語review"
"21843","RD_P01430","高雄市","大寮區","","仁孝路","直接標注","待審查","","tanliangkun | 2026-06-23 11:46:47","1","","0","0","0","","2026-08-16 22:25:53.122+00","已有台語來源狀態但缺少台語review"
"21844","RD_P01431","高雄市","大寮區","","仁勇路","直接標注","待審查","","tanliangkun | 2026-06-23 11:46:47","1","","0","0","0","","2026-08-16 22:25:53.122+00","已有台語來源狀態但缺少台語review"
"21845","RD_P01446","高雄市","大寮區","","華中南路","直接標注","待審查","","tanliangkun | 2026-06-23 11:46:47","1","","0","0","0","","2026-08-16 22:25:53.122+00","已有台語來源狀態但缺少台語review"
"21846","RD_P01454","高雄市","大寮區","","鳳林四路","直接標注","待審查","","tanliangkun | 2026-06-23 11:46:47","1","","0","0","0","","2026-08-16 22:25:53.122+00","已有台語來源狀態但缺少台語review"
"21847","RD_P01463","高雄市","大寮區","","捷西路","電話調查","待審查","","tanliangkun | 2026-06-23 11:46:50","1","","0","0","0","","2026-08-16 22:25:53.122+00","已有台語來源狀態但缺少台語review"
"21848","RD_P01465","高雄市","大寮區","","鳳林二路","直接標注","待指派","","tanliangkun | 2026-06-23 11:46:47","1","","0","0","0","","2026-08-16 22:25:53.122+00","已有台語來源狀態但缺少台語review"
"21850","RD_P01781","高雄市","大樹區","","瓦厝街","直接標注","待審查","","tanliangkun | 2026-06-23 11:22:22","1","","0","0","0","","2026-08-16 22:25:53.122+00","已有台語來源狀態但缺少台語review"
"21851","RD_P01784","高雄市","大樹區","","中興東路","直接標注","待審查","","tanliangkun | 2026-06-23 11:22:28","1","","0","0","0","","2026-08-16 22:25:53.122+00","已有台語來源狀態但缺少台語review"
"21854","RD_P01861","高雄市","大社區","","嘉誠路","直接標注","待審查","","tanliangkun | 2026-06-29 10:11:42","1","","0","0","0","","2026-08-16 22:25:53.122+00","已有台語來源狀態但缺少台語review"
"21855","RD_P01870","高雄市","大社區","","嘉保路","直接標注","待審查","","tanliangkun | 2026-06-29 10:11:46","1","","0","0","0","","2026-08-16 22:25:53.122+00","已有台語來源狀態但缺少台語review"
"21856","RD_P01958","高雄市","小港區","","平和東路","直接標注","待指派","","tanliangkun | 2026-07-06 13:19:11","1","","0","0","0","","2026-08-16 22:25:53.122+00","已有台語來源狀態但缺少台語review"
"21857","RD_P01960","高雄市","小港區","","港源街","直接標注","待審查","","tanliangkun | 2026-07-06 13:19:35","1","","0","0","0","","2026-08-16 22:25:53.122+00","已有台語來源狀態但缺少台語review"
"21858","RD_P01961","高雄市","小港區","","孔鳳路","電話調查","待審查","","tanliangkun | 2026-07-06 13:19:37","1","","0","0","0","","2026-08-16 22:25:53.122+00","已有台語來源狀態但缺少台語review"
"21859","RD_P01962","高雄市","小港區","","台機路","直接標注","待審查","","tanliangkun | 2026-07-06 13:19:52","1","","0","0","0","","2026-08-16 22:25:53.122+00","已有台語來源狀態但缺少台語review"
"21860","RD_P01963","高雄市","小港區","","東亞南路","直接標注","待審查","","APP審查撤回|APP|2026-06-08T22:47:30.401Z","1","","0","0","0","","2026-08-16 22:25:53.122+00","已有台語來源狀態但缺少台語review"
"21861","RD_P01965","高雄市","小港區","","茂林街","電話調查","待審查","","APP審查撤回|APP|2026-06-08T22:27:36.743Z","1","","0","0","0","","2026-08-16 22:25:53.122+00","已有台語來源狀態但缺少台語review"
"21862","RD_P01967","高雄市","小港區","","鳳北路","直接標注","待審查","","APP審查撤回|APP|2026-06-08T22:27:49.166Z","1","","0","0","0","","2026-08-16 22:25:53.122+00","已有台語來源狀態但缺少台語review"
"21863","RD_P01972","高雄市","小港區","","光和路","電話調查","待審查","","tanliangkun | 2026-07-06 13:19:56","1","","0","0","0","","2026-08-16 22:25:53.122+00","已有台語來源狀態但缺少台語review"
"21864","RD_P01973","高雄市","小港區","","明聖街","直接標注","待指派","","tanliangkun | 2026-07-06 13:19:59","1","","0","0","0","","2026-08-16 22:25:53.122+00","已有台語來源狀態但缺少台語review"
"21865","RD_P01974","高雄市","小港區","","松崗路","電話調查","待審查","","tanliangkun | 2026-07-06 13:20:03","1","","0","0","0","","2026-08-16 22:25:53.122+00","已有台語來源狀態但缺少台語review"
"21866","RD_P01975","高雄市","小港區","","沿海三路","直接標注","待審查","","tanliangkun | 2026-07-06 13:20:06","1","","0","0","0","","2026-08-16 22:25:53.122+00","已有台語來源狀態但缺少台語review"
"21867","RD_P01981","高雄市","小港區","","港壽街","直接標注","待審查","","tanliangkun | 2026-07-06 13:20:08","1","","0","0","0","","2026-08-16 22:25:53.122+00","已有台語來源狀態但缺少台語review"
"21868","RD_P01986","高雄市","小港區","","沿海二路","直接標注","待審查","","tanliangkun | 2026-07-06 13:20:09","1","","0","0","0","","2026-08-16 22:25:53.122+00","已有台語來源狀態但缺少台語review"
"21869","RD_P01987","高雄市","小港區","","金府路","直接標注","待審查","","tanliangkun | 2026-07-06 13:20:10","1","","0","0","0","","2026-08-16 22:25:53.122+00","已有台語來源狀態但缺少台語review"
"21870","RD_P01988","高雄市","小港區","","高松路","電話調查","待審查","","tanliangkun | 2026-07-06 13:20:13","1","","0","0","0","","2026-08-16 22:25:53.122+00","已有台語來源狀態但缺少台語review"
"21871","RD_P01992","高雄市","小港區","","翠亨南路","直接標注","待審查","","tanliangkun | 2026-07-06 13:20:15","1","","0","0","0","","2026-08-16 22:25:53.122+00","已有台語來源狀態但缺少台語review"
"21872","RD_P01993","高雄市","小港區","","二苓路","電話調查","待指派","","tanliangkun | 2026-07-06 13:20:17","1","","0","0","0","","2026-08-16 22:25:53.122+00","已有台語來源狀態但缺少台語review"
"21873","RD_P01994","高雄市","小港區","","大業北路","電話調查","待審查","","tanliangkun | 2026-07-06 13:20:22","1","","0","0","0","","2026-08-16 22:25:53.122+00","已有台語來源狀態但缺少台語review"
"21874","RD_P01999","高雄市","小港區","","洲際路","直接標注","待審查","","tanliangkun | 2026-07-06 13:20:25","1","","0","0","0","","2026-08-16 22:25:53.122+00","已有台語來源狀態但缺少台語review"
"21875","RD_P02001","高雄市","小港區","","中鋼路","電話調查","待審查","","tanliangkun | 2026-07-06 13:19:30","1","","0","0","0","","2026-08-16 22:25:53.122+00","已有台語來源狀態但缺少台語review"
"21876","RD_P02002","高雄市","小港區","","高鳳路","直接標注","待審查","","tanliangkun | 2026-07-06 13:19:26","1","","0","0","0","","2026-08-16 22:25:53.122+00","已有台語來源狀態但缺少台語review"
"21877","RD_P02007","高雄市","小港區","","南星路","電話調查","待審查","","tanliangkun | 2026-07-06 13:19:20","1","","0","0","0","","2026-08-16 22:25:53.122+00","已有台語來源狀態但缺少台語review"
"21878","RD_P02358","高雄市","岡山區","","本工五路","電話調查","待審查","","tanliangkun | 2026-06-29 10:17:41","1","","0","0","0","","2026-08-16 22:25:53.122+00","已有台語來源狀態但缺少台語review"
"21879","RD_P02359","高雄市","岡山區","","頂潭路","直接標注","待審查","","tanliangkun | 2026-06-29 10:17:43","1","","0","0","0","","2026-08-16 22:25:53.122+00","已有台語來源狀態但缺少台語review"
"21880","RD_P02361","高雄市","岡山區","","潭底路","直接標注","待指派","","tanliangkun | 2026-06-29 10:17:52","1","","0","0","0","","2026-08-16 22:25:53.122+00","已有台語來源狀態但缺少台語review"
"21881","RD_P02362","高雄市","岡山區","","一德路","直接標注","待審查","","tanliangkun | 2026-06-29 10:17:52","1","","0","0","0","","2026-08-16 22:25:53.122+00","已有台語來源狀態但缺少台語review"
"21882","RD_P02366","高雄市","岡山區","","大德一路","電話調查","待審查","","tanliangkun | 2026-06-29 10:17:52","1","","0","0","0","","2026-08-16 22:25:53.122+00","已有台語來源狀態但缺少台語review"
"21883","RD_P02369","高雄市","岡山區","","光潭路","電話調查","待審查","","tanliangkun | 2026-06-29 10:18:01","1","","0","0","0","","2026-08-16 22:25:53.122+00","已有台語來源狀態但缺少台語review"
"21884","RD_P02373","高雄市","岡山區","","岡山北路","直接標注","待審查","","tanliangkun | 2026-06-29 10:18:21","1","","0","0","0","","2026-08-16 22:25:53.122+00","已有台語來源狀態但缺少台語review"
"21885","RD_P02376","高雄市","岡山區","","國軒路","電話調查","待審查","","tanliangkun | 2026-06-29 10:21:13","1","","0","0","0","","2026-08-16 22:25:53.122+00","已有台語來源狀態但缺少台語review"
"21886","RD_P02378","高雄市","岡山區","","捷安路","電話調查","待審查","","tanliangkun | 2026-06-29 10:21:23","1","","0","0","0","","2026-08-16 22:25:53.122+00","已有台語來源狀態但缺少台語review"
"21887","RD_P02379","高雄市","岡山區","","聖森路","電話調查","待審查","","tanliangkun | 2026-06-29 10:21:43","1","","0","0","0","","2026-08-16 22:25:53.122+00","已有台語來源狀態但缺少台語review"
"21888","RD_P02380","高雄市","岡山區","","嘉新東路","直接標注","待指派","","tanliangkun | 2026-06-29 10:20:05","1","","0","0","0","","2026-08-16 22:25:53.122+00","已有台語來源狀態但缺少台語review"
"21889","RD_P02382","高雄市","岡山區","","壽天路","直接標注","待審查","","tanliangkun | 2026-06-29 10:20:03","1","","0","0","0","","2026-08-16 22:25:53.122+00","已有台語來源狀態但缺少台語review"
"21890","RD_P02384","高雄市","岡山區","","鵬程路","電話調查","待審查","","tanliangkun | 2026-06-29 10:21:57","1","","0","0","0","","2026-08-16 22:25:53.122+00","已有台語來源狀態但缺少台語review"
"21891","RD_P02385","高雄市","岡山區","","寶米路","直接標注","待審查","","tanliangkun | 2026-06-29 10:20:01","1","","0","0","0","","2026-08-16 22:25:53.122+00","已有台語來源狀態但缺少台語review"
"21892","RD_P02389","高雄市","岡山區","","岡榮路","電話調查","待審查","","tanliangkun | 2026-06-29 10:19:57","1","","0","0","0","","2026-08-16 22:25:53.123+00","已有台語來源狀態但缺少台語review"
"21893","RD_P02401","高雄市","岡山區","","介壽東路","直接標注","待審查","","tanliangkun | 2026-06-29 10:19:55","1","","0","0","0","","2026-08-16 22:25:53.123+00","已有台語來源狀態但缺少台語review"
"21894","RD_P02415","高雄市","岡山區","","河華路","直接標注","待審查","","tanliangkun | 2026-06-29 10:19:49","1","","0","0","0","","2026-08-16 22:25:53.123+00","已有台語來源狀態但缺少台語review"
"21895","RD_P02639","高雄市","左營區","","孔營路","電話調查","待審查","","tanliangkun | 2026-07-06 13:22:35","1","","0","0","0","","2026-08-16 22:25:53.123+00","已有台語來源狀態但缺少台語review"
"21896","RD_P02642","高雄市","左營區","","安吉街","電話調查","待指派","","tanliangkun | 2026-07-06 13:22:42","1","","0","0","0","","2026-08-16 22:25:53.123+00","已有台語來源狀態但缺少台語review"
"21897","RD_P02644","高雄市","左營區","","新正路","電話調查","待審查","","tanliangkun | 2026-07-06 13:22:48","1","","0","0","0","","2026-08-16 22:25:53.123+00","已有台語來源狀態但缺少台語review"
"21898","RD_P02646","高雄市","左營區","","榮耀街","直接標注","待審查","","tanliangkun | 2026-07-06 13:22:52","1","","0","0","0","","2026-08-16 22:25:53.123+00","已有台語來源狀態但缺少台語review"
"21899","RD_P02647","高雄市","左營區","","緯九路","電話調查","待審查","","tanliangkun | 2026-07-06 13:22:54","1","","0","0","0","","2026-08-16 22:25:53.123+00","已有台語來源狀態但缺少台語review"
"21900","RD_P02648","高雄市","左營區","","立中路","直接標注","待審查","","tanliangkun | 2026-07-06 13:22:59","1","","0","0","0","","2026-08-16 22:25:53.123+00","已有台語來源狀態但缺少台語review"
"21901","RD_P02649","高雄市","左營區","","西陵街","電話調查","待審查","","tanliangkun | 2026-07-06 13:23:01","1","","0","0","0","","2026-08-16 22:25:53.123+00","已有台語來源狀態但缺少台語review"
"21902","RD_P02650","高雄市","左營區","","重政路","直接標注","待審查","","tanliangkun | 2026-07-06 13:23:06","1","","0","0","0","","2026-08-16 22:25:53.123+00","已有台語來源狀態但缺少台語review"
"21903","RD_P02652","高雄市","左營區","","華泰路","直接標注","待審查","","tanliangkun | 2026-07-06 13:23:06","1","","0","0","0","","2026-08-16 22:25:53.123+00","已有台語來源狀態但缺少台語review"
"21904","RD_P02653","高雄市","左營區","","榮佑路","直接標注","待指派","","tanliangkun | 2026-07-06 13:23:08","1","","0","0","0","","2026-08-16 22:25:53.123+00","已有台語來源狀態但缺少台語review"
"21905","RD_P02656","高雄市","左營區","","文守路","直接標注","待審查","","tanliangkun | 2026-07-06 13:23:10","1","","0","0","0","","2026-08-16 22:25:53.123+00","已有台語來源狀態但缺少台語review"
"21906","RD_P02657","高雄市","左營區","","文育路","直接標注","待審查","","tanliangkun | 2026-07-06 13:23:11","1","","0","0","0","","2026-08-16 22:25:53.123+00","已有台語來源狀態但缺少台語review"
"21907","RD_P02658","高雄市","左營區","","文府路","直接標注","待審查","","tanliangkun | 2026-07-06 13:23:12","1","","0","0","0","","2026-08-16 22:25:53.123+00","已有台語來源狀態但缺少台語review"
"21908","RD_P02660","高雄市","左營區","","正心街","直接標注","待審查","","tanliangkun | 2026-07-06 13:23:18","1","","0","0","0","","2026-08-16 22:25:53.123+00","已有台語來源狀態但缺少台語review"
"21909","RD_P02662","高雄市","左營區","","立文路","直接標注","待審查","","tanliangkun | 2026-07-06 13:23:30","1","","0","0","0","","2026-08-16 22:25:53.123+00","已有台語來源狀態但缺少台語review"
"21910","RD_P02663","高雄市","左營區","","立信路","直接標注","待審查","","tanliangkun | 2026-07-06 13:23:32","1","","0","0","0","","2026-08-16 22:25:53.123+00","已有台語來源狀態但缺少台語review"
"21911","RD_P02665","高雄市","左營區","","洲仔北街","直接標注","待審查","","tanliangkun | 2026-07-06 13:23:35","1","","0","0","0","","2026-08-16 22:25:53.123+00","已有台語來源狀態但缺少台語review"
"21912","RD_P02666","高雄市","左營區","","重文街","直接標注","待指派","","tanliangkun | 2026-07-06 13:23:38","1","","0","0","0","","2026-08-16 22:25:53.123+00","已有台語來源狀態但缺少台語review"
"21913","RD_P02668","高雄市","左營區","","重和路","直接標注","待審查","","tanliangkun | 2026-07-06 13:23:38","1","","0","0","0","","2026-08-16 22:25:53.123+00","已有台語來源狀態但缺少台語review"
"21914","RD_P02670","高雄市","左營區","","海富路","直接標注","待審查","","APP審查撤回|APP|2026-06-08T22:47:08.114Z","1","","0","0","0","","2026-08-16 22:25:53.123+00","已有台語來源狀態但缺少台語review"
"21915","RD_P02671","高雄市","左營區","","海景街","直接標注","待審查","","APP審查撤回|APP|2026-06-08T22:47:18.918Z","1","","0","0","0","","2026-08-16 22:25:53.123+00","已有台語來源狀態但缺少台語review"
"21916","RD_P02673","高雄市","左營區","","華欣路","直接標注","待審查","","tanliangkun | 2026-07-06 13:23:40","1","","0","0","0","","2026-08-16 22:25:53.123+00","已有台語來源狀態但缺少台語review"
"21917","RD_P02674","高雄市","左營區","","新上街","電話調查","待審查","","tanliangkun | 2026-07-06 13:23:39","1","","0","0","0","","2026-08-16 22:25:53.123+00","已有台語來源狀態但缺少台語review"
"21918","RD_P02676","高雄市","左營區","","翠峰路","直接標注","待審查","","APP審查撤回|APP|2026-06-08T22:27:49.166Z","1","","0","0","0","","2026-08-16 22:25:53.123+00","已有台語來源狀態但缺少台語review"
"21919","RD_P02677","高雄市","左營區","","緯六路","電話調查","待審查","","APP審查撤回|APP|2026-06-08T22:36:30.972Z","1","","0","0","0","","2026-08-16 22:25:53.123+00","已有台語來源狀態但缺少台語review"
"21920","RD_P02681","高雄市","左營區","","先鋒路","直接標注","待指派","","L1總表匯入|2026-04-27 21:50:05","1","","0","0","0","","2026-08-16 22:25:53.123+00","已有台語來源狀態但缺少台語review"
"21921","RD_P02683","高雄市","左營區","","忠言路","直接標注","待審查","","tanliangkun | 2026-06-18 15:57:28","1","","0","0","0","","2026-08-16 22:25:53.123+00","已有台語來源狀態但缺少台語review"
"21922","RD_P02685","高雄市","左營區","","修明街","直接標注","待審查","","tanliangkun | 2026-06-18 15:57:28","1","","0","0","0","","2026-08-16 22:25:53.123+00","已有台語來源狀態但缺少台語review"
"21923","RD_P02689","高雄市","左營區","","自由三路","直接標注","待審查","","tanliangkun | 2026-06-18 15:57:23","1","","0","0","0","","2026-08-16 22:25:53.123+00","已有台語來源狀態但缺少台語review"
"21924","RD_P02694","高雄市","左營區","","環潭路","電話調查","待審查","","tanliangkun | 2026-06-18 15:57:27","1","","0","0","0","","2026-08-16 22:25:53.123+00","已有台語來源狀態但缺少台語review"
"21925","RD_P02708","高雄市","左營區","","明潭路","直接標注","待審查","","tanliangkun | 2026-06-18 15:57:21","1","","0","0","0","","2026-08-16 22:25:53.123+00","已有台語來源狀態但缺少台語review"
"21926","RD_P02994","高雄市","新興區","","復橫一路","電話調查","待審查","","tanliangkun | 2026-06-23 11:43:50","1","","0","0","0","","2026-08-16 22:25:53.123+00","已有台語來源狀態但缺少台語review"
"21927","RD_P02996","高雄市","新興區","","文橫一路","電話調查","待審查","","tanliangkun | 2026-06-23 11:43:56","1","","0","0","0","","2026-08-16 22:25:53.123+00","已有台語來源狀態但缺少台語review"
"21928","RD_P02998","高雄市","新興區","","南華一路","直接標注","待指派","","tanliangkun | 2026-06-23 11:43:56","1","","0","0","0","","2026-08-16 22:25:53.123+00","已有台語來源狀態但缺少台語review"
"21929","RD_P03002","高雄市","新興區","","民主橫路","電話調查","待審查","","tanliangkun | 2026-06-23 11:44:04","1","","0","0","0","","2026-08-16 22:25:53.123+00","已有台語來源狀態但缺少台語review"
"21930","RD_P03004","高雄市","新興區","","玉竹二街","電話調查","待審查","","tanliangkun | 2026-06-23 11:44:04","1","","0","0","0","","2026-08-16 22:25:53.123+00","已有台語來源狀態但缺少台語review"
"21931","RD_P03006","高雄市","新興區","","尚文街","電話調查","待審查","","tanliangkun | 2026-06-23 11:44:04","1","","0","0","0","","2026-08-16 22:25:53.123+00","已有台語來源狀態但缺少台語review"
"21932","RD_P03010","高雄市","新興區","","渤海街","電話調查","待審查","","tanliangkun | 2026-06-23 11:44:18","1","","0","0","0","","2026-08-16 22:25:53.123+00","已有台語來源狀態但缺少台語review"
"21933","RD_P03020","高雄市","新興區","","開封路","直接標注","待審查","","tanliangkun | 2026-06-23 11:44:12","1","","0","0","0","","2026-08-16 22:25:53.123+00","已有台語來源狀態但缺少台語review"
"21936","RD_P03274","高雄市","旗津區","","南汕巷","直接標注","待指派","","tanliangkun | 2026-06-23 11:42:36","1","","0","0","0","","2026-08-16 22:25:53.124+00","已有台語來源狀態但缺少台語review"
"21937","RD_P03275","高雄市","旗津區","","發祥街","直接標注","待審查","","tanliangkun | 2026-06-23 11:42:52","1","","0","0","0","","2026-08-16 22:25:53.124+00","已有台語來源狀態但缺少台語review"
"21938","RD_P03276","高雄市","旗津區","","大關路","現場調查","待審查","","tanliangkun | 2026-06-23 11:42:51","1","","0","0","0","","2026-08-16 22:25:53.124+00","已有台語來源狀態但缺少台語review"
"21939","RD_P03279","高雄市","旗津區","","旗津一路","直接標注","待審查","","tanliangkun | 2026-06-23 11:42:54","1","","0","0","0","","2026-08-16 22:25:53.124+00","已有台語來源狀態但缺少台語review"
"21940","RD_P03281","高雄市","旗津區","","上竹巷","電話調查","待審查","","tanliangkun | 2026-06-23 11:42:57","1","","0","0","0","","2026-08-16 22:25:53.124+00","已有台語來源狀態但缺少台語review"
"21941","RD_P03284","高雄市","旗津區","","南沙","現場調查","待審查","","APP審查撤回|APP|2026-06-08T22:27:36.743Z","1","","0","0","0","","2026-08-16 22:25:53.124+00","已有台語來源狀態但缺少台語review"
"21942","RD_P03357","高雄市","林園區","","中門路","電話調查","待審查","","tanliangkun | 2026-06-23 11:42:17","1","","0","0","0","","2026-08-16 22:25:53.124+00","已有台語來源狀態但缺少台語review"
"21943","RD_P03358","高雄市","林園區","","北汕二路","直接標注","待審查","","tanliangkun | 2026-06-23 11:42:20","1","","0","0","0","","2026-08-16 22:25:53.124+00","已有台語來源狀態但缺少台語review"
"21944","RD_P03359","高雄市","林園區","","中芸三路","電話調查","待指派","","tanliangkun | 2026-06-23 11:42:18","1","","0","0","0","","2026-08-16 22:25:53.124+00","已有台語來源狀態但缺少台語review"
"21945","RD_P03389","高雄市","林園區","","魚塭","電話調查","待審查","","tanliangkun | 2026-06-23 11:42:29","1","","0","0","0","","2026-08-16 22:25:53.124+00","已有台語來源狀態但缺少台語review"
"21946","RD_P03502","高雄市","梓官區","","赤崁北路","直接標注","待審查","","tanliangkun | 2026-06-23 11:43:31","1","","0","0","0","","2026-08-16 22:25:53.124+00","已有台語來源狀態但缺少台語review"
"21947","RD_P03588","高雄市","楠梓區","","三山街","電話調查","待審查","","APP審查撤回|APP|2026-06-08T22:47:18.918Z","1","","0","0","0","","2026-08-16 22:25:53.124+00","已有台語來源狀態但缺少台語review"
"21948","RD_P03589","高雄市","楠梓區","","土庫一路","電話調查","待審查","","tanliangkun | 2026-07-06 13:23:42","1","","0","0","0","","2026-08-16 22:25:53.124+00","已有台語來源狀態但缺少台語review"
"21949","RD_P03591","高雄市","楠梓區","","清豐路","直接標注","待審查","","tanliangkun | 2026-07-06 13:23:45","1","","0","0","0","","2026-08-16 22:25:53.124+00","已有台語來源狀態但缺少台語review"
"21950","RD_P03592","高雄市","楠梓區","","惠春街","直接標注","待審查","","tanliangkun | 2026-07-06 13:23:54","1","","0","0","0","","2026-08-16 22:25:53.124+00","已有台語來源狀態但缺少台語review"
"21951","RD_P03593","高雄市","楠梓區","","朝新路","電話調查","待審查","","tanliangkun | 2026-07-06 13:23:56","1","","0","0","0","","2026-08-16 22:25:53.124+00","已有台語來源狀態但缺少台語review"
"21952","RD_P03597","高雄市","楠梓區","","信昌街","直接標注","待指派","","tanliangkun | 2026-07-06 13:23:58","1","","0","0","0","","2026-08-16 22:25:53.124+00","已有台語來源狀態但缺少台語review"
"21953","RD_P03598","高雄市","楠梓區","","建楠路","直接標注","待審查","","tanliangkun | 2026-07-06 13:24:04","1","","0","0","0","","2026-08-16 22:25:53.124+00","已有台語來源狀態但缺少台語review"
"21954","RD_P03599","高雄市","楠梓區","","益群路","直接標注","待審查","","tanliangkun | 2026-07-06 13:24:04","1","","0","0","0","","2026-08-16 22:25:53.124+00","已有台語來源狀態但缺少台語review"
"21955","RD_P03602","高雄市","楠梓區","","惠正街","直接標注","待審查","","tanliangkun | 2026-07-06 13:24:04","1","","0","0","0","","2026-08-16 22:25:53.124+00","已有台語來源狀態但缺少台語review"
"21956","RD_P03603","高雄市","楠梓區","","惠義街","直接標注","待審查","","tanliangkun | 2026-07-06 13:24:04","1","","0","0","0","","2026-08-16 22:25:53.124+00","已有台語來源狀態但缺少台語review"
"21957","RD_P03604","高雄市","楠梓區","","園區北路","直接標注","待審查","","tanliangkun | 2026-07-06 13:24:04","1","","0","0","0","","2026-08-16 22:25:53.124+00","已有台語來源狀態但缺少台語review"
"21958","RD_P03606","高雄市","楠梓區","","學專路","直接標注","待審查","","tanliangkun | 2026-07-06 13:24:04","1","","0","0","0","","2026-08-16 22:25:53.124+00","已有台語來源狀態但缺少台語review"
"21959","RD_P03607","高雄市","楠梓區","","寶溪南街","直接標注","待審查","","tanliangkun | 2026-07-06 13:24:04","1","","0","0","0","","2026-08-16 22:25:53.124+00","已有台語來源狀態但缺少台語review"
"21960","RD_P03609","高雄市","楠梓區","","土庫六路","電話調查","待指派","","tanliangkun | 2026-07-06 13:24:10","1","","0","0","0","","2026-08-16 22:25:53.124+00","已有台語來源狀態但缺少台語review"
"21961","RD_P03614","高雄市","楠梓區","","外環西路","電話調查","待審查","","tanliangkun | 2026-06-29 17:00:24","1","","0","0","0","","2026-08-16 22:25:53.124+00","已有台語來源狀態但缺少台語review"
"21962","RD_P03618","高雄市","楠梓區","","清成街","直接標注","待審查","","tanliangkun | 2026-07-06 13:24:35","1","","0","0","0","","2026-08-16 22:25:53.124+00","已有台語來源狀態但缺少台語review"
"21963","RD_P03619","高雄市","楠梓區","","惠豐街","直接標注","待審查","","tanliangkun | 2026-07-06 13:24:36","1","","0","0","0","","2026-08-16 22:25:53.124+00","已有台語來源狀態但缺少台語review"
"21964","RD_P03621","高雄市","楠梓區","","瑞屏路","電話調查","待審查","","tanliangkun | 2026-07-06 13:24:17","1","","0","0","0","","2026-08-16 22:25:53.124+00","已有台語來源狀態但缺少台語review"
"21965","RD_P03624","高雄市","楠梓區","","鳳楠路","直接標注","待審查","","tanliangkun | 2026-07-06 13:24:36","1","","0","0","0","","2026-08-16 22:25:53.124+00","已有台語來源狀態但缺少台語review"
"21966","RD_P03626","高雄市","楠梓區","","德富街","直接標注","待審查","","APP審查撤回|APP|2026-06-08T22:27:49.166Z","1","","0","0","0","","2026-08-16 22:25:53.124+00","已有台語來源狀態但缺少台語review"
"21967","RD_P03627","高雄市","楠梓區","","大學東路","直接標注","待審查","","APP審查撤回|APP|2026-06-08T22:36:30.972Z","1","","0","0","0","","2026-08-16 22:25:53.124+00","已有台語來源狀態但缺少台語review"
"21968","RD_P03629","高雄市","楠梓區","","卓越路","直接標注","待指派","","tanliangkun | 2026-07-06 13:25:03","1","","0","0","0","","2026-08-16 22:25:53.124+00","已有台語來源狀態但缺少台語review"
"21969","RD_P03632","高雄市","楠梓區","","援中路","現場調查","待審查","","tanliangkun | 2026-07-06 13:24:59","1","","0","0","0","","2026-08-16 22:25:53.124+00","已有台語來源狀態但缺少台語review"
"21970","RD_P03633","高雄市","楠梓區","","智昌街","直接標注","待審查","","tanliangkun | 2026-07-06 13:24:35","1","","0","0","0","","2026-08-16 22:25:53.124+00","已有台語來源狀態但缺少台語review"
"21971","RD_P03636","高雄市","楠梓區","","德惠路","直接標注","待審查","","tanliangkun | 2026-07-06 13:24:37","1","","0","0","0","","2026-08-16 22:25:53.124+00","已有台語來源狀態但缺少台語review"
"21972","RD_P03644","高雄市","楠梓區","","海專路","直接標注","待審查","","tanliangkun | 2026-07-06 13:24:38","1","","0","0","0","","2026-08-16 22:25:53.124+00","已有台語來源狀態但缺少台語review"
"21973","RD_P03646","高雄市","楠梓區","","大學西路","電話調查","待審查","","tanliangkun | 2026-07-06 13:24:49","1","","0","0","0","","2026-08-16 22:25:53.124+00","已有台語來源狀態但缺少台語review"
"21974","RD_P03647","高雄市","楠梓區","","左楠路","直接標注","待審查","","tanliangkun | 2026-07-06 13:24:52","1","","0","0","0","","2026-08-16 22:25:53.124+00","已有台語來源狀態但缺少台語review"
"21975","RD_P03653","高雄市","楠梓區","","藍田路","現場調查","待審查","","tanliangkun | 2026-07-06 13:24:52","1","","0","0","0","","2026-08-16 22:25:53.124+00","已有台語來源狀態但缺少台語review"
"21976","RD_P03654","高雄市","楠梓區","","大學南路","直接標注","待指派","","tanliangkun | 2026-07-06 13:24:53","1","","0","0","0","","2026-08-16 22:25:53.124+00","已有台語來源狀態但缺少台語review"
"21977","RD_P03887","高雄市","橋頭區","","甲樹路","電話調查","待審查","","tanliangkun | 2026-06-29 10:18:41","1","","0","0","0","","2026-08-16 22:25:53.124+00","已有台語來源狀態但缺少台語review"
"21978","RD_P03888","高雄市","橋頭區","","通燕路","直接標注","待審查","","tanliangkun | 2026-06-29 10:18:43","1","","0","0","0","","2026-08-16 22:25:53.124+00","已有台語來源狀態但缺少台語review"
"21979","RD_P03889","高雄市","橋頭區","","甲典街","直接標注","待審查","","tanliangkun | 2026-06-29 10:18:43","1","","0","0","0","","2026-08-16 22:25:53.124+00","已有台語來源狀態但缺少台語review"
"21980","RD_P03891","高雄市","橋頭區","","橋新六路","電話調查","待審查","","tanliangkun | 2026-06-29 10:18:49","1","","0","0","0","","2026-08-16 22:25:53.125+00","已有台語來源狀態但缺少台語review"
"21981","RD_P03895","高雄市","橋頭區","","橋都路","電話調查","待審查","","tanliangkun | 2026-06-29 10:18:52","1","","0","0","0","","2026-08-16 22:25:53.125+00","已有台語來源狀態但缺少台語review"
"21982","RD_P03897","高雄市","橋頭區","","芋寮路","直接標注","待審查","","tanliangkun | 2026-06-29 10:18:54","1","","0","0","0","","2026-08-16 22:25:53.125+00","已有台語來源狀態但缺少台語review"
"21983","RD_P03901","高雄市","橋頭區","","典昌路","直接標注","待審查","","tanliangkun | 2026-06-29 10:18:55","1","","0","0","0","","2026-08-16 22:25:53.125+00","已有台語來源狀態但缺少台語review"
"21984","RD_P04359","高雄市","燕巢區","","角宿路","現場調查","待指派","","tanliangkun | 2026-06-29 10:19:20","1","","0","0","0","","2026-08-16 22:25:53.125+00","已有台語來源狀態但缺少台語review"
"21985","RD_P04360","高雄市","燕巢區","","深水路","電話調查","待審查","","tanliangkun | 2026-06-29 10:19:24","1","","0","0","0","","2026-08-16 22:25:53.125+00","已有台語來源狀態但缺少台語review"
"21986","RD_P04364","高雄市","燕巢區","","義大路","電話調查","待審查","","tanliangkun | 2026-06-29 10:19:43","1","","0","0","0","","2026-08-16 22:25:53.125+00","已有台語來源狀態但缺少台語review"
"21987","RD_P04480","高雄市","田寮區","","七星路","電話調查","待審查","","tanliangkun | 2026-06-23 11:44:26","1","","0","0","0","","2026-08-16 22:25:53.125+00","已有台語來源狀態但缺少台語review"
"21992","RD_P04675","高雄市","苓雅區","","政南街","直接標注","待指派","","tanliangkun | 2026-06-23 11:44:52","1","","0","0","0","","2026-08-16 22:25:53.125+00","已有台語來源狀態但缺少台語review"
"21993","RD_P04676","高雄市","苓雅區","","苓安路","直接標注","待審查","","tanliangkun | 2026-06-23 11:44:57","1","","0","0","0","","2026-08-16 22:25:53.125+00","已有台語來源狀態但缺少台語review"
"21994","RD_P04681","高雄市","苓雅區","","尚武路","電話調查","待審查","","tanliangkun | 2026-06-23 11:45:24","1","","0","0","0","","2026-08-16 22:25:53.125+00","已有台語來源狀態但缺少台語review"
"21995","RD_P04682","高雄市","苓雅區","","武漢街","直接標注","待審查","","tanliangkun | 2026-06-23 11:45:14","1","","0","0","0","","2026-08-16 22:25:53.125+00","已有台語來源狀態但缺少台語review"
"21996","RD_P04684","高雄市","苓雅區","","英祥街","直接標注","待審查","","tanliangkun | 2026-06-23 11:45:18","1","","0","0","0","","2026-08-16 22:25:53.125+00","已有台語來源狀態但缺少台語review"
"21997","RD_P04687","高雄市","苓雅區","","中東街","電話調查","待審查","","tanliangkun | 2026-06-23 11:45:28","1","","0","0","0","","2026-08-16 22:25:53.125+00","已有台語來源狀態但缺少台語review"
"21998","RD_P04688","高雄市","苓雅區","","四維一路","直接標注","待審查","","tanliangkun | 2026-06-23 11:45:20","1","","0","0","0","","2026-08-16 22:25:53.125+00","已有台語來源狀態但缺少台語review"
"21999","RD_P04696","高雄市","苓雅區","","林南街","電話調查","待審查","","tanliangkun | 2026-06-23 11:45:31","1","","0","0","0","","2026-08-16 22:25:53.125+00","已有台語來源狀態但缺少台語review"
"22000","RD_P04701","高雄市","苓雅區","","英雄路","直接標注","待指派","","L1總表匯入|2026-04-27 21:50:05","1","","0","0","0","","2026-08-16 22:25:53.125+00","已有台語來源狀態但缺少台語review"
"22001","RD_P04702","高雄市","苓雅區","","苓雅一路","直接標注","待審查","","APP審查撤回|APP|2026-06-08T22:46:56.311Z","1","","0","0","0","","2026-08-16 22:25:53.125+00","已有台語來源狀態但缺少台語review"
"22002","RD_P04703","高雄市","苓雅區","","廣州一街","電話調查","待審查","","tanliangkun | 2026-06-23 11:45:38","1","","0","0","0","","2026-08-16 22:25:53.125+00","已有台語來源狀態但缺少台語review"
"22003","RD_P04704","高雄市","苓雅區","","樂仁路","電話調查","待審查","","tanliangkun | 2026-06-23 11:45:40","1","","0","0","0","","2026-08-16 22:25:53.125+00","已有台語來源狀態但缺少台語review"
"22004","RD_P04930","高雄市","路竹區","","金平路","電話調查","待審查","","tanliangkun | 2026-06-23 11:44:47","1","","0","0","0","","2026-08-16 22:25:53.125+00","已有台語來源狀態但缺少台語review"
"22005","RD_P05024","高雄市","阿蓮區","","青旗","電話調查","待審查","","tanliangkun | 2026-06-23 11:45:49","1","","0","0","0","","2026-08-16 22:25:53.125+00","已有台語來源狀態但缺少台語review"
"22006","RD_P05026","高雄市","阿蓮區","","環球路","電話調查","待審查","","tanliangkun | 2026-06-23 11:45:49","1","","0","0","0","","2026-08-16 22:25:53.125+00","已有台語來源狀態但缺少台語review"
"22007","RD_P05030","高雄市","阿蓮區","","崗山","電話調查","待審查","","tanliangkun | 2026-06-23 11:45:49","1","","0","0","0","","2026-08-16 22:25:53.125+00","已有台語來源狀態但缺少台語review"
"22008","RD_P05033","高雄市","阿蓮區","","再興","電話調查","待指派","","tanliangkun | 2026-06-23 11:45:49","1","","0","0","0","","2026-08-16 22:25:53.125+00","已有台語來源狀態但缺少台語review"
"22009","RD_P05096","高雄市","鳥松區","","美庄路","電話調查","待審查","","tanliangkun | 2026-06-23 11:45:52","1","","0","0","0","","2026-08-16 22:25:53.125+00","已有台語來源狀態但缺少台語review"
"22010","RD_P05107","高雄市","鳥松區","","松藝路","電話調查","待審查","","tanliangkun | 2026-06-23 11:45:52","1","","0","0","0","","2026-08-16 22:25:53.125+00","已有台語來源狀態但缺少台語review"
"22011","RD_P05111","高雄市","鳥松區","","濱湖路","直接標注","待審查","","tanliangkun | 2026-06-23 11:45:57","1","","0","0","0","","2026-08-16 22:25:53.125+00","已有台語來源狀態但缺少台語review"
"22012","RD_P05117","高雄市","鳥松區","","球場路","電話調查","待審查","","tanliangkun | 2026-06-23 11:45:57","1","","0","0","0","","2026-08-16 22:25:53.125+00","已有台語來源狀態但缺少台語review"
"22013","RD_P05295","高雄市","鳳山區","","中崙一路","電話調查","待審查","","tanliangkun | 2026-07-06 13:17:18","1","","0","0","0","","2026-08-16 22:25:53.125+00","已有台語來源狀態但缺少台語review"
"22014","RD_P05297","高雄市","鳳山區","","文雅東街","直接標注","待審查","","tanliangkun | 2026-07-06 13:17:22","1","","0","0","0","","2026-08-16 22:25:53.125+00","已有台語來源狀態但缺少台語review"
"22015","RD_P05302","高雄市","鳳山區","","園茂路","電話調查","待審查","","tanliangkun | 2026-07-06 13:17:28","1","","0","0","0","","2026-08-16 22:25:53.125+00","已有台語來源狀態但缺少台語review"
"22016","RD_P05303","高雄市","鳳山區","","園盛路","電話調查","待指派","","tanliangkun | 2026-07-06 13:17:31","1","","0","0","0","","2026-08-16 22:25:53.125+00","已有台語來源狀態但缺少台語review"
"22017","RD_P05304","高雄市","鳳山區","","園墘路","電話調查","待審查","","tanliangkun | 2026-07-06 13:17:31","1","","0","0","0","","2026-08-16 22:25:53.125+00","已有台語來源狀態但缺少台語review"
"22018","RD_P05305","高雄市","鳳山區","","瑞光街","電話調查","待審查","","APP審查撤回|APP|2026-06-08T22:47:08.114Z","1","","0","0","0","","2026-08-16 22:25:53.125+00","已有台語來源狀態但缺少台語review"
"22019","RD_P05307","高雄市","鳳山區","","鳳捷路","電話調查","待審查","","tanliangkun | 2026-07-06 13:17:38","1","","0","0","0","","2026-08-16 22:25:53.125+00","已有台語來源狀態但缺少台語review"
"22020","RD_P05310","高雄市","鳳山區","","天興街","直接標注","待審查","","tanliangkun | 2026-07-06 13:17:43","1","","0","0","0","","2026-08-16 22:25:53.125+00","已有台語來源狀態但缺少台語review"
"22021","RD_P05315","高雄市","鳳山區","","保南二路","直接標注","待審查","","tanliangkun | 2026-07-06 13:17:55","1","","0","0","0","","2026-08-16 22:25:53.125+00","已有台語來源狀態但缺少台語review"
"22022","RD_P05316","高雄市","鳳山區","","保華一路","直接標注","待審查","","tanliangkun | 2026-07-06 13:17:55","1","","0","0","0","","2026-08-16 22:25:53.125+00","已有台語來源狀態但缺少台語review"
"22023","RD_P05317","高雄市","鳳山區","","保華二路","直接標注","待審查","","tanliangkun | 2026-07-06 13:17:55","1","","0","0","0","","2026-08-16 22:25:53.125+00","已有台語來源狀態但缺少台語review"
"22024","RD_P05319","高雄市","鳳山區","","勝中路","直接標注","待指派","","tanliangkun | 2026-07-06 13:17:55","1","","0","0","0","","2026-08-16 22:25:53.125+00","已有台語來源狀態但缺少台語review"
"22025","RD_P05321","高雄市","鳳山區","","黃埔路","電話調查","待審查","","tanliangkun | 2026-07-06 13:17:50","1","","0","0","0","","2026-08-16 22:25:53.125+00","已有台語來源狀態但缺少台語review"
"22026","RD_P05325","高雄市","鳳山區","","過勇路","電話調查","待審查","","tanliangkun | 2026-07-06 13:17:57","1","","0","0","0","","2026-08-16 22:25:53.125+00","已有台語來源狀態但缺少台語review"
"22027","RD_P05328","高雄市","鳳山區","","鎮北街","直接標注","待審查","","tanliangkun | 2026-07-06 13:17:10","1","","0","0","0","","2026-08-16 22:25:53.125+00","已有台語來源狀態但缺少台語review"
"22028","RD_P05338","高雄市","鳳山區","","文鳳路","直接標注","待審查","","tanliangkun | 2026-07-06 13:17:07","1","","0","0","0","","2026-08-16 22:25:53.125+00","已有台語來源狀態但缺少台語review"
"22029","RD_P05352","高雄市","鳳山區","","油管路","電話調查","待審查","","APP審查撤回|APP|2026-06-08T22:27:36.743Z","1","","0","0","0","","2026-08-16 22:25:53.125+00","已有台語來源狀態但缺少台語review"
"22030","RD_P05353","高雄市","鳳山區","","紅毛港路","電話調查","待審查","","APP審查撤回|APP|2026-06-08T22:27:49.166Z","1","","0","0","0","","2026-08-16 22:25:53.125+00","已有台語來源狀態但缺少台語review"
"22031","RD_P05354","高雄市","鳳山區","","海洋一路","直接標注","待審查","","tanliangkun | 2026-07-06 13:17:07","1","","0","0","0","","2026-08-16 22:25:53.125+00","已有台語來源狀態但缺少台語review"
"22032","RD_P05355","高雄市","鳳山區","","海涵路","電話調查","待指派","","tanliangkun | 2026-07-06 13:17:04","1","","0","0","0","","2026-08-16 22:25:53.126+00","已有台語來源狀態但缺少台語review"
"22033","RD_P05357","高雄市","鳳山區","","頂豐街","直接標注","待審查","","tanliangkun | 2026-07-06 13:16:50","1","","0","0","0","","2026-08-16 22:25:53.126+00","已有台語來源狀態但缺少台語review"
"22034","RD_P05360","高雄市","鳳山區","","黃埔三村","電話調查","待審查","","tanliangkun | 2026-07-06 13:16:47","1","","0","0","0","","2026-08-16 22:25:53.126+00","已有台語來源狀態但缺少台語review"
"22035","RD_P05364","高雄市","鳳山區","","鳳南路","直接標注","待審查","","tanliangkun | 2026-07-06 13:16:42","1","","0","0","0","","2026-08-16 22:25:53.126+00","已有台語來源狀態但缺少台語review"
"22036","RD_P05369","高雄市","鳳山區","","文仁街","直接標注","待審查","","tanliangkun | 2026-07-06 13:16:35","1","","0","0","0","","2026-08-16 22:25:53.126+00","已有台語來源狀態但缺少台語review"
"22037","RD_P05379","高雄市","鳳山區","","曹公路","電話調查","待審查","","tanliangkun | 2026-07-06 13:16:32","1","","0","0","0","","2026-08-16 22:25:53.126+00","已有台語來源狀態但缺少台語review"
"22038","RD_P05380","高雄市","鳳山區","","瑞隆東路","直接標注","待審查","","tanliangkun | 2026-07-06 13:16:22","1","","0","0","0","","2026-08-16 22:25:53.126+00","已有台語來源狀態但缺少台語review"
"22039","RD_P05389","高雄市","鳳山區","","善美路","直接標注","待審查","","tanliangkun | 2026-07-06 13:16:22","1","","0","0","0","","2026-08-16 22:25:53.126+00","已有台語來源狀態但缺少台語review"
"22040","RD_P05390","高雄市","鳳山區","","維武路","直接標注","待指派","","tanliangkun | 2026-07-06 13:16:22","1","","0","0","0","","2026-08-16 22:25:53.126+00","已有台語來源狀態但缺少台語review"
"22041","RD_P05399","高雄市","鳳山區","","溪濱路","直接標注","待審查","","tanliangkun | 2026-07-06 13:16:16","1","","0","0","0","","2026-08-16 22:25:53.126+00","已有台語來源狀態但缺少台語review"
"22042","RD_P05405","高雄市","鳳山區","","花園街","電話調查","待審查","","tanliangkun | 2026-07-06 13:16:15","1","","0","0","0","","2026-08-16 22:25:53.126+00","已有台語來源狀態但缺少台語review"
"22043","RD_P05424","高雄市","鳳山區","","文龍東路","電話調查","待審查","","tanliangkun | 2026-07-06 13:16:10","1","","0","0","0","","2026-08-16 22:25:53.126+00","已有台語來源狀態但缺少台語review"
"22044","RD_P05832","高雄市","鹽埕區","","安石街","電話調查","待審查","","tanliangkun | 2026-06-23 11:41:16","1","","0","0","0","","2026-08-16 22:25:53.126+00","已有台語來源狀態但缺少台語review"
"22045","RD_P05835","高雄市","鹽埕區","","必信街","直接標注","待審查","","tanliangkun | 2026-06-23 11:41:23","1","","0","0","0","","2026-08-16 22:25:53.126+00","已有台語來源狀態但缺少台語review"
"22046","RD_P05841","高雄市","鹽埕區","","新化街","直接標注","待審查","","tanliangkun | 2026-06-23 11:41:29","1","","0","0","0","","2026-08-16 22:25:53.126+00","已有台語來源狀態但缺少台語review"
"22047","RD_P05846","高雄市","鹽埕區","","北斗街","直接標注","待審查","","tanliangkun | 2026-06-23 11:41:35","1","","0","0","0","","2026-08-16 22:25:53.126+00","已有台語來源狀態但缺少台語review"
"22048","RD_P05850","高雄市","鹽埕區","","河西路","電話調查","待指派","","tanliangkun | 2026-06-23 11:41:37","1","","0","0","0","","2026-08-16 22:25:53.126+00","已有台語來源狀態但缺少台語review"
"22049","RD_P05871","高雄市","鼓山區","","日昌路","直接標注","待審查","","tanliangkun | 2026-06-18 15:57:21","1","","0","0","0","","2026-08-16 22:25:53.126+00","已有台語來源狀態但缺少台語review"
"22050","RD_P05872","高雄市","鼓山區","","河川街","直接標注","待審查","","tanliangkun | 2026-06-18 15:57:21","1","","0","0","0","","2026-08-16 22:25:53.126+00","已有台語來源狀態但缺少台語review"
"22051","RD_P05873","高雄市","鼓山區","","美術東八街","電話調查","待審查","","tanliangkun | 2026-06-18 15:57:06","1","","0","0","0","","2026-08-16 22:25:53.126+00","已有台語來源狀態但缺少台語review"
"22052","RD_P05874","高雄市","鼓山區","","捷興二街","電話調查","待審查","","tanliangkun | 2026-06-18 15:57:06","1","","0","0","0","","2026-08-16 22:25:53.126+00","已有台語來源狀態但缺少台語review"
"22053","RD_P05875","高雄市","鼓山區","","新疆路","電話調查","待審查","","tanliangkun | 2026-06-18 15:57:04","1","","0","0","0","","2026-08-16 22:25:53.126+00","已有台語來源狀態但缺少台語review"
"22054","RD_P05876","高雄市","鼓山區","","綠川街","電話調查","待審查","","tanliangkun | 2026-06-18 15:56:53","1","","0","0","0","","2026-08-16 22:25:53.126+00","已有台語來源狀態但缺少台語review"
"22055","RD_P05877","高雄市","鼓山區","","濱海二路","直接標注","待審查","","APP審查撤回|APP|2026-06-08T22:36:30.972Z","1","","0","0","0","","2026-08-16 22:25:53.126+00","已有台語來源狀態但缺少台語review"
"22056","RD_P05878","高雄市","鼓山區","","臨海一路","直接標注","待指派","","L1總表匯入|2026-04-27 21:50:05","1","","0","0","0","","2026-08-16 22:25:53.126+00","已有台語來源狀態但缺少台語review"
"22057","RD_P05881","高雄市","鼓山區","","蓮海路","直接標注","待審查","","tanliangkun | 2026-06-18 15:56:47","1","","0","0","0","","2026-08-16 22:25:53.126+00","已有台語來源狀態但缺少台語review"
"22058","RD_P05885","高雄市","鼓山區","","美術東三路","電話調查","待審查","","tanliangkun | 2026-06-18 15:56:35","1","","0","0","0","","2026-08-16 22:25:53.126+00","已有台語來源狀態但缺少台語review"
"22059","RD_P05888","高雄市","鼓山區","","新德路","直接標注","待審查","","tanliangkun | 2026-06-18 15:55:42","1","","0","0","0","","2026-08-16 22:25:53.126+00","已有台語來源狀態但缺少台語review"
"22060","RD_P05891","高雄市","鼓山區","","鼓元街","直接標注","待審查","","tanliangkun | 2026-06-18 15:55:43","1","","0","0","0","","2026-08-16 22:25:53.127+00","已有台語來源狀態但缺少台語review"
"22061","RD_P05892","高雄市","鼓山區","","銀川街","直接標注","待審查","","tanliangkun | 2026-06-18 15:55:38","1","","0","0","0","","2026-08-16 22:25:53.127+00","已有台語來源狀態但缺少台語review"
"22062","RD_P05893","高雄市","鼓山區","","銘傳路","直接標注","待審查","","tanliangkun | 2026-06-18 15:55:35","1","","0","0","0","","2026-08-16 22:25:53.127+00","已有台語來源狀態但缺少台語review"
"22063","RD_P05897","高雄市","鼓山區","","千光路","電話調查","待審查","","APP審查撤回|APP|2026-06-08T22:36:30.972Z","1","","0","0","0","","2026-08-16 22:25:53.127+00","已有台語來源狀態但缺少台語review"
"22064","RD_P05900","高雄市","鼓山區","","河西一路","電話調查","待指派","","L1總表匯入|2026-04-27 21:50:05","1","","0","0","0","","2026-08-16 22:25:53.127+00","已有台語來源狀態但缺少台語review"
"22065","RD_P05902","高雄市","鼓山區","","哨船街","電話調查","待審查","","tanliangkun | 2026-06-18 15:55:53","1","","0","0","0","","2026-08-16 22:25:53.127+00","已有台語來源狀態但缺少台語review"
"22066","RD_P05904","高雄市","鼓山區","","馬卡道路","現場調查","待審查","","tanliangkun | 2026-06-18 15:55:31","1","","0","0","0","","2026-08-16 22:25:53.127+00","已有台語來源狀態但缺少台語review"
"22067","RD_P05907","高雄市","鼓山區","","濱海一路","直接標注","待審查","","tanliangkun | 2026-06-18 15:55:57","1","","0","0","0","","2026-08-16 22:25:53.127+00","已有台語來源狀態但缺少台語review"
"22068","RD_P05909","高雄市","鼓山區","","美明路","直接標注","待審查","","tanliangkun | 2026-06-18 15:55:57","1","","0","0","0","","2026-08-16 22:25:53.127+00","已有台語來源狀態但缺少台語review"
"22069","RD_P05911","高雄市","鼓山區","","臨海二路","直接標注","待審查","","tanliangkun | 2026-06-18 15:56:29","1","","0","0","0","","2026-08-16 22:25:53.127+00","已有台語來源狀態但缺少台語review"
"22070","RD_P05925","高雄市","鼓山區","","美術館路","直接標注","待審查","","tanliangkun | 2026-06-18 15:56:34","1","","0","0","0","","2026-08-16 22:25:53.127+00","已有台語來源狀態但缺少台語review"
"22071","RD_P05927","高雄市","鼓山區","","慶豐街","直接標注","待審查","","tanliangkun | 2026-06-18 15:56:32","1","","0","0","0","","2026-08-16 22:25:53.127+00","已有台語來源狀態但缺少台語review"
"22072","RD_P05938","高雄市","鼓山區","","厚德路","電話調查","待指派","","tanliangkun | 2026-06-18 15:56:31","1","","0","0","0","","2026-08-16 22:25:53.127+00","已有台語來源狀態但缺少台語review"
"22073","RD_P05940","高雄市","鼓山區","","龍德新路","電話調查","待審查","","tanliangkun | 2026-06-18 15:56:34","1","","0","0","0","","2026-08-16 22:25:53.127+00","已有台語來源狀態但缺少台語review"
"22074","RD_P06006","新北市","三峽區","","隆恩街","直接標注","待審查","","APP審查撤回|APP|2026-06-08T22:47:08.114Z","1","","0","0","0","","2026-08-16 22:25:53.127+00","已有台語來源狀態但缺少台語review"
"22075","RD_P06013","新北市","三峽區","","國學街","直接標注","待審查","","APP審查撤回|APP|2026-06-08T22:47:18.918Z","1","","0","0","0","","2026-08-16 22:25:53.127+00","已有台語來源狀態但缺少台語review"
"22077","RD_P06025","新北市","三峽區","","國民街","直接標注","待審查","","APP審查撤回|APP|2026-06-08T22:27:36.743Z","1","","0","0","0","","2026-08-16 22:25:53.127+00","已有台語來源狀態但缺少台語review"
"22081","RD_P06209","新北市","三重區","","元信一街","直接標注","待審查","","APP審查撤回|APP|2026-06-08T22:46:56.311Z","1","","0","0","0","","2026-08-16 22:25:53.127+00","已有台語來源狀態但缺少台語review"
"22082","RD_P06210","新北市","三重區","","元富二街","直接標注","待審查","","APP審查撤回|APP|2026-06-08T22:47:08.114Z","1","","0","0","0","","2026-08-16 22:25:53.127+00","已有台語來源狀態但缺少台語review"
"22084","RD_P06225","新北市","三重區","","集成路","直接標注","待審查","","APP審查撤回|APP|2026-06-08T22:47:30.401Z","1","","0","0","0","","2026-08-16 22:25:53.127+00","已有台語來源狀態但缺少台語review"
"22085","RD_P06418","新北市","中和區","","中原東街","直接標注","待審查","","APP審查撤回|APP|2026-06-08T22:27:36.743Z","1","","0","0","0","","2026-08-16 22:25:53.127+00","已有台語來源狀態但缺少台語review"
"22087","RD_P06422","新北市","中和區","","建一路","直接標注","待審查","","APP審查撤回|APP|2026-06-08T22:36:30.972Z","1","","0","0","0","","2026-08-16 22:25:53.127+00","已有台語來源狀態但缺少台語review"
"22088","RD_P06521","新北市","五股區","","水碓二路","直接標注","待指派","","tanliangkun | 2026-05-07 10:26:20","1","","0","0","0","","2026-08-16 22:25:53.127+00","已有台語來源狀態但缺少台語review"
"22089","RD_P06522","新北市","五股區","","芳洲八路","直接標注","待審查","","APP審查撤回|APP|2026-06-08T22:46:56.311Z","1","","0","0","0","","2026-08-16 22:25:53.127+00","已有台語來源狀態但缺少台語review"
"22093","RD_P06531","新北市","五股區","","外寮路","直接標注","待審查","","APP審查撤回|APP|2026-06-08T22:27:36.743Z","1","","0","0","0","","2026-08-16 22:25:53.128+00","已有台語來源狀態但缺少台語review"
"22096","RD_P06716","新北市","土城區","","亞洲路","直接標注","待指派","","tanliangkun | 2026-05-07 10:27:03","1","","0","0","0","","2026-08-16 22:25:53.128+00","已有台語來源狀態但缺少台語review"
"22100","RD_P06938","新北市","新店區","","寶強路","直接標注","待審查","","APP審查撤回|APP|2026-06-08T22:47:30.401Z","1","","0","0","0","","2026-08-16 22:25:53.128+00","已有台語來源狀態但缺少台語review"
"22101","RD_P06939","新北市","新店區","","十四張路","直接標注","待審查","","APP審查撤回|APP|2026-06-08T22:27:36.743Z","1","","0","0","0","","2026-08-16 22:25:53.128+00","已有台語來源狀態但缺少台語review"
"22102","RD_P06941","新北市","新店區","","禾豐九路","直接標注","待審查","","APP審查撤回|APP|2026-06-08T22:27:49.166Z","1","","0","0","0","","2026-08-16 22:25:53.128+00","已有台語來源狀態但缺少台語review"
"22104","RD_P06947","新北市","新店區","","央北二路","直接標注","待指派","","tanliangkun | 2026-05-07 10:28:33","1","","0","0","0","","2026-08-16 22:25:53.128+00","已有台語來源狀態但缺少台語review"
"22105","RD_P06963","新北市","新店區","","大學街","直接標注","待審查","","APP審查撤回|APP|2026-06-08T22:46:56.311Z","1","","0","0","0","","2026-08-16 22:25:53.128+00","已有台語來源狀態但缺少台語review"
"22107","RD_P07186","新北市","新莊區","","新知八路","直接標注","待審查","","APP審查撤回|APP|2026-06-08T22:47:18.918Z","1","","0","0","0","","2026-08-16 22:25:53.128+00","已有台語來源狀態但缺少台語review"
"22108","RD_P07194","新北市","新莊區","","立信五街","直接標注","待審查","","APP審查撤回|APP|2026-06-08T22:47:30.401Z","1","","0","0","0","","2026-08-16 22:25:53.128+00","已有台語來源狀態但缺少台語review"
"22109","RD_P07197","新北市","新莊區","","幸福東路","直接標注","待審查","","APP審查撤回|APP|2026-06-08T22:27:36.743Z","1","","0","0","0","","2026-08-16 22:25:53.128+00","已有台語來源狀態但缺少台語review"
"22110","RD_P07198","新北市","新莊區","","昌德街","直接標注","待審查","","APP審查撤回|APP|2026-06-08T22:27:49.166Z","1","","0","0","0","","2026-08-16 22:25:53.128+00","已有台語來源狀態但缺少台語review"
"22111","RD_P07199","新北市","新莊區","","明中街","直接標注","待審查","","APP審查撤回|APP|2026-06-08T22:36:30.972Z","1","","0","0","0","","2026-08-16 22:25:53.128+00","已有台語來源狀態但缺少台語review"
"22112","RD_P07202","新北市","新莊區","","新知三路","直接標注","待指派","","tanliangkun | 2026-05-07 10:28:39","1","","0","0","0","","2026-08-16 22:25:53.128+00","已有台語來源狀態但缺少台語review"
"22120","RD_P07379","新北市","板橋區","","華江六路","直接標注","待指派","","tanliangkun | 2026-05-07 10:28:46","1","","0","0","0","","2026-08-16 22:25:53.128+00","已有台語來源狀態但缺少台語review"
"22121","RD_P07383","新北市","板橋區","","存德街","直接標注","待審查","","APP審查撤回|APP|2026-06-08T22:46:56.311Z","1","","0","0","0","","2026-08-16 22:25:53.128+00","已有台語來源狀態但缺少台語review"
"22122","RD_P07385","新北市","板橋區","","智樂路","直接標注","待審查","","APP審查撤回|APP|2026-06-08T22:47:08.114Z","1","","0","0","0","","2026-08-16 22:25:53.128+00","已有台語來源狀態但缺少台語review"
"22123","RD_P07386","新北市","板橋區","","華江三路","直接標注","待審查","","APP審查撤回|APP|2026-06-08T22:47:18.918Z","1","","0","0","0","","2026-08-16 22:25:53.128+00","已有台語來源狀態但缺少台語review"
"22124","RD_P07388","新北市","板橋區","","藝文一街","直接標注","待審查","","APP審查撤回|APP|2026-06-08T22:47:30.401Z","1","","0","0","0","","2026-08-16 22:25:53.128+00","已有台語來源狀態但缺少台語review"
"22125","RD_P07391","新北市","板橋區","","公館街","直接標注","待審查","","APP審查撤回|APP|2026-06-08T22:27:36.743Z","1","","0","0","0","","2026-08-16 22:25:53.128+00","已有台語來源狀態但缺少台語review"
"22126","RD_P07395","新北市","板橋區","","永翠路","直接標注","待審查","","APP審查撤回|APP|2026-06-08T22:27:49.166Z","1","","0","0","0","","2026-08-16 22:25:53.128+00","已有台語來源狀態但缺少台語review"
"22127","RD_P07397","新北市","板橋區","","成都街","直接標注","待審查","","APP審查撤回|APP|2026-06-08T22:36:30.972Z","1","","0","0","0","","2026-08-16 22:25:53.128+00","已有台語來源狀態但缺少台語review"
"22128","RD_P07402","新北市","板橋區","","區運路","直接標注","待指派","","tanliangkun | 2026-05-07 10:28:57","1","","0","0","0","","2026-08-16 22:25:53.128+00","已有台語來源狀態但缺少台語review"
"22129","RD_P07405","新北市","板橋區","","華江五路","直接標注","待審查","","APP審查撤回|APP|2026-06-08T22:46:56.311Z","1","","0","0","0","","2026-08-16 22:25:53.128+00","已有台語來源狀態但缺少台語review"
"22130","RD_P07409","新北市","板橋區","","藝文二街","直接標注","待審查","","APP審查撤回|APP|2026-06-08T22:47:08.114Z","1","","0","0","0","","2026-08-16 22:25:53.128+00","已有台語來源狀態但缺少台語review"
"22131","RD_P07411","新北市","板橋區","","觀光街","直接標注","待審查","","APP審查撤回|APP|2026-06-08T22:47:18.918Z","1","","0","0","0","","2026-08-16 22:25:53.128+00","已有台語來源狀態但缺少台語review"
"22134","RD_P07449","新北市","板橋區","","新站路","直接標注","待審查","","APP審查撤回|APP|2026-06-08T22:27:49.166Z","1","","0","0","0","","2026-08-16 22:25:53.128+00","已有台語來源狀態但缺少台語review"
"22135","RD_P07596","新北市","林口區","","宏昌街","直接標注","待審查","","APP審查撤回|APP|2026-06-08T22:36:30.972Z","1","","0","0","0","","2026-08-16 22:25:53.128+00","已有台語來源狀態但缺少台語review"
"22143","RD_P07912","新北市","汐止區","","忠一街","直接標注","待審查","","APP審查撤回|APP|2026-06-08T22:36:30.972Z","1","","0","0","0","","2026-08-16 22:25:53.128+00","已有台語來源狀態但缺少台語review"
"22150","RD_P08028","新北市","泰山區","","南泰路","直接標注","待審查","","APP審查撤回|APP|2026-06-08T22:27:49.166Z","1","","0","0","0","","2026-08-16 22:25:53.128+00","已有台語來源狀態但缺少台語review"
"22156","RD_P08037","新北市","泰山區","","憲訓路","直接標注","待審查","","APP審查撤回|APP|2026-06-08T22:47:30.401Z","1","","0","0","0","","2026-08-16 22:25:53.129+00","已有台語來源狀態但缺少台語review"
"22158","RD_P08041","新北市","泰山區","","台麗街","直接標注","待審查","","APP審查撤回|APP|2026-06-08T22:27:49.166Z","1","","0","0","0","","2026-08-16 22:25:53.129+00","已有台語來源狀態但缺少台語review"
"22160","RD_P08109","新北市","淡水區","","公明街","直接標注","待指派","","tanliangkun | 2026-05-07 10:27:35","1","","0","0","0","","2026-08-16 22:25:53.129+00","已有台語來源狀態但缺少台語review"
"22161","RD_P08117","新北市","淡水區","","行忠路","直接標注","待審查","","APP審查撤回|APP|2026-06-08T22:46:56.311Z","1","","0","0","0","","2026-08-16 22:25:53.129+00","已有台語來源狀態但缺少台語review"
"22162","RD_P08118","新北市","淡水區","","馬偕街","直接標注","待審查","","APP審查撤回|APP|2026-06-08T22:47:08.114Z","1","","0","0","0","","2026-08-16 22:25:53.129+00","已有台語來源狀態但缺少台語review"
"22163","RD_P08120","新北市","淡水區","","觀海路","直接標注","待審查","","APP審查撤回|APP|2026-06-08T22:47:18.918Z","1","","0","0","0","","2026-08-16 22:25:53.129+00","已有台語來源狀態但缺少台語review"
"22164","RD_P08131","新北市","淡水區","","真理街","直接標注","待審查","","APP審查撤回|APP|2026-06-08T22:47:30.401Z","1","","0","0","0","","2026-08-16 22:25:53.129+00","已有台語來源狀態但缺少台語review"
"22165","RD_P08317","新北市","烏來區","","信福路","直接標注","待審查","","APP審查撤回|APP|2026-06-08T22:27:36.743Z","1","","0","0","0","","2026-08-16 22:25:53.129+00","已有台語來源狀態但缺少台語review"
"22166","RD_P08318","新北市","烏來區","","紅河","原住民族","待審查","","APP審查撤回|APP|2026-06-08T22:27:49.166Z","1","","0","0","0","","2026-08-16 22:25:53.129+00","已有台語來源狀態但缺少台語review"
"22167","RD_P08321","新北市","烏來區","","溫泉街","直接標注","待審查","","APP審查撤回|APP|2026-06-08T22:36:30.972Z","1","","0","0","0","","2026-08-16 22:25:53.129+00","已有台語來源狀態但缺少台語review"
"22168","RD_P08322","新北市","烏來區","","天仁","原住民族","待指派","","tanliangkun | 2026-05-05 10:36:21","1","","0","0","0","","2026-08-16 22:25:53.129+00","已有台語來源狀態但缺少台語review"
"22169","RD_P08340","新北市","瑞芳區","","一坑路","直接標注","待審查","","APP審查撤回|APP|2026-06-08T22:46:56.311Z","1","","0","0","0","","2026-08-16 22:25:53.129+00","已有台語來源狀態但缺少台語review"
"22171","RD_P08346","新北市","瑞芳區","","瑞芳街","直接標注","待審查","","APP審查撤回|APP|2026-06-08T22:47:18.918Z","1","","0","0","0","","2026-08-16 22:25:53.129+00","已有台語來源狀態但缺少台語review"
"22173","RD_P08570","新北市","萬里區","","愛一街","直接標注","待審查","","APP審查撤回|APP|2026-06-08T22:27:36.743Z","1","","0","0","0","","2026-08-16 22:25:53.129+00","已有台語來源狀態但缺少台語review"
"22174","RD_P08572","新北市","萬里區","","挹翠路","直接標注","待審查","","APP審查撤回|APP|2026-06-08T22:27:49.166Z","1","","0","0","0","","2026-08-16 22:25:53.129+00","已有台語來源狀態但缺少台語review"
"22178","RD_P08692","新北市","貢寮區","","內寮街","直接標注","待審查","","APP審查撤回|APP|2026-06-08T22:47:08.114Z","1","","0","0","0","","2026-08-16 22:25:53.13+00","已有台語來源狀態但缺少台語review"
"22179","RD_P08744","新北市","金山區","","慈護街","直接標注","待審查","","APP審查撤回|APP|2026-06-08T22:47:18.918Z","1","","0","0","0","","2026-08-16 22:25:53.13+00","已有台語來源狀態但缺少台語review"
"22181","RD_P08891","新北市","鶯歌區","","尖山埔路","直接標注","待審查","","APP審查撤回|APP|2026-06-08T22:27:36.743Z","1","","0","0","0","","2026-08-16 22:25:53.13+00","已有台語來源狀態但缺少台語review"
"22182","RD_P08892","新北市","鶯歌區","","鳳七路","直接標注","待審查","","APP審查撤回|APP|2026-06-08T22:27:49.166Z","1","","0","0","0","","2026-08-16 22:25:53.13+00","已有台語來源狀態但缺少台語review"
"22183","RD_P08906","新北市","鶯歌區","","鶯歌路","直接標注","待審查","","APP審查撤回|APP|2026-06-08T22:36:30.972Z","1","","0","0","0","","2026-08-16 22:25:53.13+00","已有台語來源狀態但缺少台語review"
"22187","RD_P09083","臺中市","北區","","太原北路","直接標注","待審查","","APP審查撤回|APP|2026-06-08T22:47:18.918Z","1","","0","0","0","","2026-08-16 22:25:53.13+00","已有台語來源狀態但缺少台語review"
"22189","RD_P09096","臺中市","北區","","育才北路","直接標注","待審查","","APP審查撤回|APP|2026-06-08T22:27:36.743Z","1","","0","0","0","","2026-08-16 22:25:53.13+00","已有台語來源狀態但缺少台語review"
"22190","RD_P09101","臺中市","北區","","博館二街","直接標注","待審查","","APP審查撤回|APP|2026-06-08T22:27:49.166Z","1","","0","0","0","","2026-08-16 22:25:53.13+00","已有台語來源狀態但缺少台語review"
"22191","RD_P09102","臺中市","北區","","電台街","直接標注","待審查","","APP審查撤回|APP|2026-06-08T22:36:30.972Z","1","","0","0","0","","2026-08-16 22:25:53.13+00","已有台語來源狀態但缺少台語review"
"22192","RD_P09105","臺中市","北區","","育祥街","直接標注","待指派","","tanliangkun | 2026-05-04 11:09:54","1","","0","0","0","","2026-08-16 22:25:53.13+00","已有台語來源狀態但缺少台語review"
"22193","RD_P09107","臺中市","北區","","原子街","直接標注","待審查","","APP審查撤回|APP|2026-06-08T22:46:56.311Z","1","","0","0","0","","2026-08-16 22:25:53.13+00","已有台語來源狀態但缺少台語review"
"22196","RD_P09154","臺中市","北區","","一中街","直接標注","待審查","","APP審查撤回|APP|2026-06-08T22:47:30.401Z","1","","0","0","0","","2026-08-16 22:25:53.13+00","已有台語來源狀態但缺少台語review"
"22197","RD_P09304","臺中市","北屯區","","思齊街","直接標注","待審查","","APP審查撤回|APP|2026-06-08T22:27:36.743Z","1","","0","0","0","","2026-08-16 22:25:53.13+00","已有台語來源狀態但缺少台語review"
"22199","RD_P09307","臺中市","北屯區","","昌平五街","直接標注","待審查","","APP審查撤回|APP|2026-06-08T22:36:30.972Z","1","","0","0","0","","2026-08-16 22:25:53.13+00","已有台語來源狀態但缺少台語review"
"22201","RD_P09312","臺中市","北屯區","","益華街","直接標注","待審查","","APP審查撤回|APP|2026-06-08T22:46:56.311Z","1","","0","0","0","","2026-08-16 22:25:53.13+00","已有台語來源狀態但缺少台語review"
"22202","RD_P09315","臺中市","北屯區","","敦富八街","直接標注","待審查","","APP審查撤回|APP|2026-06-08T22:47:08.114Z","1","","0","0","0","","2026-08-16 22:25:53.13+00","已有台語來源狀態但缺少台語review"
"22203","RD_P09316","臺中市","北屯區","","敦富九街","直接標注","待審查","","APP審查撤回|APP|2026-06-08T22:47:18.918Z","1","","0","0","0","","2026-08-16 22:25:53.13+00","已有台語來源狀態但缺少台語review"
"22204","RD_P09319","臺中市","北屯區","","后庄北路","直接標注","待審查","","APP審查撤回|APP|2026-06-08T22:47:30.401Z","1","","0","0","0","","2026-08-16 22:25:53.13+00","已有台語來源狀態但缺少台語review"
"22205","RD_P09322","臺中市","北屯區","","昌平東六路","直接標注","待審查","","APP審查撤回|APP|2026-06-08T22:27:36.743Z","1","","0","0","0","","2026-08-16 22:25:53.13+00","已有台語來源狀態但缺少台語review"
"22207","RD_P09324","臺中市","北屯區","","南興三路","直接標注","待審查","","APP審查撤回|APP|2026-06-08T22:36:30.972Z","1","","0","0","0","","2026-08-16 22:25:53.13+00","已有台語來源狀態但缺少台語review"
"22208","RD_P09326","臺中市","北屯區","","柳陽東街","直接標注","待指派","","L1總表匯入|2026-04-27 21:50:05","1","","0","0","0","","2026-08-16 22:25:53.13+00","已有台語來源狀態但缺少台語review"
"22209","RD_P09328","臺中市","北屯區","","國校巷","直接標注","待審查","","APP審查撤回|APP|2026-06-08T22:46:56.311Z","1","","0","0","0","","2026-08-16 22:25:53.13+00","已有台語來源狀態但缺少台語review"
"22210","RD_P09329","臺中市","北屯區","","崇德五路","直接標注","待審查","","APP審查撤回|APP|2026-06-08T22:47:08.114Z","1","","0","0","0","","2026-08-16 22:25:53.13+00","已有台語來源狀態但缺少台語review"
"22211","RD_P09331","臺中市","北屯區","","敦富二街","直接標注","待審查","","APP審查撤回|APP|2026-06-08T22:47:18.918Z","1","","0","0","0","","2026-08-16 22:25:53.13+00","已有台語來源狀態但缺少台語review"
"22212","RD_P09332","臺中市","北屯區","","敦富六街","直接標注","待審查","","APP審查撤回|APP|2026-06-08T22:47:30.401Z","1","","0","0","0","","2026-08-16 22:25:53.13+00","已有台語來源狀態但缺少台語review"
"22213","RD_P09333","臺中市","北屯區","","順平路","直接標注","待審查","","APP審查撤回|APP|2026-06-08T22:27:36.743Z","1","","0","0","0","","2026-08-16 22:25:53.13+00","已有台語來源狀態但缺少台語review"
"22214","RD_P09335","臺中市","北屯區","","經貿東路","直接標注","待審查","","APP審查撤回|APP|2026-06-08T22:27:49.166Z","1","","0","0","0","","2026-08-16 22:25:53.13+00","已有台語來源狀態但缺少台語review"
"22215","RD_P09337","臺中市","北屯區","","榮平街","直接標注","待審查","","APP審查撤回|APP|2026-06-08T22:36:30.972Z","1","","0","0","0","","2026-08-16 22:25:53.13+00","已有台語來源狀態但缺少台語review"
"22216","RD_P09341","臺中市","北屯區","","洲際一街","直接標注","待指派","","tanliangkun | 2026-05-05 10:39:15","1","","0","0","0","","2026-08-16 22:25:53.13+00","已有台語來源狀態但缺少台語review"
"22218","RD_P09343","臺中市","北屯區","","敦富一街","直接標注","待審查","","APP審查撤回|APP|2026-06-08T22:47:08.114Z","1","","0","0","0","","2026-08-16 22:25:53.13+00","已有台語來源狀態但缺少台語review"
"22219","RD_P09344","臺中市","北屯區","","榮德路","直接標注","待審查","","APP審查撤回|APP|2026-06-08T22:47:18.918Z","1","","0","0","0","","2026-08-16 22:25:53.13+00","已有台語來源狀態但缺少台語review"
"22220","RD_P09349","臺中市","北屯區","","南興北二路","直接標注","待審查","","APP審查撤回|APP|2026-06-08T22:47:30.401Z","1","","0","0","0","","2026-08-16 22:25:53.13+00","已有台語來源狀態但缺少台語review"
"22221","RD_P09353","臺中市","北屯區","","景賢路","直接標注","待審查","","APP審查撤回|APP|2026-06-08T22:27:36.743Z","1","","0","0","0","","2026-08-16 22:25:53.13+00","已有台語來源狀態但缺少台語review"
"22222","RD_P09354","臺中市","北屯區","","經貿五路","直接標注","待審查","","APP審查撤回|APP|2026-06-08T22:27:49.166Z","1","","0","0","0","","2026-08-16 22:25:53.13+00","已有台語來源狀態但缺少台語review"
"22223","RD_P09355","臺中市","北屯區","","豐樂一街","直接標注","待審查","","APP審查撤回|APP|2026-06-08T22:36:30.972Z","1","","0","0","0","","2026-08-16 22:25:53.13+00","已有台語來源狀態但缺少台語review"
"22224","RD_P09357","臺中市","北屯區","","敦富路","直接標注","待指派","","tanliangkun | 2026-05-05 10:39:15","1","","0","0","0","","2026-08-16 22:25:53.13+00","已有台語來源狀態但缺少台語review"
"22226","RD_P09804","臺中市","南區","","德吉街","直接標注","待審查","","APP審查撤回|APP|2026-06-08T22:47:08.114Z","1","","0","0","0","","2026-08-16 22:25:53.13+00","已有台語來源狀態但缺少台語review"
"22228","RD_P09934","臺中市","南屯區","","春安路","直接標注","待審查","","APP審查撤回|APP|2026-06-08T22:47:30.401Z","1","","0","0","0","","2026-08-16 22:25:53.13+00","已有台語來源狀態但缺少台語review"
"22232","RD_P09941","臺中市","南屯區","","文心南七路","直接標注","待指派","","tanliangkun | 2026-05-04 11:09:40","1","","0","0","0","","2026-08-16 22:25:53.131+00","已有台語來源狀態但缺少台語review"
"22233","RD_P09946","臺中市","南屯區","","大墩二街","直接標注","待審查","","APP審查撤回|APP|2026-06-08T22:46:56.311Z","1","","0","0","0","","2026-08-16 22:25:53.131+00","已有台語來源狀態但缺少台語review"
"22234","RD_P09949","臺中市","南屯區","","大墩南路","直接標注","待審查","","APP審查撤回|APP|2026-06-08T22:47:08.114Z","1","","0","0","0","","2026-08-16 22:25:53.131+00","已有台語來源狀態但缺少台語review"
"22235","RD_P09956","臺中市","南屯區","","義芳街","直接標注","待審查","","APP審查撤回|APP|2026-06-08T22:47:18.918Z","1","","0","0","0","","2026-08-16 22:25:53.131+00","已有台語來源狀態但缺少台語review"
"22236","RD_P09960","臺中市","南屯區","","豐富路","直接標注","待審查","","APP審查撤回|APP|2026-06-08T22:47:30.401Z","1","","0","0","0","","2026-08-16 22:25:53.131+00","已有台語來源狀態但缺少台語review"
"22237","RD_P09964","臺中市","南屯區","","向心南路","直接標注","待審查","","APP審查撤回|APP|2026-06-08T22:27:36.743Z","1","","0","0","0","","2026-08-16 22:25:53.132+00","已有台語來源狀態但缺少台語review"
"22238","RD_P09975","臺中市","南屯區","","永春南路","直接標注","待審查","","APP審查撤回|APP|2026-06-08T22:27:49.166Z","1","","0","0","0","","2026-08-16 22:25:53.132+00","已有台語來源狀態但缺少台語review"
"22242","RD_P10249","臺中市","后里區","","智生路","直接標注","待審查","","APP審查撤回|APP|2026-06-08T22:47:08.114Z","1","","0","0","0","","2026-08-16 22:25:53.132+00","已有台語來源狀態但缺少台語review"
"22243","RD_P10250","臺中市","后里區","","舊社路","直接標注","待審查","","APP審查撤回|APP|2026-06-08T22:47:18.918Z","1","","0","0","0","","2026-08-16 22:25:53.132+00","已有台語來源狀態但缺少台語review"
"22245","RD_P10491","臺中市","大安區","","中海路","直接標注","待審查","","APP審查撤回|APP|2026-06-08T22:27:36.743Z","1","","0","0","0","","2026-08-16 22:25:53.132+00","已有台語來源狀態但缺少台語review"
"22247","RD_P10547","臺中市","大甲區","","通天路","直接標注","待審查","","APP審查撤回|APP|2026-06-08T22:36:30.972Z","1","","0","0","0","","2026-08-16 22:25:53.132+00","已有台語來源狀態但缺少台語review"
"22248","RD_P10549","臺中市","大甲區","","鎮政路","直接標注","待指派","","tanliangkun | 2026-05-04 11:17:58","1","","0","0","0","","2026-08-16 22:25:53.132+00","已有台語來源狀態但缺少台語review"
"22251","RD_P10554","臺中市","大甲區","","雁門路","直接標注","待審查","","APP審查撤回|APP|2026-06-08T22:47:18.918Z","1","","0","0","0","","2026-08-16 22:25:53.133+00","已有台語來源狀態但缺少台語review"
"22252","RD_P10555","臺中市","大甲區","","順天路","直接標注","待審查","","APP審查撤回|APP|2026-06-08T22:47:30.401Z","1","","0","0","0","","2026-08-16 22:25:53.133+00","已有台語來源狀態但缺少台語review"
"22253","RD_P10566","臺中市","大甲區","","南北二路","直接標注","待審查","","APP審查撤回|APP|2026-06-08T22:27:36.743Z","1","","0","0","0","","2026-08-16 22:25:53.133+00","已有台語來源狀態但缺少台語review"
"22257","RD_P10745","臺中市","大里區","","立德東街","直接標注","待審查","","APP審查撤回|APP|2026-06-08T22:46:56.311Z","1","","0","0","0","","2026-08-16 22:25:53.133+00","已有台語來源狀態但缺少台語review"
"22258","RD_P10747","臺中市","大里區","","新生西路","直接標注","待審查","","APP審查撤回|APP|2026-06-08T22:47:08.114Z","1","","0","0","0","","2026-08-16 22:25:53.133+00","已有台語來源狀態但缺少台語review"
"22259","RD_P10751","臺中市","大里區","","甲興路","直接標注","待審查","","APP審查撤回|APP|2026-06-08T22:47:18.918Z","1","","0","0","0","","2026-08-16 22:25:53.133+00","已有台語來源狀態但缺少台語review"
"22260","RD_P10753","臺中市","大里區","","峰堤路","直接標注","待審查","","APP審查撤回|APP|2026-06-08T22:47:30.401Z","1","","0","0","0","","2026-08-16 22:25:53.133+00","已有台語來源狀態但缺少台語review"
"22261","RD_P10755","臺中市","大里區","","祥興路","直接標注","待審查","","APP審查撤回|APP|2026-06-08T22:27:36.743Z","1","","0","0","0","","2026-08-16 22:25:53.133+00","已有台語來源狀態但缺少台語review"
"22262","RD_P10767","臺中市","大里區","","甲堤南路","直接標注","待審查","","APP審查撤回|APP|2026-06-08T22:27:49.166Z","1","","0","0","0","","2026-08-16 22:25:53.133+00","已有台語來源狀態但缺少台語review"
"22263","RD_P10770","臺中市","大里區","","美群路","直接標注","待審查","","APP審查撤回|APP|2026-06-08T22:36:30.972Z","1","","0","0","0","","2026-08-16 22:25:53.133+00","已有台語來源狀態但缺少台語review"
"22264","RD_P10772","臺中市","大里區","","新仁七街","直接標注","待指派","","tanliangkun | 2026-05-04 11:17:21","1","","0","0","0","","2026-08-16 22:25:53.133+00","已有台語來源狀態但缺少台語review"
"22265","RD_P10778","臺中市","大里區","","永隆路","直接標注","待審查","","APP審查撤回|APP|2026-06-08T22:46:56.311Z","1","","0","0","0","","2026-08-16 22:25:53.133+00","已有台語來源狀態但缺少台語review"
"22266","RD_P10802","臺中市","大里區","","德芳南路","直接標注","待審查","","APP審查撤回|APP|2026-06-08T22:47:08.114Z","1","","0","0","0","","2026-08-16 22:25:53.133+00","已有台語來源狀態但缺少台語review"
"22267","RD_P11086","臺中市","大雅區","","新科路","直接標注","待審查","","APP審查撤回|APP|2026-06-08T22:47:18.918Z","1","","0","0","0","","2026-08-16 22:25:53.133+00","已有台語來源狀態但缺少台語review"
"22273","RD_P11587","臺中市","新社區","","協中街","直接標注","待審查","","APP審查撤回|APP|2026-06-08T22:46:56.311Z","1","","0","0","0","","2026-08-16 22:25:53.133+00","已有台語來源狀態但缺少台語review"
"22274","RD_P11589","臺中市","新社區","","民化","直接標注","待審查","","APP審查撤回|APP|2026-06-08T22:47:08.114Z","1","","0","0","0","","2026-08-16 22:25:53.133+00","已有台語來源狀態但缺少台語review"
"22275","RD_P11598","臺中市","新社區","","福民","直接標注","待審查","","APP審查撤回|APP|2026-06-08T22:47:18.918Z","1","","0","0","0","","2026-08-16 22:25:53.133+00","已有台語來源狀態但缺少台語review"
"22276","RD_P11775","臺中市","東區","","大智北一街","直接標注","待審查","","APP審查撤回|APP|2026-06-08T22:47:30.401Z","1","","0","0","0","","2026-08-16 22:25:53.133+00","已有台語來源狀態但缺少台語review"
"22277","RD_P11780","臺中市","東區","","玉皇街","直接標注","待審查","","APP審查撤回|APP|2026-06-08T22:27:36.743Z","1","","0","0","0","","2026-08-16 22:25:53.133+00","已有台語來源狀態但缺少台語review"
"22279","RD_P11784","臺中市","東區","","復興東一街","直接標注","待審查","","APP審查撤回|APP|2026-06-08T22:36:30.972Z","1","","0","0","0","","2026-08-16 22:25:53.133+00","已有台語來源狀態但缺少台語review"
"22280","RD_P11785","臺中市","東區","","樂業一路","直接標注","待指派","","tanliangkun | 2026-05-04 11:11:32","1","","0","0","0","","2026-08-16 22:25:53.133+00","已有台語來源狀態但缺少台語review"
"22281","RD_P11791","臺中市","東區","","復興東路","直接標注","待審查","","APP審查撤回|APP|2026-06-08T22:46:56.311Z","1","","0","0","0","","2026-08-16 22:25:53.133+00","已有台語來源狀態但缺少台語review"
"22282","RD_P11795","臺中市","東區","","精武東路","直接標注","待審查","","APP審查撤回|APP|2026-06-08T22:47:08.114Z","1","","0","0","0","","2026-08-16 22:25:53.133+00","已有台語來源狀態但缺少台語review"
"22283","RD_P11797","臺中市","東區","","樂業二路","直接標注","待審查","","APP審查撤回|APP|2026-06-08T22:47:18.918Z","1","","0","0","0","","2026-08-16 22:25:53.133+00","已有台語來源狀態但缺少台語review"
"22284","RD_P11799","臺中市","東區","","大智北路","直接標注","待審查","","APP審查撤回|APP|2026-06-08T22:47:30.401Z","1","","0","0","0","","2026-08-16 22:25:53.133+00","已有台語來源狀態但缺少台語review"
"22285","RD_P11945","臺中市","梧棲區","","梧南路","直接標注","待審查","","APP審查撤回|APP|2026-06-08T22:27:36.743Z","1","","0","0","0","","2026-08-16 22:25:53.133+00","已有台語來源狀態但缺少台語review"
"22286","RD_P12109","臺中市","沙鹿區","","天仁街","直接標注","待審查","","APP審查撤回|APP|2026-06-08T22:27:49.166Z","1","","0","0","0","","2026-08-16 22:25:53.133+00","已有台語來源狀態但缺少台語review"
"22287","RD_P12113","臺中市","沙鹿區","","北英路","直接標注","待審查","","APP審查撤回|APP|2026-06-08T22:36:30.972Z","1","","0","0","0","","2026-08-16 22:25:53.133+00","已有台語來源狀態但缺少台語review"
"22291","RD_P12121","臺中市","沙鹿區","","晉武路","直接標注","待審查","","APP審查撤回|APP|2026-06-08T22:47:18.918Z","1","","0","0","0","","2026-08-16 22:25:53.133+00","已有台語來源狀態但缺少台語review"
"22293","RD_P12133","臺中市","沙鹿區","","正英路","直接標注","待審查","","APP審查撤回|APP|2026-06-08T22:27:36.743Z","1","","0","0","0","","2026-08-16 22:25:53.133+00","已有台語來源狀態但缺少台語review"
"22294","RD_P12134","臺中市","沙鹿區","","晉文路","直接標注","待審查","","APP審查撤回|APP|2026-06-08T22:27:49.166Z","1","","0","0","0","","2026-08-16 22:25:53.133+00","已有台語來源狀態但缺少台語review"
"22295","RD_P12382","臺中市","清水區","","港都三路","直接標注","待審查","","APP審查撤回|APP|2026-06-08T22:36:30.972Z","1","","0","0","0","","2026-08-16 22:25:53.133+00","已有台語來源狀態但缺少台語review"
"22297","RD_P12402","臺中市","清水區","","海洋路","直接標注","待審查","","APP審查撤回|APP|2026-06-08T22:46:56.311Z","1","","0","0","0","","2026-08-16 22:25:53.133+00","已有台語來源狀態但缺少台語review"
"22298","RD_P12618","臺中市","潭子區","","嘉豐路","直接標注","待審查","","APP審查撤回|APP|2026-06-08T22:47:08.114Z","1","","0","0","0","","2026-08-16 22:25:53.133+00","已有台語來源狀態但缺少台語review"
"22299","RD_P12620","臺中市","潭子區","","福貴路","直接標注","待審查","","APP審查撤回|APP|2026-06-08T22:47:18.918Z","1","","0","0","0","","2026-08-16 22:25:53.133+00","已有台語來源狀態但缺少台語review"
"22300","RD_P12622","臺中市","潭子區","","弘勇街","直接標注","待審查","","APP審查撤回|APP|2026-06-08T22:47:30.401Z","1","","0","0","0","","2026-08-16 22:25:53.133+00","已有台語來源狀態但缺少台語review"
"22301","RD_P12764","臺中市","烏日區","","高鐵東路","直接標注","待審查","","APP審查撤回|APP|2026-06-08T22:27:36.743Z","1","","0","0","0","","2026-08-16 22:25:53.133+00","已有台語來源狀態但缺少台語review"
"22303","RD_P12918","臺中市","石岡區","","萬華街","直接標注","待審查","","APP審查撤回|APP|2026-06-08T22:36:30.972Z","1","","0","0","0","","2026-08-16 22:25:53.133+00","已有台語來源狀態但缺少台語review"
"22305","RD_P12965","臺中市","神岡區","","堤南路","直接標注","待審查","","APP審查撤回|APP|2026-06-08T22:46:56.311Z","1","","0","0","0","","2026-08-16 22:25:53.133+00","已有台語來源狀態但缺少台語review"
"22306","RD_P13057","臺中市","西區","","精誠一街","直接標注","待審查","","APP審查撤回|APP|2026-06-08T22:47:08.114Z","1","","0","0","0","","2026-08-16 22:25:53.133+00","已有台語來源狀態但缺少台語review"
"22307","RD_P13066","臺中市","西區","","五權一街","直接標注","待審查","","APP審查撤回|APP|2026-06-08T22:47:18.918Z","1","","0","0","0","","2026-08-16 22:25:53.133+00","已有台語來源狀態但缺少台語review"
"22308","RD_P13067","臺中市","西區","","五權三街","直接標注","待審查","","APP審查撤回|APP|2026-06-08T22:47:30.401Z","1","","0","0","0","","2026-08-16 22:25:53.133+00","已有台語來源狀態但缺少台語review"
"22309","RD_P13068","臺中市","西區","","五權八街","直接標注","待審查","","APP審查撤回|APP|2026-06-08T22:27:36.743Z","1","","0","0","0","","2026-08-16 22:25:53.133+00","已有台語來源狀態但缺少台語review"
"22310","RD_P13069","臺中市","西區","","五權西三街","直接標注","待審查","","APP審查撤回|APP|2026-06-08T22:27:49.166Z","1","","0","0","0","","2026-08-16 22:25:53.133+00","已有台語來源狀態但缺少台語review"
"22311","RD_P13070","臺中市","西區","","五權西四街","直接標注","待審查","","APP審查撤回|APP|2026-06-08T22:36:30.972Z","1","","0","0","0","","2026-08-16 22:25:53.133+00","已有台語來源狀態但缺少台語review"
"22312","RD_P13071","臺中市","西區","","五權西五街","直接標注","待指派","","tanliangkun | 2026-05-04 11:12:04","1","","0","0","0","","2026-08-16 22:25:53.133+00","已有台語來源狀態但缺少台語review"
"22313","RD_P13079","臺中市","西區","","精誠七街","直接標注","待審查","","APP審查撤回|APP|2026-06-08T22:46:56.311Z","1","","0","0","0","","2026-08-16 22:25:53.133+00","已有台語來源狀態但缺少台語review"
"22315","RD_P13094","臺中市","西區","","向上北路","直接標注","待審查","","APP審查撤回|APP|2026-06-08T22:47:18.918Z","1","","0","0","0","","2026-08-16 22:25:53.133+00","已有台語來源狀態但缺少台語review"
"22316","RD_P13101","臺中市","西區","","存中街","直接標注","待審查","","APP審查撤回|APP|2026-06-08T22:47:30.401Z","1","","0","0","0","","2026-08-16 22:25:53.133+00","已有台語來源狀態但缺少台語review"
"22318","RD_P13241","臺中市","西屯區","","協和南巷","直接標注","待審查","","APP審查撤回|APP|2026-06-08T22:27:49.166Z","1","","0","0","0","","2026-08-16 22:25:53.133+00","已有台語來源狀態但缺少台語review"
"22319","RD_P13243","臺中市","西屯區","","福吉街","直接標注","待審查","","APP審查撤回|APP|2026-06-08T22:36:30.972Z","1","","0","0","0","","2026-08-16 22:25:53.133+00","已有台語來源狀態但缺少台語review"
"22320","RD_P13245","臺中市","西屯區","","中平北路","直接標注","待指派","","tanliangkun | 2026-05-04 11:14:46","1","","0","0","0","","2026-08-16 22:25:53.133+00","已有台語來源狀態但缺少台語review"
"22321","RD_P13247","臺中市","西屯區","","何厝街","直接標注","待審查","","APP審查撤回|APP|2026-06-08T22:46:56.311Z","1","","0","0","0","","2026-08-16 22:25:53.133+00","已有台語來源狀態但缺少台語review"
"22322","RD_P13248","臺中市","西屯區","","青海南街","直接標注","待審查","","APP審查撤回|APP|2026-06-08T22:47:08.114Z","1","","0","0","0","","2026-08-16 22:25:53.133+00","已有台語來源狀態但缺少台語review"
"22323","RD_P13249","臺中市","西屯區","","美滿東三巷","直接標注","待審查","","APP審查撤回|APP|2026-06-08T22:47:18.918Z","1","","0","0","0","","2026-08-16 22:25:53.133+00","已有台語來源狀態但缺少台語review"
"22325","RD_P13251","臺中市","西屯區","","國安二路","直接標注","待審查","","APP審查撤回|APP|2026-06-08T22:27:36.743Z","1","","0","0","0","","2026-08-16 22:25:53.133+00","已有台語來源狀態但缺少台語review"
"22326","RD_P13252","臺中市","西屯區","","智惠街","直接標注","待審查","","APP審查撤回|APP|2026-06-08T22:27:49.166Z","1","","0","0","0","","2026-08-16 22:25:53.133+00","已有台語來源狀態但缺少台語review"
"22327","RD_P13256","臺中市","西屯區","","上仁街","直接標注","待審查","","APP審查撤回|APP|2026-06-08T22:36:30.972Z","1","","0","0","0","","2026-08-16 22:25:53.133+00","已有台語來源狀態但缺少台語review"
"22328","RD_P13257","臺中市","西屯區","","大祥街","直接標注","待指派","","tanliangkun | 2026-05-05 10:39:19","1","","0","0","0","","2026-08-16 22:25:53.133+00","已有台語來源狀態但缺少台語review"
"22329","RD_P13260","臺中市","西屯區","","天保街","直接標注","待審查","","APP審查撤回|APP|2026-06-08T22:46:56.311Z","1","","0","0","0","","2026-08-16 22:25:53.134+00","已有台語來源狀態但缺少台語review"
"22330","RD_P13261","臺中市","西屯區","","文心一路","直接標注","待審查","","APP審查撤回|APP|2026-06-08T22:47:08.114Z","1","","0","0","0","","2026-08-16 22:25:53.134+00","已有台語來源狀態但缺少台語review"
"22331","RD_P13262","臺中市","西屯區","","市政南一路","直接標注","待審查","","APP審查撤回|APP|2026-06-08T22:47:18.918Z","1","","0","0","0","","2026-08-16 22:25:53.134+00","已有台語來源狀態但缺少台語review"
"22332","RD_P13269","臺中市","西屯區","","逢甲巷","直接標注","待審查","","APP審查撤回|APP|2026-06-08T22:47:30.401Z","1","","0","0","0","","2026-08-16 22:25:53.134+00","已有台語來源狀態但缺少台語review"
"22333","RD_P13270","臺中市","西屯區","","逢明街","直接標注","待審查","","APP審查撤回|APP|2026-06-08T22:27:36.743Z","1","","0","0","0","","2026-08-16 22:25:53.134+00","已有台語來源狀態但缺少台語review"
"22334","RD_P13273","臺中市","西屯區","","經貿七路","直接標注","待審查","","APP審查撤回|APP|2026-06-08T22:27:49.166Z","1","","0","0","0","","2026-08-16 22:25:53.134+00","已有台語來源狀態但缺少台語review"
"22335","RD_P13274","臺中市","西屯區","","精明一街","直接標注","待審查","","APP審查撤回|APP|2026-06-08T22:36:30.972Z","1","","0","0","0","","2026-08-16 22:25:53.134+00","已有台語來源狀態但缺少台語review"
"22337","RD_P13278","臺中市","西屯區","","市政北五路","直接標注","待審查","","APP審查撤回|APP|2026-06-08T22:46:56.311Z","1","","0","0","0","","2026-08-16 22:25:53.134+00","已有台語來源狀態但缺少台語review"
"22340","RD_P13289","臺中市","西屯區","","烈美街","直接標注","待審查","","APP審查撤回|APP|2026-06-08T22:47:30.401Z","1","","0","0","0","","2026-08-16 22:25:53.134+00","已有台語來源狀態但缺少台語review"
"22343","RD_P13297","臺中市","西屯區","","漢翔路","直接標注","待審查","","APP審查撤回|APP|2026-06-08T22:36:30.972Z","1","","0","0","0","","2026-08-16 22:25:53.134+00","已有台語來源狀態但缺少台語review"
"22345","RD_P13304","臺中市","西屯區","","玉門路","直接標注","待審查","","APP審查撤回|APP|2026-06-08T22:46:56.311Z","1","","0","0","0","","2026-08-16 22:25:53.134+00","已有台語來源狀態但缺少台語review"
"22346","RD_P13306","臺中市","西屯區","","福上巷","直接標注","待審查","","APP審查撤回|APP|2026-06-08T22:47:08.114Z","1","","0","0","0","","2026-08-16 22:25:53.134+00","已有台語來源狀態但缺少台語review"
"22347","RD_P13322","臺中市","西屯區","","國際街","直接標注","待審查","","APP審查撤回|APP|2026-06-08T22:47:18.918Z","1","","0","0","0","","2026-08-16 22:25:53.134+00","已有台語來源狀態但缺少台語review"
"22348","RD_P13945","臺中市","霧峰區","","吉峰西路","直接標注","待審查","","APP審查撤回|APP|2026-06-08T22:47:30.401Z","1","","0","0","0","","2026-08-16 22:25:53.134+00","已有台語來源狀態但缺少台語review"
"22349","RD_P13948","臺中市","霧峰區","","育群路","直接標注","待審查","","APP審查撤回|APP|2026-06-08T22:27:36.743Z","1","","0","0","0","","2026-08-16 22:25:53.134+00","已有台語來源狀態但缺少台語review"
"22350","RD_P13952","臺中市","霧峰區","","樹仁五街","直接標注","待審查","","APP審查撤回|APP|2026-06-08T22:27:49.166Z","1","","0","0","0","","2026-08-16 22:25:53.134+00","已有台語來源狀態但缺少台語review"
"22351","RD_P13953","臺中市","霧峰區","","吉峰東路","直接標注","待審查","","APP審查撤回|APP|2026-06-08T22:36:30.972Z","1","","0","0","0","","2026-08-16 22:25:53.134+00","已有台語來源狀態但缺少台語review"
"22354","RD_P13961","臺中市","霧峰區","","柳豐路","直接標注","待審查","","APP審查撤回|APP|2026-06-08T22:47:08.114Z","1","","0","0","0","","2026-08-16 22:25:53.134+00","已有台語來源狀態但缺少台語review"
"22355","RD_P13964","臺中市","霧峰區","","六股路","直接標注","待審查","","APP審查撤回|APP|2026-06-08T22:47:18.918Z","1","","0","0","0","","2026-08-16 22:25:53.134+00","已有台語來源狀態但缺少台語review"
"22356","RD_P14072","臺中市","龍井區","","都會南街","直接標注","待審查","","APP審查撤回|APP|2026-06-08T22:47:30.401Z","1","","0","0","0","","2026-08-16 22:25:53.134+00","已有台語來源狀態但缺少台語review"
"22358","RD_P14200","臺北市","中山區","","敬業二路","直接標注","待審查","","APP審查撤回|APP|2026-06-08T22:27:49.166Z","1","","0","0","0","","2026-08-16 22:25:53.134+00","已有台語來源狀態但缺少台語review"
"22363","RD_P14218","臺北市","中山區","","樂群三路","直接標注","待審查","","APP審查撤回|APP|2026-06-08T22:47:18.918Z","1","","0","0","0","","2026-08-16 22:25:53.134+00","已有台語來源狀態但缺少台語review"
"22364","RD_P14230","臺北市","中山區","","濱江街","直接標注","待審查","","APP審查撤回|APP|2026-06-08T22:47:30.401Z","1","","0","0","0","","2026-08-16 22:25:53.134+00","已有台語來源狀態但缺少台語review"
"22365","RD_P14276","臺北市","中正區","","丹陽街","直接標注","待審查","","APP審查撤回|APP|2026-06-08T22:27:36.743Z","1","","0","0","0","","2026-08-16 22:25:53.134+00","已有台語來源狀態但缺少台語review"
"22369","RD_P14283","臺北市","中正區","","杭州北路","直接標注","待審查","","APP審查撤回|APP|2026-06-08T22:46:56.311Z","1","","0","0","0","","2026-08-16 22:25:53.134+00","已有台語來源狀態但缺少台語review"
"22372","RD_P14287","臺北市","中正區","","金山北路","直接標注","待審查","","APP審查撤回|APP|2026-06-08T22:47:30.401Z","1","","0","0","0","","2026-08-16 22:25:53.134+00","已有台語來源狀態但缺少台語review"
"22373","RD_P14288","臺北市","中正區","","思源街","直接標注","待審查","","APP審查撤回|APP|2026-06-08T22:27:36.743Z","1","","0","0","0","","2026-08-16 22:25:53.135+00","已有台語來源狀態但缺少台語review"
"22374","RD_P14289","臺北市","中正區","","紹興南街","直接標注","待審查","","APP審查撤回|APP|2026-06-08T22:27:49.166Z","1","","0","0","0","","2026-08-16 22:25:53.135+00","已有台語來源狀態但缺少台語review"
"22375","RD_P14290","臺北市","中正區","","青島西路","直接標注","待審查","","APP審查撤回|APP|2026-06-08T22:36:30.972Z","1","","0","0","0","","2026-08-16 22:25:53.135+00","已有台語來源狀態但缺少台語review"
"22376","RD_P14294","臺北市","中正區","","北平西路","直接標注","待指派","","tanliangkun | 2026-05-05 10:45:53","1","","0","0","0","","2026-08-16 22:25:53.135+00","已有台語來源狀態但缺少台語review"
"22377","RD_P14295","臺北市","中正區","","信陽街","直接標注","待審查","","APP審查撤回|APP|2026-06-08T22:46:56.311Z","1","","0","0","0","","2026-08-16 22:25:53.135+00","已有台語來源狀態但缺少台語review"
"22380","RD_P14302","臺北市","中正區","","襄陽路","直接標注","待審查","","APP審查撤回|APP|2026-06-08T22:47:30.401Z","1","","0","0","0","","2026-08-16 22:25:53.135+00","已有台語來源狀態但缺少台語review"
"22381","RD_P14311","臺北市","中正區","","愛國西路","直接標注","待審查","","APP審查撤回|APP|2026-06-08T22:27:36.743Z","1","","0","0","0","","2026-08-16 22:25:53.135+00","已有台語來源狀態但缺少台語review"
"22382","RD_P14318","臺北市","中正區","","青島東路","直接標注","待審查","","APP審查撤回|APP|2026-06-08T22:27:49.166Z","1","","0","0","0","","2026-08-16 22:25:53.135+00","已有台語來源狀態但缺少台語review"
"22383","RD_P14321","臺北市","中正區","","北平東路","直接標注","待審查","","APP審查撤回|APP|2026-06-08T22:36:30.972Z","1","","0","0","0","","2026-08-16 22:25:53.135+00","已有台語來源狀態但缺少台語review"
"22385","RD_P14370","臺北市","信義區","","松平路","直接標注","待審查","","APP審查撤回|APP|2026-06-08T22:46:56.311Z","1","","0","0","0","","2026-08-16 22:25:53.135+00","已有台語來源狀態但缺少台語review"
"22386","RD_P14372","臺北市","信義區","","松勇路","直接標注","待審查","","APP審查撤回|APP|2026-06-08T22:47:08.114Z","1","","0","0","0","","2026-08-16 22:25:53.135+00","已有台語來源狀態但缺少台語review"
"22388","RD_P14374","臺北市","信義區","","松勤街","直接標注","待審查","","APP審查撤回|APP|2026-06-08T22:47:30.401Z","1","","0","0","0","","2026-08-16 22:25:53.135+00","已有台語來源狀態但缺少台語review"
"22389","RD_P14385","臺北市","信義區","","市府路","直接標注","待審查","","APP審查撤回|APP|2026-06-08T22:27:36.743Z","1","","0","0","0","","2026-08-16 22:25:53.135+00","已有台語來源狀態但缺少台語review"
"22390","RD_P14386","臺北市","信義區","","松智路","直接標注","待審查","","APP審查撤回|APP|2026-06-08T22:27:49.166Z","1","","0","0","0","","2026-08-16 22:25:53.135+00","已有台語來源狀態但缺少台語review"
"22391","RD_P14387","臺北市","信義區","","逸仙路","直接標注","待審查","","APP審查撤回|APP|2026-06-08T22:36:30.972Z","1","","0","0","0","","2026-08-16 22:25:53.135+00","已有台語來源狀態但缺少台語review"
"22392","RD_P14388","臺北市","信義區","","松高路","直接標注","待指派","","tanliangkun | 2026-05-05 10:45:53","1","","0","0","0","","2026-08-16 22:25:53.135+00","已有台語來源狀態但缺少台語review"
"22393","RD_P14395","臺北市","信義區","","松壽路","直接標注","待審查","","APP審查撤回|APP|2026-06-08T22:46:56.311Z","1","","0","0","0","","2026-08-16 22:25:53.135+00","已有台語來源狀態但缺少台語review"
"22394","RD_P14417","臺北市","內湖區","","民善街","直接標注","待審查","","APP審查撤回|APP|2026-06-08T22:47:08.114Z","1","","0","0","0","","2026-08-16 22:25:53.135+00","已有台語來源狀態但缺少台語review"
"22396","RD_P14424","臺北市","內湖區","","新湖一路","直接標注","待審查","","APP審查撤回|APP|2026-06-08T22:47:30.401Z","1","","0","0","0","","2026-08-16 22:25:53.135+00","已有台語來源狀態但缺少台語review"
"22397","RD_P14427","臺北市","內湖區","","新湖二路","直接標注","待審查","","APP審查撤回|APP|2026-06-08T22:27:36.743Z","1","","0","0","0","","2026-08-16 22:25:53.135+00","已有台語來源狀態但缺少台語review"
"22398","RD_P14429","臺北市","內湖區","","潭美街","直接標注","待審查","","APP審查撤回|APP|2026-06-08T22:27:49.166Z","1","","0","0","0","","2026-08-16 22:25:53.135+00","已有台語來源狀態但缺少台語review"
"22399","RD_P14431","臺北市","內湖區","","瑞湖街","直接標注","待審查","","APP審查撤回|APP|2026-06-08T22:36:30.972Z","1","","0","0","0","","2026-08-16 22:25:53.135+00","已有台語來源狀態但缺少台語review"
"22400","RD_P14433","臺北市","內湖區","","行愛路","直接標注","待指派","","tanliangkun | 2026-05-05 10:45:53","1","","0","0","0","","2026-08-16 22:25:53.135+00","已有台語來源狀態但缺少台語review"
"22402","RD_P14436","臺北市","內湖區","","新湖三路","直接標注","待審查","","APP審查撤回|APP|2026-06-08T22:47:08.114Z","1","","0","0","0","","2026-08-16 22:25:53.135+00","已有台語來源狀態但缺少台語review"
"22403","RD_P14473","臺北市","北投區","","幽雅路","直接標注","待審查","","APP審查撤回|APP|2026-06-08T22:47:18.918Z","1","","0","0","0","","2026-08-16 22:25:53.135+00","已有台語來源狀態但缺少台語review"
"22404","RD_P14475","臺北市","北投區","","奇岩路","直接標注","待審查","","APP審查撤回|APP|2026-06-08T22:47:30.401Z","1","","0","0","0","","2026-08-16 22:25:53.135+00","已有台語來源狀態但缺少台語review"
"22405","RD_P14478","臺北市","北投區","","義理街","直接標注","待審查","","APP審查撤回|APP|2026-06-08T22:27:36.743Z","1","","0","0","0","","2026-08-16 22:25:53.135+00","已有台語來源狀態但缺少台語review"
"22406","RD_P14479","臺北市","北投區","","中心街","直接標注","待審查","","APP審查撤回|APP|2026-06-08T22:27:49.166Z","1","","0","0","0","","2026-08-16 22:25:53.135+00","已有台語來源狀態但缺少台語review"
"22407","RD_P14485","臺北市","北投區","","湖底路","直接標注","待審查","","APP審查撤回|APP|2026-06-08T22:36:30.972Z","1","","0","0","0","","2026-08-16 22:25:53.135+00","已有台語來源狀態但缺少台語review"
"22408","RD_P14489","臺北市","北投區","","立賢路","直接標注","待指派","","tanliangkun | 2026-05-05 10:45:53","1","","0","0","0","","2026-08-16 22:25:53.135+00","已有台語來源狀態但缺少台語review"
"22409","RD_P14491","臺北市","北投區","","復興四路","直接標注","待審查","","APP審查撤回|APP|2026-06-08T22:46:56.311Z","1","","0","0","0","","2026-08-16 22:25:53.135+00","已有台語來源狀態但缺少台語review"
"22410","RD_P14630","臺北市","南港區","","大坑街","直接標注","待審查","","APP審查撤回|APP|2026-06-08T22:47:08.114Z","1","","0","0","0","","2026-08-16 22:25:53.135+00","已有台語來源狀態但缺少台語review"
"22411","RD_P14640","臺北市","南港區","","富康街","直接標注","待審查","","APP審查撤回|APP|2026-06-08T22:47:18.918Z","1","","0","0","0","","2026-08-16 22:25:53.135+00","已有台語來源狀態但缺少台語review"
"22412","RD_P14641","臺北市","南港區","","經貿一路","直接標注","待審查","","APP審查撤回|APP|2026-06-08T22:47:30.401Z","1","","0","0","0","","2026-08-16 22:25:53.135+00","已有台語來源狀態但缺少台語review"
"22413","RD_P14644","臺北市","南港區","","南深路","直接標注","待審查","","APP審查撤回|APP|2026-06-08T22:27:36.743Z","1","","0","0","0","","2026-08-16 22:25:53.135+00","已有台語來源狀態但缺少台語review"
"22414","RD_P14677","臺北市","士林區","","士商路","直接標注","待審查","","APP審查撤回|APP|2026-06-08T22:27:49.166Z","1","","1","1","0","","2026-08-16 22:25:53.135+00","已有台語來源狀態但缺少台語review"
"22416","RD_P14682","臺北市","士林區","","雙溪街","直接標注","待指派","","tanliangkun | 2026-05-05 10:45:53","1","","0","0","0","","2026-08-16 22:25:53.135+00","已有台語來源狀態但缺少台語review"
"22418","RD_P14685","臺北市","士林區","","永公路","直接標注","待審查","","APP審查撤回|APP|2026-06-08T22:47:08.114Z","1","","0","0","0","","2026-08-16 22:25:53.135+00","已有台語來源狀態但缺少台語review"
"22419","RD_P14687","臺北市","士林區","","竹子湖路","直接標注","待審查","","APP審查撤回|APP|2026-06-08T22:47:18.918Z","1","","0","0","0","","2026-08-16 22:25:53.135+00","已有台語來源狀態但缺少台語review"
"22420","RD_P14688","臺北市","士林區","","克強路","直接標注","待審查","","APP審查撤回|APP|2026-06-08T22:47:30.401Z","1","","0","0","0","","2026-08-16 22:25:53.136+00","已有台語來源狀態但缺少台語review"
"22421","RD_P14700","臺北市","士林區","","美崙街","直接標注","待審查","","APP審查撤回|APP|2026-06-08T22:27:36.743Z","1","","0","0","0","","2026-08-16 22:25:53.136+00","已有台語來源狀態但缺少台語review"
"22423","RD_P14707","臺北市","士林區","","故宮路","直接標注","待審查","","APP審查撤回|APP|2026-06-08T22:36:30.972Z","1","","0","0","0","","2026-08-16 22:25:53.136+00","已有台語來源狀態但缺少台語review"
"22424","RD_P14708","臺北市","士林區","","格致路","直接標注","待指派","","tanliangkun | 2026-05-05 10:45:53","1","","0","0","0","","2026-08-16 22:25:53.136+00","已有台語來源狀態但缺少台語review"
"22425","RD_P14713","臺北市","士林區","","臨溪路","直接標注","待審查","","APP審查撤回|APP|2026-06-08T22:46:56.311Z","1","","0","0","0","","2026-08-16 22:25:53.136+00","已有台語來源狀態但缺少台語review"
"22426","RD_P14722","臺北市","士林區","","華岡路","直接標注","待審查","","APP審查撤回|APP|2026-06-08T22:47:08.114Z","1","","0","0","0","","2026-08-16 22:25:53.136+00","已有台語來源狀態但缺少台語review"
"22427","RD_P14816","臺北市","大同區","","庫倫街","直接標注","待審查","","APP審查撤回|APP|2026-06-08T22:47:18.918Z","1","","0","0","0","","2026-08-16 22:25:53.136+00","已有台語來源狀態但缺少台語review"
"22428","RD_P14817","臺北市","大同區","","貴德街","直接標注","待審查","","APP審查撤回|APP|2026-06-08T22:47:30.401Z","1","","0","0","0","","2026-08-16 22:25:53.136+00","已有台語來源狀態但缺少台語review"
"22429","RD_P14821","臺北市","大同區","","涼州街","直接標注","待審查","","APP審查撤回|APP|2026-06-08T22:27:36.743Z","1","","0","0","0","","2026-08-16 22:25:53.136+00","已有台語來源狀態但缺少台語review"
"22432","RD_P14864","臺北市","大安區","","通安街","直接標注","待指派","","tanliangkun | 2026-05-05 10:45:53","1","","0","0","0","","2026-08-16 22:25:53.136+00","已有台語來源狀態但缺少台語review"
"22433","RD_P14868","臺北市","大安區","","敦南街","直接標注","待審查","","APP審查撤回|APP|2026-06-08T22:46:56.311Z","1","","0","0","0","","2026-08-16 22:25:53.136+00","已有台語來源狀態但缺少台語review"
"22434","RD_P14877","臺北市","大安區","","芳蘭路","直接標注","待審查","","APP審查撤回|APP|2026-06-08T22:47:08.114Z","1","","0","0","0","","2026-08-16 22:25:53.136+00","已有台語來源狀態但缺少台語review"
"22435","RD_P14880","臺北市","大安區","","舟山路","直接標注","待審查","","APP審查撤回|APP|2026-06-08T22:47:18.918Z","1","","0","0","0","","2026-08-16 22:25:53.136+00","已有台語來源狀態但缺少台語review"
"22436","RD_P14885","臺北市","大安區","","臨江街","直接標注","待審查","","APP審查撤回|APP|2026-06-08T22:47:30.401Z","1","","0","0","0","","2026-08-16 22:25:53.136+00","已有台語來源狀態但缺少台語review"
"22439","RD_P14952","臺北市","文山區","","景文街","直接標注","待審查","","APP審查撤回|APP|2026-06-08T22:36:30.972Z","1","","0","0","0","","2026-08-16 22:25:53.136+00","已有台語來源狀態但缺少台語review"
"22442","RD_P15118","桃園市","中壢區","","文智路","直接標注","待審查","","APP審查撤回|APP|2026-06-08T22:47:08.114Z","1","","0","0","0","","2026-08-16 22:25:53.136+00","已有台語來源狀態但缺少台語review"
"22446","RD_P15129","桃園市","中壢區","","河南一路","直接標注","待審查","","APP審查撤回|APP|2026-06-08T22:27:49.166Z","1","","0","0","0","","2026-08-16 22:25:53.136+00","已有台語來源狀態但缺少台語review"
"22447","RD_P15134","桃園市","中壢區","","興北二路","直接標注","待審查","","APP審查撤回|APP|2026-06-08T22:36:30.972Z","1","","0","0","0","","2026-08-16 22:25:53.136+00","已有台語來源狀態但缺少台語review"
"22449","RD_P15141","桃園市","中壢區","","仁福二街","直接標注","待審查","","APP審查撤回|APP|2026-06-08T22:46:56.311Z","1","","0","0","0","","2026-08-16 22:25:53.136+00","已有台語來源狀態但缺少台語review"
"22450","RD_P15143","桃園市","中壢區","","王子街","直接標注","待審查","","APP審查撤回|APP|2026-06-08T22:47:08.114Z","1","","0","0","0","","2026-08-16 22:25:53.136+00","已有台語來源狀態但缺少台語review"
"22455","RD_P15160","桃園市","中壢區","","新中二街","直接標注","待審查","","APP審查撤回|APP|2026-06-08T22:36:30.972Z","1","","0","0","0","","2026-08-16 22:25:53.136+00","已有台語來源狀態但缺少台語review"
"22456","RD_P15161","桃園市","中壢區","","新華街","直接標注","待指派","","tanliangkun | 2026-05-05 10:45:53","1","","0","0","0","","2026-08-16 22:25:53.136+00","已有台語來源狀態但缺少台語review"
"22457","RD_P15164","桃園市","中壢區","","福州路","直接標注","待審查","","APP審查撤回|APP|2026-06-08T22:46:56.311Z","1","","0","0","0","","2026-08-16 22:25:53.136+00","已有台語來源狀態但缺少台語review"
"22458","RD_P15165","桃園市","中壢區","","廣州路","直接標注","待審查","","APP審查撤回|APP|2026-06-08T22:47:08.114Z","1","","0","0","0","","2026-08-16 22:25:53.136+00","已有台語來源狀態但缺少台語review"
"22461","RD_P15177","桃園市","中壢區","","自強五路","直接標注","待審查","","APP審查撤回|APP|2026-06-08T22:27:36.743Z","1","","0","0","0","","2026-08-16 22:25:53.136+00","已有台語來源狀態但缺少台語review"
"22462","RD_P15181","桃園市","中壢區","","青昇路","直接標注","待審查","","APP審查撤回|APP|2026-06-08T22:27:49.166Z","1","","0","0","0","","2026-08-16 22:25:53.136+00","已有台語來源狀態但缺少台語review"
"22463","RD_P15187","桃園市","中壢區","","普忠路","直接標注","待審查","","APP審查撤回|APP|2026-06-08T22:36:30.972Z","1","","0","0","0","","2026-08-16 22:25:53.136+00","已有台語來源狀態但缺少台語review"
"22464","RD_P15190","桃園市","中壢區","","新中一街","直接標注","待指派","","tanliangkun | 2026-05-05 10:45:53","1","","0","0","0","","2026-08-16 22:25:53.136+00","已有台語來源狀態但缺少台語review"
"22465","RD_P15199","桃園市","中壢區","","力行北街","直接標注","待審查","","APP審查撤回|APP|2026-06-08T22:46:56.311Z","1","","0","0","0","","2026-08-16 22:25:53.136+00","已有台語來源狀態但缺少台語review"
"22467","RD_P15241","桃園市","中壢區","","中豐北路","直接標注","待審查","","APP審查撤回|APP|2026-06-08T22:47:18.918Z","1","","0","0","0","","2026-08-16 22:25:53.136+00","已有台語來源狀態但缺少台語review"
"22468","RD_P15258","桃園市","中壢區","","嘉興二街","直接標注","待審查","","APP審查撤回|APP|2026-06-08T22:47:30.401Z","1","","0","0","0","","2026-08-16 22:25:53.136+00","已有台語來源狀態但缺少台語review"
"22469","RD_P15273","桃園市","中壢區","","弘揚路","直接標注","待審查","","APP審查撤回|APP|2026-06-08T22:27:36.743Z","1","","0","0","0","","2026-08-16 22:25:53.136+00","已有台語來源狀態但缺少台語review"
"22470","RD_P15305","桃園市","中壢區","","仁美","直接標注","待審查","","APP審查撤回|APP|2026-06-08T22:27:49.166Z","1","","0","0","0","","2026-08-16 22:25:53.136+00","已有台語來源狀態但缺少台語review"
"22472","RD_P16047","桃園市","八德區","","和強路","直接標注","待指派","","tanliangkun | 2026-05-05 10:45:53","1","","0","0","0","","2026-08-16 22:25:53.136+00","已有台語來源狀態但缺少台語review"
"22473","RD_P16249","桃園市","大園區","","致祥一街","直接標注","待審查","","APP審查撤回|APP|2026-06-08T22:46:56.311Z","1","","0","0","0","","2026-08-16 22:25:53.136+00","已有台語來源狀態但缺少台語review"
"22474","RD_P16250","桃園市","大園區","","致祥三街","直接標注","待審查","","APP審查撤回|APP|2026-06-08T22:47:08.114Z","1","","0","0","0","","2026-08-16 22:25:53.136+00","已有台語來源狀態但缺少台語review"
"22475","RD_P16260","桃園市","大園區","","後湖路","直接標注","待審查","","APP審查撤回|APP|2026-06-08T22:47:18.918Z","1","","0","0","0","","2026-08-16 22:25:53.136+00","已有台語來源狀態但缺少台語review"
"22477","RD_P16264","桃園市","大園區","","雙福路","直接標注","待審查","","APP審查撤回|APP|2026-06-08T22:27:36.743Z","1","","0","0","0","","2026-08-16 22:25:53.136+00","已有台語來源狀態但缺少台語review"
"22478","RD_P16274","桃園市","大園區","","春德路","直接標注","待審查","","APP審查撤回|APP|2026-06-08T22:27:49.166Z","1","","0","0","0","","2026-08-16 22:25:53.136+00","已有台語來源狀態但缺少台語review"
"22479","RD_P16275","桃園市","大園區","","福康路","直接標注","待審查","","APP審查撤回|APP|2026-06-08T22:36:30.972Z","1","","0","0","0","","2026-08-16 22:25:53.136+00","已有台語來源狀態但缺少台語review"
"22480","RD_P16280","桃園市","大園區","","航站南路","直接標注","待指派","","tanliangkun | 2026-05-05 10:45:53","1","","0","0","0","","2026-08-16 22:25:53.136+00","已有台語來源狀態但缺少台語review"
"22482","RD_P16576","桃園市","大溪區","","瑞福路","直接標注","待審查","","APP審查撤回|APP|2026-06-08T22:47:08.114Z","1","","0","0","0","","2026-08-16 22:25:53.136+00","已有台語來源狀態但缺少台語review"
"22483","RD_P16577","桃園市","大溪區","","美和路","直接標注","待審查","","APP審查撤回|APP|2026-06-08T22:47:18.918Z","1","","0","0","0","","2026-08-16 22:25:53.136+00","已有台語來源狀態但缺少台語review"
"22484","RD_P16579","桃園市","大溪區","","慈湖路","直接標注","待審查","","APP審查撤回|APP|2026-06-08T22:47:30.401Z","1","","0","0","0","","2026-08-16 22:25:53.136+00","已有台語來源狀態但缺少台語review"
"22487","RD_P16786","桃園市","平鎮區","","工業九路","直接標注","待審查","","APP審查撤回|APP|2026-06-08T22:36:30.972Z","1","","0","0","0","","2026-08-16 22:25:53.136+00","已有台語來源狀態但缺少台語review"
"22488","RD_P16799","桃園市","平鎮區","","廣平街","直接標注","待指派","","tanliangkun | 2026-05-05 10:45:53","1","","0","0","0","","2026-08-16 22:25:53.136+00","已有台語來源狀態但缺少台語review"
"22489","RD_P17093","桃園市","復興區","","巴崚","原住民族","待審查","","APP審查撤回|APP|2026-06-08T22:46:56.311Z","1","","0","0","0","","2026-08-16 22:25:53.136+00","已有台語來源狀態但缺少台語review"
"22490","RD_P17103","桃園市","復興區","","頭角","原住民族","待審查","","APP審查撤回|APP|2026-06-08T22:47:08.114Z","1","","0","0","0","","2026-08-16 22:25:53.136+00","已有台語來源狀態但缺少台語review"
"22491","RD_P17105","桃園市","復興區","","卡啦","原住民族","待審查","","APP審查撤回|APP|2026-06-08T22:47:18.918Z","1","","0","0","0","","2026-08-16 22:25:53.136+00","已有台語來源狀態但缺少台語review"
"22493","RD_P17202","桃園市","新屋區","","埔頂二路","直接標注","待審查","","APP審查撤回|APP|2026-06-08T22:27:36.743Z","1","","0","0","0","","2026-08-16 22:25:53.136+00","已有台語來源狀態但缺少台語review"
"22494","RD_P17434","桃園市","桃園區","","中寧街","直接標注","待審查","","APP審查撤回|APP|2026-06-08T22:27:49.166Z","1","","0","0","0","","2026-08-16 22:25:53.136+00","已有台語來源狀態但缺少台語review"
"22495","RD_P17435","桃園市","桃園區","","守法路","直接標注","待審查","","APP審查撤回|APP|2026-06-08T22:36:30.972Z","1","","0","0","0","","2026-08-16 22:25:53.137+00","已有台語來源狀態但缺少台語review"
"22497","RD_P17438","桃園市","桃園區","","慈雲街","直接標注","待審查","","APP審查撤回|APP|2026-06-08T22:46:56.311Z","1","","0","0","0","","2026-08-16 22:25:53.137+00","已有台語來源狀態但缺少台語review"
"22498","RD_P17439","桃園市","桃園區","","瑞慶路","直接標注","待審查","","APP審查撤回|APP|2026-06-08T22:47:08.114Z","1","","0","0","0","","2026-08-16 22:25:53.137+00","已有台語來源狀態但缺少台語review"
"22499","RD_P17446","桃園市","桃園區","","溫州一路","直接標注","待審查","","APP審查撤回|APP|2026-06-08T22:47:18.918Z","1","","0","0","0","","2026-08-16 22:25:53.137+00","已有台語來源狀態但缺少台語review"
"22501","RD_P17459","桃園市","桃園區","","文中東路","直接標注","待審查","","APP審查撤回|APP|2026-06-08T22:27:36.743Z","1","","0","0","0","","2026-08-16 22:25:53.137+00","已有台語來源狀態但缺少台語review"
"22502","RD_P17462","桃園市","桃園區","","吉昌街","直接標注","待審查","","APP審查撤回|APP|2026-06-08T22:27:49.166Z","1","","0","0","0","","2026-08-16 22:25:53.137+00","已有台語來源狀態但缺少台語review"
"22503","RD_P17463","桃園市","桃園區","","同德五街","直接標注","待審查","","APP審查撤回|APP|2026-06-08T22:36:30.972Z","1","","0","0","0","","2026-08-16 22:25:53.137+00","已有台語來源狀態但缺少台語review"
"22504","RD_P17470","桃園市","桃園區","","保定三街","直接標注","待指派","","tanliangkun | 2026-05-04 11:29:36","1","","0","0","0","","2026-08-16 22:25:53.137+00","已有台語來源狀態但缺少台語review"
"22506","RD_P17480","桃園市","桃園區","","新埔五街","直接標注","待審查","","APP審查撤回|APP|2026-06-08T22:47:08.114Z","1","","0","0","0","","2026-08-16 22:25:53.137+00","已有台語來源狀態但缺少台語review"
"22507","RD_P17484","桃園市","桃園區","","興邦路","直接標注","待審查","","APP審查撤回|APP|2026-06-08T22:47:18.918Z","1","","0","0","0","","2026-08-16 22:25:53.137+00","已有台語來源狀態但缺少台語review"
"22508","RD_P17499","桃園市","桃園區","","福信街","直接標注","待審查","","APP審查撤回|APP|2026-06-08T22:47:30.401Z","1","","0","0","0","","2026-08-16 22:25:53.137+00","已有台語來源狀態但缺少台語review"
"22509","RD_P17506","桃園市","桃園區","","泰昌十街","直接標注","待審查","","APP審查撤回|APP|2026-06-08T22:27:36.743Z","1","","0","0","0","","2026-08-16 22:25:53.137+00","已有台語來源狀態但缺少台語review"
"22511","RD_P17982","桃園市","楊梅區","","幼一路","直接標注","待審查","","APP審查撤回|APP|2026-06-08T22:36:30.972Z","1","","0","0","0","","2026-08-16 22:25:53.137+00","已有台語來源狀態但缺少台語review"
"22512","RD_P17991","桃園市","楊梅區","","成德一街","直接標注","待指派","","tanliangkun | 2026-05-04 11:20:20","1","","0","0","0","","2026-08-16 22:25:53.137+00","已有台語來源狀態但缺少台語review"
"22513","RD_P17996","桃園市","楊梅區","","金溪路","直接標注","待審查","","APP審查撤回|APP|2026-06-08T22:46:56.311Z","1","","0","0","0","","2026-08-16 22:25:53.137+00","已有台語來源狀態但缺少台語review"
"22514","RD_P18217","桃園市","蘆竹區","","南順八街","直接標注","待審查","","APP審查撤回|APP|2026-06-08T22:47:08.114Z","1","","0","0","0","","2026-08-16 22:25:53.137+00","已有台語來源狀態但缺少台語review"
"22516","RD_P18220","桃園市","蘆竹區","","南順四街","直接標注","待審查","","APP審查撤回|APP|2026-06-08T22:47:30.401Z","1","","0","0","0","","2026-08-16 22:25:53.137+00","已有台語來源狀態但缺少台語review"
"22517","RD_P18222","桃園市","蘆竹區","","中山北街","直接標注","待審查","","APP審查撤回|APP|2026-06-08T22:27:36.743Z","1","","0","0","0","","2026-08-16 22:25:53.137+00","已有台語來源狀態但缺少台語review"
"22520","RD_P18237","桃園市","蘆竹區","","桃園街","直接標注","待指派","","tanliangkun | 2026-05-04 11:26:08","1","","0","0","0","","2026-08-16 22:25:53.137+00","已有台語來源狀態但缺少台語review"
"22521","RD_P18527","桃園市","觀音區","","大潭三路","直接標注","待審查","","APP審查撤回|APP|2026-06-08T22:46:56.311Z","1","","0","0","0","","2026-08-16 22:25:53.137+00","已有台語來源狀態但缺少台語review"
"22522","RD_P18529","桃園市","觀音區","","莊敬三街","直接標注","待審查","","APP審查撤回|APP|2026-06-08T22:47:08.114Z","1","","0","0","0","","2026-08-16 22:25:53.137+00","已有台語來源狀態但缺少台語review"
"22524","RD_P18531","桃園市","觀音區","","桃科三路","直接標注","待審查","","APP審查撤回|APP|2026-06-08T22:47:30.401Z","1","","0","0","0","","2026-08-16 22:25:53.137+00","已有台語來源狀態但缺少台語review"
"22525","RD_P18542","桃園市","觀音區","","國瑞路","直接標注","待審查","","APP審查撤回|APP|2026-06-08T22:27:36.743Z","1","","0","0","0","","2026-08-16 22:25:53.137+00","已有台語來源狀態但缺少台語review"
"22533","RD_P18914","桃園市","龍潭區","","美國路","直接標注","待審查","","APP審查撤回|APP|2026-06-08T22:27:36.743Z","1","","0","0","0","","2026-08-16 22:25:53.137+00","已有台語來源狀態但缺少台語review"
"22534","RD_P18916","桃園市","龍潭區","","華南路","直接標注","待審查","","APP審查撤回|APP|2026-06-08T22:27:49.166Z","1","","0","0","0","","2026-08-16 22:25:53.137+00","已有台語來源狀態但缺少台語review"
"22535","RD_P18918","桃園市","龍潭區","","民豐","直接標注","待審查","","APP審查撤回|APP|2026-06-08T22:36:30.972Z","1","","0","0","0","","2026-08-16 22:25:53.137+00","已有台語來源狀態但缺少台語review"
"22536","RD_P18922","桃園市","龍潭區","","新生路口","直接標注","待指派","","tanliangkun | 2026-05-04 11:24:43","1","","0","0","0","","2026-08-16 22:25:53.137+00","已有台語來源狀態但缺少台語review"
"22537","RD_P19174","桃園市","龜山區","","文藝街","直接標注","待審查","","APP審查撤回|APP|2026-06-08T22:46:56.311Z","1","","0","0","0","","2026-08-16 22:25:53.137+00","已有台語來源狀態但缺少台語review"
"22538","RD_P19180","桃園市","龜山區","","樂學三路","直接標注","待審查","","APP審查撤回|APP|2026-06-08T22:47:08.114Z","1","","0","0","0","","2026-08-16 22:25:53.137+00","已有台語來源狀態但缺少台語review"
"22539","RD_P19181","桃園市","龜山區","","興業街","直接標注","待審查","","APP審查撤回|APP|2026-06-08T22:47:18.918Z","1","","0","0","0","","2026-08-16 22:25:53.137+00","已有台語來源狀態但缺少台語review"
"22540","RD_P19183","桃園市","龜山區","","文二一街","直接標注","待審查","","APP審查撤回|APP|2026-06-08T22:47:30.401Z","1","","0","0","0","","2026-08-16 22:25:53.137+00","已有台語來源狀態但缺少台語review"
"22542","RD_P19186","桃園市","龜山區","","文達路","直接標注","待審查","","APP審查撤回|APP|2026-06-08T22:27:49.166Z","1","","0","0","0","","2026-08-16 22:25:53.137+00","已有台語來源狀態但缺少台語review"
"22545","RD_P19198","桃園市","龜山區","","樂善一路","直接標注","待審查","","APP審查撤回|APP|2026-06-08T22:46:56.311Z","1","","0","0","0","","2026-08-16 22:25:53.137+00","已有台語來源狀態但缺少台語review"
"22546","RD_P19199","桃園市","龜山區","","樂學路","直接標注","待審查","","APP審查撤回|APP|2026-06-08T22:47:08.114Z","1","","0","0","0","","2026-08-16 22:25:53.137+00","已有台語來源狀態但缺少台語review"
"22547","RD_P19207","桃園市","龜山區","","文桃路","直接標注","待審查","","APP審查撤回|APP|2026-06-08T22:47:18.918Z","1","","0","0","0","","2026-08-16 22:25:53.137+00","已有台語來源狀態但缺少台語review"
"22548","RD_P19210","桃園市","龜山區","","自強西路","直接標注","待審查","","APP審查撤回|APP|2026-06-08T22:47:30.401Z","1","","0","0","0","","2026-08-16 22:25:53.137+00","已有台語來源狀態但缺少台語review"
"22549","RD_P19211","桃園市","龜山區","","幸美街","直接標注","待審查","","APP審查撤回|APP|2026-06-08T22:27:36.743Z","1","","0","0","0","","2026-08-16 22:25:53.137+00","已有台語來源狀態但缺少台語review"
"22550","RD_P19212","桃園市","龜山區","","明成街","直接標注","待審查","","APP審查撤回|APP|2026-06-08T22:27:49.166Z","1","","0","0","0","","2026-08-16 22:25:53.137+00","已有台語來源狀態但缺少台語review"
"22551","RD_P19223","桃園市","龜山區","","華亞三路","直接標注","待審查","","APP審查撤回|APP|2026-06-08T22:36:30.972Z","1","","0","0","0","","2026-08-16 22:25:53.137+00","已有台語來源狀態但缺少台語review"
"22552","RD_P19224","桃園市","龜山區","","樂善三路","直接標注","待指派","","tanliangkun | 2026-05-04 11:20:45","1","","0","0","0","","2026-08-16 22:25:53.137+00","已有台語來源狀態但缺少台語review"
"22553","RD_P19240","桃園市","龜山區","","樂善二路","直接標注","待審查","","APP審查撤回|APP|2026-06-08T22:46:56.311Z","1","","0","0","0","","2026-08-16 22:25:53.137+00","已有台語來源狀態但缺少台語review"
"22554","RD_P19266","桃園市","龜山區","","自強北路","直接標注","待審查","","APP審查撤回|APP|2026-06-08T22:47:08.114Z","1","","0","0","0","","2026-08-16 22:25:53.137+00","已有台語來源狀態但缺少台語review"
"22556","RD_P19559","臺南市","下營區","","中興南路","直接標注","待審查","","tanliangkun | 2026-07-06 16:21:31","1","","0","0","0","","2026-08-16 22:25:53.137+00","已有台語來源狀態但缺少台語review"
"22557","RD_P19560","臺南市","下營區","","仁南街","直接標注","待審查","","tanliangkun | 2026-07-06 16:21:31","1","","0","0","0","","2026-08-16 22:25:53.137+00","已有台語來源狀態但缺少台語review"
"22558","RD_P19633","臺南市","中西區","","西寧街","電話調查","待審查","","tanliangkun | 2026-07-06 16:21:32","1","","0","0","0","","2026-08-16 22:25:53.137+00","已有台語來源狀態但缺少台語review"
"22559","RD_P19634","臺南市","中西區","","和真街","直接標注","待審查","","tanliangkun | 2026-07-06 16:21:31","1","","0","0","0","","2026-08-16 22:25:53.137+00","已有台語來源狀態但缺少台語review"
"22560","RD_P19635","臺南市","中西區","","郡西路","電話調查","待指派","","L1總表匯入|2026-04-27 21:50:05","1","","0","0","0","","2026-08-16 22:25:53.137+00","已有台語來源狀態但缺少台語review"
"22561","RD_P19636","臺南市","中西區","","廣慈街","直接標注","待審查","","APP審查撤回|APP|2026-06-08T22:46:56.311Z","1","","0","0","0","","2026-08-16 22:25:53.137+00","已有台語來源狀態但缺少台語review"
"22562","RD_P19637","臺南市","中西區","","府緯街","電話調查","待審查","","tanliangkun | 2026-07-06 16:21:40","1","","0","0","0","","2026-08-16 22:25:53.137+00","已有台語來源狀態但缺少台語review"
"22563","RD_P19638","臺南市","中西區","","河中街","直接標注","待審查","","APP審查撤回|APP|2026-06-08T22:47:18.918Z","1","","0","0","0","","2026-08-16 22:25:53.137+00","已有台語來源狀態但缺少台語review"
"22564","RD_P19639","臺南市","中西區","","大涼路","電話調查","待審查","","tanliangkun | 2026-07-06 17:30:27","1","","0","0","0","","2026-08-16 22:25:53.137+00","已有台語來源狀態但缺少台語review"
"22565","RD_P19642","臺南市","中西區","","友愛東街","直接標注","待審查","","tanliangkun | 2026-07-06 17:30:32","1","","0","0","0","","2026-08-16 22:25:53.137+00","已有台語來源狀態但缺少台語review"
"22566","RD_P19644","臺南市","中西區","","西華南街","電話調查","待審查","","tanliangkun | 2026-07-06 17:30:32","1","","0","0","0","","2026-08-16 22:25:53.137+00","已有台語來源狀態但缺少台語review"
"22567","RD_P19645","臺南市","中西區","","忠明街","直接標注","待審查","","tanliangkun | 2026-07-06 17:30:37","1","","0","0","0","","2026-08-16 22:25:53.137+00","已有台語來源狀態但缺少台語review"
"22568","RD_P19648","臺南市","中西區","","頂美三街","電話調查","待指派","","tanliangkun | 2026-07-06 17:30:55","1","","0","0","0","","2026-08-16 22:25:53.137+00","已有台語來源狀態但缺少台語review"
"22569","RD_P19649","臺南市","中西區","","赤崁東街","直接標注","待審查","","tanliangkun | 2026-07-06 17:30:56","1","","0","0","0","","2026-08-16 22:25:53.137+00","已有台語來源狀態但缺少台語review"
"22570","RD_P19650","臺南市","中西區","","和意路","直接標注","待審查","","tanliangkun | 2026-07-06 17:31:00","1","","0","0","0","","2026-08-16 22:25:53.137+00","已有台語來源狀態但缺少台語review"
"22571","RD_P19651","臺南市","中西區","","府中街","直接標注","待審查","","tanliangkun | 2026-07-06 17:31:00","1","","0","0","0","","2026-08-16 22:25:53.137+00","已有台語來源狀態但缺少台語review"
"22572","RD_P19652","臺南市","中西區","","府前一街","電話調查","待審查","","tanliangkun | 2026-07-06 17:31:00","1","","0","0","0","","2026-08-16 22:25:53.137+00","已有台語來源狀態但缺少台語review"
"22573","RD_P19658","臺南市","中西區","","西和路","電話調查","待審查","","tanliangkun | 2026-07-06 17:31:00","1","","0","0","0","","2026-08-16 22:25:53.138+00","已有台語來源狀態但缺少台語review"
"22574","RD_P19661","臺南市","中西區","","美麗街","直接標注","待審查","","tanliangkun | 2026-07-06 17:31:00","1","","0","0","0","","2026-08-16 22:25:53.138+00","已有台語來源狀態但缺少台語review"
"22575","RD_P19665","臺南市","中西區","","頂美二街","電話調查","待審查","","tanliangkun | 2026-07-06 17:31:42","1","","0","0","0","","2026-08-16 22:25:53.138+00","已有台語來源狀態但缺少台語review"
"22576","RD_P19667","臺南市","中西區","","萬昌街","直接標注","待指派","","tanliangkun | 2026-07-06 17:31:42","1","","0","0","0","","2026-08-16 22:25:53.138+00","已有台語來源狀態但缺少台語review"
"22577","RD_P19672","臺南市","中西區","","慶中街","直接標注","待審查","","tanliangkun | 2026-07-06 17:32:00","1","","0","0","0","","2026-08-16 22:25:53.138+00","已有台語來源狀態但缺少台語review"
"22578","RD_P19673","臺南市","中西區","","衛民街","直接標注","待審查","","tanliangkun | 2026-07-06 17:32:00","1","","0","0","0","","2026-08-16 22:25:53.138+00","已有台語來源狀態但缺少台語review"
"22579","RD_P19676","臺南市","中西區","","新美街","直接標注","待審查","","tanliangkun | 2026-07-06 17:32:00","1","","0","0","0","","2026-08-16 22:25:53.138+00","已有台語來源狀態但缺少台語review"
"22580","RD_P19682","臺南市","中西區","","尊王路","直接標注","待審查","","tanliangkun | 2026-07-06 17:32:00","1","","0","0","0","","2026-08-16 22:25:53.138+00","已有台語來源狀態但缺少台語review"
"22581","RD_P19754","臺南市","仁德區","","文孝路","直接標注","待審查","","tanliangkun | 2026-07-06 17:32:00","1","","0","0","0","","2026-08-16 22:25:53.138+00","已有台語來源狀態但缺少台語review"
"22582","RD_P19755","臺南市","仁德區","","德洋路","電話調查","待審查","","tanliangkun | 2026-07-06 17:32:00","1","","0","0","0","","2026-08-16 22:25:53.138+00","已有台語來源狀態但缺少台語review"
"22583","RD_P19762","臺南市","仁德區","","保學路","直接標注","待審查","","tanliangkun | 2026-07-06 17:32:00","1","","0","0","0","","2026-08-16 22:25:53.138+00","已有台語來源狀態但缺少台語review"
"22584","RD_P19771","臺南市","仁德區","","義林路","直接標注","待指派","","tanliangkun | 2026-07-06 17:32:00","1","","0","0","0","","2026-08-16 22:25:53.138+00","已有台語來源狀態但缺少台語review"
"22585","RD_P19772","臺南市","仁德區","","德糖路","直接標注","待審查","","tanliangkun | 2026-07-06 17:32:00","1","","0","0","0","","2026-08-16 22:25:53.138+00","已有台語來源狀態但缺少台語review"
"22586","RD_P19774","臺南市","仁德區","","保華路","直接標注","待審查","","tanliangkun | 2026-07-06 17:32:00","1","","0","0","0","","2026-08-16 22:25:53.138+00","已有台語來源狀態但缺少台語review"
"22587","RD_P19790","臺南市","仁德區","","仁愛","電話調查","待審查","","tanliangkun | 2026-07-06 17:32:00","1","","0","0","0","","2026-08-16 22:25:53.138+00","已有台語來源狀態但缺少台語review"
"22589","RD_P19966","臺南市","佳里區","","佳南路","直接標注","待審查","","tanliangkun | 2026-07-06 17:32:00","1","","0","0","0","","2026-08-16 22:25:53.138+00","已有台語來源狀態但缺少台語review"
"22594","RD_P20083","臺南市","六甲區","","工研路","電話調查","待審查","","tanliangkun | 2026-07-06 17:32:00","1","","0","0","0","","2026-08-16 22:25:53.138+00","已有台語來源狀態但缺少台語review"
"22595","RD_P20130","臺南市","北區","","文成三路","直接標注","待審查","","tanliangkun | 2026-07-06 17:32:00","1","","0","0","0","","2026-08-16 22:25:53.138+00","已有台語來源狀態但缺少台語review"
"22596","RD_P20132","臺南市","北區","","育成路","直接標注","待審查","","tanliangkun | 2026-07-06 17:32:00","1","","0","0","0","","2026-08-16 22:25:53.138+00","已有台語來源狀態但缺少台語review"
"22597","RD_P20133","臺南市","北區","","育德二路","直接標注","待審查","","tanliangkun | 2026-07-06 17:32:00","1","","0","0","0","","2026-08-16 22:25:53.138+00","已有台語來源狀態但缺少台語review"
"22598","RD_P20134","臺南市","北區","","長勝路","電話調查","待審查","","tanliangkun | 2026-07-06 17:32:00","1","","0","0","0","","2026-08-16 22:25:53.138+00","已有台語來源狀態但缺少台語review"
"22599","RD_P20137","臺南市","北區","","大港街","電話調查","待審查","","tanliangkun | 2026-07-06 17:32:11","1","","0","0","0","","2026-08-16 22:25:53.138+00","已有台語來源狀態但缺少台語review"
"22600","RD_P20138","臺南市","北區","","北忠街","直接標注","待指派","","tanliangkun | 2026-07-06 17:32:00","1","","0","0","0","","2026-08-16 22:25:53.138+00","已有台語來源狀態但缺少台語review"
"22601","RD_P20139","臺南市","北區","","長德街","電話調查","待審查","","tanliangkun | 2026-07-06 17:32:00","1","","0","0","0","","2026-08-16 22:25:53.138+00","已有台語來源狀態但缺少台語review"
"22602","RD_P20141","臺南市","北區","","文成一路","直接標注","待審查","","tanliangkun | 2026-07-06 17:32:00","1","","0","0","0","","2026-08-16 22:25:53.138+00","已有台語來源狀態但缺少台語review"
"22603","RD_P20142","臺南市","北區","","長北街","電話調查","待審查","","tanliangkun | 2026-07-06 17:32:00","1","","0","0","0","","2026-08-16 22:25:53.138+00","已有台語來源狀態但缺少台語review"
"22605","RD_P20236","臺南市","南化區","","南化","直接標注","待審查","","tanliangkun | 2026-07-01 17:46:55","1","","0","0","0","","2026-08-16 22:25:53.138+00","已有台語來源狀態但缺少台語review"
"22606","RD_P20240","臺南市","南區","","喜樂路","電話調查","待審查","","tanliangkun | 2026-07-06 17:24:15","1","","0","0","0","","2026-08-16 22:25:53.138+00","已有台語來源狀態但缺少台語review"
"22607","RD_P20242","臺南市","南區","","福吉三街","直接標注","待審查","","tanliangkun | 2026-07-06 17:24:20","1","","0","0","0","","2026-08-16 22:25:53.138+00","已有台語來源狀態但缺少台語review"
"22608","RD_P20247","臺南市","南區","","利南街","直接標注","待指派","","tanliangkun | 2026-07-06 17:24:29","1","","0","0","0","","2026-08-16 22:25:53.138+00","已有台語來源狀態但缺少台語review"
"22609","RD_P20248","臺南市","南區","","尊南街","直接標注","待審查","","tanliangkun | 2026-07-06 17:24:29","1","","0","0","0","","2026-08-16 22:25:53.138+00","已有台語來源狀態但缺少台語review"
"22610","RD_P20250","臺南市","南區","","慶南街","直接標注","待審查","","tanliangkun | 2026-07-06 17:24:29","1","","0","0","0","","2026-08-16 22:25:53.138+00","已有台語來源狀態但缺少台語review"
"22611","RD_P20256","臺南市","南區","","機場路","直接標注","待審查","","tanliangkun | 2026-07-06 17:24:29","1","","0","0","0","","2026-08-16 22:25:53.138+00","已有台語來源狀態但缺少台語review"
"22612","RD_P20258","臺南市","南區","","三官路","電話調查","待審查","","tanliangkun | 2026-07-06 17:24:30","1","","0","0","0","","2026-08-16 22:25:53.138+00","已有台語來源狀態但缺少台語review"
"22613","RD_P20261","臺南市","南區","","新孝路","直接標注","待審查","","tanliangkun | 2026-07-06 17:24:29","1","","0","0","0","","2026-08-16 22:25:53.138+00","已有台語來源狀態但缺少台語review"
"22614","RD_P20264","臺南市","南區","","新興東路","直接標注","待審查","","tanliangkun | 2026-07-06 17:24:41","1","","0","0","0","","2026-08-16 22:25:53.138+00","已有台語來源狀態但缺少台語review"
"22615","RD_P20271","臺南市","南區","","濱南路","直接標注","待審查","","tanliangkun | 2026-07-06 17:24:41","1","","0","0","0","","2026-08-16 22:25:53.138+00","已有台語來源狀態但缺少台語review"
"22616","RD_P20273","臺南市","南區","","文南路","直接標注","待指派","","tanliangkun | 2026-07-06 17:24:41","1","","0","0","0","","2026-08-16 22:25:53.138+00","已有台語來源狀態但缺少台語review"
"22617","RD_P20380","臺南市","善化區","","光復三街","直接標注","待審查","","tanliangkun | 2026-07-01 17:56:06","1","","0","0","0","","2026-08-16 22:25:53.138+00","已有台語來源狀態但缺少台語review"
"22618","RD_P20385","臺南市","善化區","","南科北路","直接標注","待審查","","tanliangkun | 2026-07-01 17:56:37","1","","0","0","0","","2026-08-16 22:25:53.139+00","已有台語來源狀態但缺少台語review"
"22619","RD_P20387","臺南市","善化區","","苗圃巷","電話調查","待審查","","tanliangkun | 2026-07-01 17:56:43","1","","0","0","0","","2026-08-16 22:25:53.139+00","已有台語來源狀態但缺少台語review"
"22620","RD_P20388","臺南市","善化區","","烏橋中路","電話調查","待審查","","tanliangkun | 2026-07-01 17:56:45","1","","0","0","0","","2026-08-16 22:25:53.139+00","已有台語來源狀態但缺少台語review"
"22621","RD_P20390","臺南市","善化區","","陽光三路","電話調查","待審查","","tanliangkun | 2026-07-01 17:56:44","1","","0","0","0","","2026-08-16 22:25:53.139+00","已有台語來源狀態但缺少台語review"
"22622","RD_P20392","臺南市","善化區","","光復二街","直接標注","待審查","","tanliangkun | 2026-07-01 17:56:48","1","","0","0","0","","2026-08-16 22:25:53.139+00","已有台語來源狀態但缺少台語review"
"22623","RD_P20393","臺南市","善化區","","善新西路","直接標注","待審查","","tanliangkun | 2026-07-01 17:56:49","1","","0","0","0","","2026-08-16 22:25:53.139+00","已有台語來源狀態但缺少台語review"
"22624","RD_P20409","臺南市","善化區","","陽光二路","電話調查","待指派","","tanliangkun | 2026-07-01 17:56:17","1","","0","0","0","","2026-08-16 22:25:53.139+00","已有台語來源狀態但缺少台語review"
"22625","RD_P20411","臺南市","善化區","","蓮潭路","直接標注","待審查","","tanliangkun | 2026-07-01 17:56:16","1","","0","0","0","","2026-08-16 22:25:53.139+00","已有台語來源狀態但缺少台語review"
"22626","RD_P20504","臺南市","大內區","","石子瀨","電話調查","待審查","","tanliangkun | 2026-07-01 17:47:19","1","","0","0","0","","2026-08-16 22:25:53.139+00","已有台語來源狀態但缺少台語review"
"22627","RD_P20507","臺南市","大內區","","環湖","電話調查","待審查","","tanliangkun | 2026-07-01 17:47:24","1","","0","0","0","","2026-08-16 22:25:53.139+00","已有台語來源狀態但缺少台語review"
"22629","RD_P20519","臺南市","學甲區","","重信路","直接標注","待審查","","tanliangkun | 2026-07-06 16:22:18","1","","0","0","0","","2026-08-16 22:25:53.139+00","已有台語來源狀態但缺少台語review"
"22633","RD_P20593","臺南市","安南區","","九份子大道","電話調查","待審查","","tanliangkun | 2026-07-06 13:39:45","1","","0","0","0","","2026-08-16 22:25:53.139+00","已有台語來源狀態但缺少台語review"
"22634","RD_P20597","臺南市","安南區","","仁安二街","直接標注","待審查","","tanliangkun | 2026-07-06 13:39:48","1","","0","0","0","","2026-08-16 22:25:53.139+00","已有台語來源狀態但缺少台語review"
"22635","RD_P20601","臺南市","安南區","","宜居路","直接標注","待審查","","tanliangkun | 2026-07-01 17:47:24","1","","0","0","0","","2026-08-16 22:25:53.139+00","已有台語來源狀態但缺少台語review"
"22636","RD_P20603","臺南市","安南區","","環館北路","電話調查","待審查","","tanliangkun | 2026-07-06 13:40:02","1","","0","0","0","","2026-08-16 22:25:53.139+00","已有台語來源狀態但缺少台語review"
"22637","RD_P20604","臺南市","安南區","","環館路","電話調查","待審查","","tanliangkun | 2026-07-06 13:40:02","1","","0","0","0","","2026-08-16 22:25:53.139+00","已有台語來源狀態但缺少台語review"
"22638","RD_P20608","臺南市","安南區","","溪東三街","電話調查","待審查","","tanliangkun | 2026-07-06 13:40:00","1","","0","0","0","","2026-08-16 22:25:53.139+00","已有台語來源狀態但缺少台語review"
"22639","RD_P20610","臺南市","安南區","","博館路","直接標注","待審查","","tanliangkun | 2026-07-06 13:39:55","1","","0","0","0","","2026-08-16 22:25:53.139+00","已有台語來源狀態但缺少台語review"
"22640","RD_P20612","臺南市","安南區","","安富一街","直接標注","待指派","","tanliangkun | 2026-07-06 13:39:55","1","","0","0","0","","2026-08-16 22:25:53.139+00","已有台語來源狀態但缺少台語review"
"22641","RD_P20613","臺南市","安南區","","北汕尾三路","直接標注","待審查","","tanliangkun | 2026-07-06 13:39:55","1","","0","0","0","","2026-08-16 22:25:53.139+00","已有台語來源狀態但缺少台語review"
"22642","RD_P20964","臺南市","安定區","","安定東路","直接標注","待審查","","tanliangkun | 2026-07-01 17:56:05","1","","0","0","0","","2026-08-16 22:25:53.139+00","已有台語來源狀態但缺少台語review"
"22643","RD_P20973","臺南市","安定區","","安定","電話調查","待審查","","tanliangkun | 2026-07-01 17:56:06","1","","0","0","0","","2026-08-16 22:25:53.139+00","已有台語來源狀態但缺少台語review"
"22644","RD_P20995","臺南市","安平區","","世平一街","直接標注","待審查","","tanliangkun | 2026-07-06 17:28:58","1","","0","0","0","","2026-08-16 22:25:53.139+00","已有台語來源狀態但缺少台語review"
"22645","RD_P20996","臺南市","安平區","","安港路","直接標注","待審查","","tanliangkun | 2026-07-06 17:29:25","1","","0","0","0","","2026-08-16 22:25:53.139+00","已有台語來源狀態但缺少台語review"
"22646","RD_P20997","臺南市","安平區","","州平二街","直接標注","待審查","","tanliangkun | 2026-07-06 17:29:25","1","","0","0","0","","2026-08-16 22:25:53.139+00","已有台語來源狀態但缺少台語review"
"22647","RD_P20999","臺南市","安平區","","國平西路","直接標注","待審查","","tanliangkun | 2026-07-06 17:29:25","1","","0","0","0","","2026-08-16 22:25:53.139+00","已有台語來源狀態但缺少台語review"
"22648","RD_P21000","臺南市","安平區","","世平路","直接標注","待指派","","tanliangkun | 2026-07-06 17:29:25","1","","0","0","0","","2026-08-16 22:25:53.139+00","已有台語來源狀態但缺少台語review"
"22649","RD_P21001","臺南市","安平區","","平通路","直接標注","待審查","","tanliangkun | 2026-07-06 17:29:25","1","","0","0","0","","2026-08-16 22:25:53.139+00","已有台語來源狀態但缺少台語review"
"22650","RD_P21002","臺南市","安平區","","平豐路","直接標注","待審查","","tanliangkun | 2026-07-06 17:29:25","1","","0","0","0","","2026-08-16 22:25:53.139+00","已有台語來源狀態但缺少台語review"
"22651","RD_P21004","臺南市","安平區","","光州路","直接標注","待審查","","tanliangkun | 2026-07-06 17:29:25","1","","0","0","0","","2026-08-16 22:25:53.139+00","已有台語來源狀態但缺少台語review"
"22652","RD_P21005","臺南市","安平區","","同平路","直接標注","待審查","","tanliangkun | 2026-07-06 17:29:25","1","","0","0","0","","2026-08-16 22:25:53.139+00","已有台語來源狀態但缺少台語review"
"22653","RD_P21006","臺南市","安平區","","育平六街","直接標注","待審查","","tanliangkun | 2026-07-06 17:29:25","1","","0","0","0","","2026-08-16 22:25:53.139+00","已有台語來源狀態但缺少台語review"
"22654","RD_P21008","臺南市","安平區","","國平北路","直接標注","待審查","","tanliangkun | 2026-07-06 17:29:25","1","","0","0","0","","2026-08-16 22:25:53.139+00","已有台語來源狀態但缺少台語review"
"22655","RD_P21009","臺南市","安平區","","國勝路","直接標注","待審查","","tanliangkun | 2026-07-06 17:29:25","1","","0","0","0","","2026-08-16 22:25:53.139+00","已有台語來源狀態但缺少台語review"
"22656","RD_P21010","臺南市","安平區","","漁光路","電話調查","待指派","","tanliangkun | 2026-07-06 17:29:26","1","","0","0","0","","2026-08-16 22:25:53.139+00","已有台語來源狀態但缺少台語review"
"22657","RD_P21011","臺南市","安平區","","古堡街","直接標注","待審查","","tanliangkun | 2026-07-06 17:29:25","1","","0","0","0","","2026-08-16 22:25:53.139+00","已有台語來源狀態但缺少台語review"
"22658","RD_P21012","臺南市","安平區","","怡平路","直接標注","待審查","","tanliangkun | 2026-07-06 17:29:26","1","","0","0","0","","2026-08-16 22:25:53.139+00","已有台語來源狀態但缺少台語review"
"22659","RD_P21015","臺南市","安平區","","運河路","直接標注","待審查","","tanliangkun | 2026-07-06 17:29:26","1","","0","0","0","","2026-08-16 22:25:53.139+00","已有台語來源狀態但缺少台語review"
"22660","RD_P21016","臺南市","安平區","","觀音街","直接標注","待審查","","tanliangkun | 2026-07-06 17:29:26","1","","0","0","0","","2026-08-16 22:25:53.139+00","已有台語來源狀態但缺少台語review"
"22661","RD_P21021","臺南市","安平區","","城平路","電話調查","待審查","","tanliangkun | 2026-07-06 17:29:29","1","","0","0","0","","2026-08-16 22:25:53.139+00","已有台語來源狀態但缺少台語review"
"22662","RD_P21022","臺南市","安平區","","安億路","直接標注","待審查","","tanliangkun | 2026-07-06 17:29:26","1","","0","0","0","","2026-08-16 22:25:53.139+00","已有台語來源狀態但缺少台語review"
"22663","RD_P21027","臺南市","安平區","","府平路","直接標注","待審查","","tanliangkun | 2026-07-06 17:29:39","1","","0","0","0","","2026-08-16 22:25:53.139+00","已有台語來源狀態但缺少台語review"
"22664","RD_P21100","臺南市","官田區","","隆林路","直接標注","待指派","","tanliangkun | 2026-07-06 17:29:39","1","","0","0","0","","2026-08-16 22:25:53.139+00","已有台語來源狀態但缺少台語review"
"22665","RD_P21108","臺南市","官田區","","鎮森路","電話調查","待審查","","tanliangkun | 2026-07-06 17:29:46","1","","0","0","0","","2026-08-16 22:25:53.139+00","已有台語來源狀態但缺少台語review"
"22666","RD_P21112","臺南市","官田區","","程泰","電話調查","待審查","","tanliangkun | 2026-07-06 16:22:33","1","","0","0","0","","2026-08-16 22:25:53.14+00","已有台語來源狀態但缺少台語review"
"22667","RD_P21136","臺南市","官田區","","嘉南","電話調查","待審查","","tanliangkun | 2026-07-06 16:22:40","1","","0","0","0","","2026-08-16 22:25:53.14+00","已有台語來源狀態但缺少台語review"
"22679","RD_P21203","臺南市","山上區","","明和","電話調查","待審查","","tanliangkun | 2026-07-06 16:22:40","1","","0","0","0","","2026-08-16 22:25:53.141+00","已有台語來源狀態但缺少台語review"
"22680","RD_P21205","臺南市","山上區","","山上","電話調查","待指派","","tanliangkun | 2026-07-06 16:22:40","1","","0","0","0","","2026-08-16 22:25:53.141+00","已有台語來源狀態但缺少台語review"
"22681","RD_P21220","臺南市","左鎮區","","光和","電話調查","待審查","","tanliangkun | 2026-07-06 16:22:40","1","","0","0","0","","2026-08-16 22:25:53.141+00","已有台語來源狀態但缺少台語review"
"22682","RD_P21222","臺南市","左鎮區","","岡林","電話調查","待審查","","tanliangkun | 2026-07-06 16:22:40","1","","0","0","0","","2026-08-16 22:25:53.141+00","已有台語來源狀態但缺少台語review"
"22683","RD_P21225","臺南市","左鎮區","","左鎮","電話調查","待審查","","tanliangkun | 2026-07-06 16:22:40","1","","0","0","0","","2026-08-16 22:25:53.141+00","已有台語來源狀態但缺少台語review"
"22684","RD_P21232","臺南市","後壁區","","下長","電話調查","待審查","","tanliangkun | 2026-07-06 16:22:40","1","","0","0","0","","2026-08-16 22:25:53.141+00","已有台語來源狀態但缺少台語review"
"22685","RD_P21238","臺南市","後壁區","","菁寮","電話調查","待審查","","tanliangkun | 2026-07-06 16:22:40","1","","0","0","0","","2026-08-16 22:25:53.141+00","已有台語來源狀態但缺少台語review"
"22686","RD_P21304","臺南市","新市區","","西拉雅大道","電話調查","待審查","","tanliangkun | 2026-07-01 17:54:33","1","","0","0","0","","2026-08-16 22:25:53.141+00","已有台語來源狀態但缺少台語review"
"22687","RD_P21305","臺南市","新市區","","南科二路","直接標注","待審查","","tanliangkun | 2026-07-01 17:54:39","1","","0","0","0","","2026-08-16 22:25:53.141+00","已有台語來源狀態但缺少台語review"
"22688","RD_P21306","臺南市","新市區","","南科三路","直接標注","待指派","","tanliangkun | 2026-07-01 17:54:42","1","","0","0","0","","2026-08-16 22:25:53.141+00","已有台語來源狀態但缺少台語review"
"22689","RD_P21307","臺南市","新市區","","南科南路","直接標注","待審查","","tanliangkun | 2026-07-01 17:54:42","1","","0","0","0","","2026-08-16 22:25:53.141+00","已有台語來源狀態但缺少台語review"
"22690","RD_P21309","臺南市","新市區","","王甲路","直接標注","待審查","","tanliangkun | 2026-07-01 17:54:51","1","","0","0","0","","2026-08-16 22:25:53.141+00","已有台語來源狀態但缺少台語review"
"22691","RD_P21310","臺南市","新市區","","永華三街","直接標注","待審查","","tanliangkun | 2026-07-01 17:54:51","1","","0","0","0","","2026-08-16 22:25:53.141+00","已有台語來源狀態但缺少台語review"
"22692","RD_P21311","臺南市","新市區","","店頂","電話調查","待審查","","tanliangkun | 2026-07-01 17:54:51","1","","0","0","0","","2026-08-16 22:25:53.141+00","已有台語來源狀態但缺少台語review"
"22693","RD_P21312","臺南市","新市區","","富中街","電話調查","待審查","","tanliangkun | 2026-07-01 17:54:58","1","","0","0","0","","2026-08-16 22:25:53.141+00","已有台語來源狀態但缺少台語review"
"22694","RD_P21317","臺南市","新市區","","創業路","直接標注","待審查","","tanliangkun | 2026-07-01 17:55:01","1","","0","0","0","","2026-08-16 22:25:53.141+00","已有台語來源狀態但缺少台語review"
"22695","RD_P21319","臺南市","新市區","","陽光大道","電話調查","待審查","","tanliangkun | 2026-07-01 17:55:44","1","","0","0","0","","2026-08-16 22:25:53.141+00","已有台語來源狀態但缺少台語review"
"22696","RD_P21321","臺南市","新市區","","龍目井路","電話調查","待指派","","tanliangkun | 2026-07-01 17:56:00","1","","0","0","0","","2026-08-16 22:25:53.141+00","已有台語來源狀態但缺少台語review"
"22697","RD_P21326","臺南市","新市區","","新港社大道","電話調查","待審查","","APP審查撤回|APP|2026-06-08T22:46:56.311Z","1","","0","0","0","","2026-08-16 22:25:53.141+00","已有台語來源狀態但缺少台語review"
"22698","RD_P21339","臺南市","新市區","","豐華","電話調查","待審查","","APP審查撤回|APP|2026-06-08T22:47:08.114Z","1","","0","0","0","","2026-08-16 22:25:53.141+00","已有台語來源狀態但缺少台語review"
"22699","RD_P21409","臺南市","新營區","","東山中路","電話調查","待審查","","tanliangkun | 2026-07-06 16:22:53","1","","0","0","0","","2026-08-16 22:25:53.141+00","已有台語來源狀態但缺少台語review"
"22700","RD_P21413","臺南市","新營區","","東山三路","電話調查","待審查","","tanliangkun | 2026-07-06 16:23:15","1","","0","0","0","","2026-08-16 22:25:53.141+00","已有台語來源狀態但缺少台語review"
"22701","RD_P21416","臺南市","新營區","","綠川路","直接標注","待審查","","tanliangkun | 2026-07-06 16:23:19","1","","0","0","0","","2026-08-16 22:25:53.141+00","已有台語來源狀態但缺少台語review"
"22702","RD_P21422","臺南市","新營區","","綠川北街","直接標注","待審查","","tanliangkun | 2026-07-06 16:23:15","1","","0","0","0","","2026-08-16 22:25:53.141+00","已有台語來源狀態但缺少台語review"
"22703","RD_P21465","臺南市","新營區","","秀才","電話調查","待審查","","tanliangkun | 2026-07-06 16:22:50","1","","0","0","0","","2026-08-16 22:25:53.141+00","已有台語來源狀態但缺少台語review"
"22704","RD_P21600","臺南市","東區","","後甲三街","直接標注","待指派","","tanliangkun | 2026-07-06 17:20:35","1","","0","0","0","","2026-08-16 22:25:53.141+00","已有台語來源狀態但缺少台語review"
"22705","RD_P21601","臺南市","東區","","裕興街","直接標注","待審查","","tanliangkun | 2026-07-06 17:20:36","1","","0","0","0","","2026-08-16 22:25:53.141+00","已有台語來源狀態但缺少台語review"
"22706","RD_P21602","臺南市","東區","","建東街","電話調查","待審查","","tanliangkun | 2026-07-06 17:20:36","1","","0","0","0","","2026-08-16 22:25:53.141+00","已有台語來源狀態但缺少台語review"
"22707","RD_P21605","臺南市","東區","","崇善東路","直接標注","待審查","","tanliangkun | 2026-07-06 17:20:36","1","","0","0","0","","2026-08-16 22:25:53.141+00","已有台語來源狀態但缺少台語review"
"22708","RD_P21606","臺南市","東區","","崇德八街","直接標注","待審查","","tanliangkun | 2026-07-06 17:20:38","1","","0","0","0","","2026-08-16 22:25:53.141+00","已有台語來源狀態但缺少台語review"
"22709","RD_P21607","臺南市","東區","","裕和二街","直接標注","待審查","","tanliangkun | 2026-07-06 17:20:38","1","","0","0","0","","2026-08-16 22:25:53.141+00","已有台語來源狀態但缺少台語review"
"22710","RD_P21610","臺南市","東區","","立德二路","直接標注","待審查","","tanliangkun | 2026-07-06 17:20:38","1","","0","0","0","","2026-08-16 22:25:53.141+00","已有台語來源狀態但缺少台語review"
"22711","RD_P21611","臺南市","東區","","利東街","電話調查","待審查","","tanliangkun | 2026-07-06 17:20:46","1","","0","0","0","","2026-08-16 22:25:53.141+00","已有台語來源狀態但缺少台語review"
"22712","RD_P21612","臺南市","東區","","府連東路","直接標注","待指派","","tanliangkun | 2026-07-06 17:20:38","1","","0","0","0","","2026-08-16 22:25:53.141+00","已有台語來源狀態但缺少台語review"
"22713","RD_P21615","臺南市","東區","","崇道路","直接標注","待審查","","tanliangkun | 2026-07-06 17:20:38","1","","0","0","0","","2026-08-16 22:25:53.141+00","已有台語來源狀態但缺少台語review"
"22714","RD_P21616","臺南市","東區","","崇賢三路","直接標注","待審查","","tanliangkun | 2026-07-06 17:21:39","1","","0","0","0","","2026-08-16 22:25:53.141+00","已有台語來源狀態但缺少台語review"
"22715","RD_P21617","臺南市","東區","","裕文路","直接標注","待審查","","tanliangkun | 2026-07-06 17:21:39","1","","0","0","0","","2026-08-16 22:25:53.141+00","已有台語來源狀態但缺少台語review"
"22716","RD_P21618","臺南市","東區","","裕學路","直接標注","待審查","","tanliangkun | 2026-07-06 17:21:39","1","","0","0","0","","2026-08-16 22:25:53.141+00","已有台語來源狀態但缺少台語review"
"22717","RD_P21619","臺南市","東區","","德光街","直接標注","待審查","","tanliangkun | 2026-07-06 17:21:27","1","","0","0","0","","2026-08-16 22:25:53.141+00","已有台語來源狀態但缺少台語review"
"22718","RD_P21624","臺南市","東區","","崇興路","直接標注","待審查","","tanliangkun | 2026-07-06 17:21:27","1","","0","0","0","","2026-08-16 22:25:53.141+00","已有台語來源狀態但缺少台語review"
"22719","RD_P21626","臺南市","東區","","裕平路","直接標注","待審查","","tanliangkun | 2026-07-06 17:21:27","1","","0","0","0","","2026-08-16 22:25:53.141+00","已有台語來源狀態但缺少台語review"
"22720","RD_P21627","臺南市","東區","","裕永路","直接標注","待指派","","tanliangkun | 2026-07-06 17:21:27","1","","0","0","0","","2026-08-16 22:25:53.141+00","已有台語來源狀態但缺少台語review"
"22721","RD_P21629","臺南市","東區","","裕義路","直接標注","待審查","","tanliangkun | 2026-07-06 17:21:27","1","","0","0","0","","2026-08-16 22:25:53.141+00","已有台語來源狀態但缺少台語review"
"22722","RD_P21630","臺南市","東區","","裕誠街","直接標注","待審查","","tanliangkun | 2026-07-06 17:21:24","1","","0","0","0","","2026-08-16 22:25:53.141+00","已有台語來源狀態但缺少台語review"
"22723","RD_P21632","臺南市","東區","","平實路","電話調查","待審查","","tanliangkun | 2026-07-06 17:21:21","1","","0","0","0","","2026-08-16 22:25:53.141+00","已有台語來源狀態但缺少台語review"
"22724","RD_P21633","臺南市","東區","","府東街","電話調查","待審查","","tanliangkun | 2026-07-06 17:21:16","1","","0","0","0","","2026-08-16 22:25:53.141+00","已有台語來源狀態但缺少台語review"
"22725","RD_P21635","臺南市","東區","","裕忠路","直接標注","待審查","","tanliangkun | 2026-07-06 17:21:11","1","","0","0","0","","2026-08-16 22:25:53.141+00","已有台語來源狀態但缺少台語review"
"22726","RD_P21649","臺南市","東區","","生產路","電話調查","待審查","","tanliangkun | 2026-07-06 17:21:08","1","","0","0","0","","2026-08-16 22:25:53.141+00","已有台語來源狀態但缺少台語review"
"22727","RD_P21651","臺南市","東區","","前鋒路","電話調查","待審查","","tanliangkun | 2026-07-06 17:20:54","1","","0","0","0","","2026-08-16 22:25:53.141+00","已有台語來源狀態但缺少台語review"
"22728","RD_P21864","臺南市","東山區","","育仁街","直接標注","待指派","","tanliangkun | 2026-07-06 17:21:57","1","","0","0","0","","2026-08-16 22:25:53.141+00","已有台語來源狀態但缺少台語review"
"22729","RD_P21866","臺南市","東山區","","英明街","直接標注","待審查","","tanliangkun | 2026-07-06 17:21:59","1","","0","0","0","","2026-08-16 22:25:53.141+00","已有台語來源狀態但缺少台語review"
"22730","RD_P21876","臺南市","東山區","","油礦","電話調查","待審查","","tanliangkun | 2026-07-06 17:22:01","1","","0","0","0","","2026-08-16 22:25:53.141+00","已有台語來源狀態但缺少台語review"
"22731","RD_P21890","臺南市","東山區","","林安","電話調查","待審查","","tanliangkun | 2026-07-06 17:22:01","1","","0","0","0","","2026-08-16 22:25:53.141+00","已有台語來源狀態但缺少台語review"
"22732","RD_P21893","臺南市","東山區","","高原","電話調查","待審查","","tanliangkun | 2026-07-06 17:22:02","1","","0","0","0","","2026-08-16 22:25:53.141+00","已有台語來源狀態但缺少台語review"
"22733","RD_P21932","臺南市","柳營區","","士林街","電話調查","待審查","","tanliangkun | 2026-07-06 17:23:18","1","","0","0","0","","2026-08-16 22:25:53.141+00","已有台語來源狀態但缺少台語review"
"22734","RD_P22020","臺南市","楠西區","","茄拔路","現場調查","待審查","","tanliangkun | 2026-07-01 17:46:52","1","","0","0","0","","2026-08-16 22:25:53.141+00","已有台語來源狀態但缺少台語review"
"22735","RD_P22048","臺南市","歸仁區","","中正八街","直接標注","待審查","","tanliangkun | 2026-07-06 13:33:05","1","","0","0","0","","2026-08-16 22:25:53.141+00","已有台語來源狀態但缺少台語review"
"22736","RD_P22049","臺南市","歸仁區","","中正十街","直接標注","待指派","","tanliangkun | 2026-07-06 13:33:10","1","","0","0","0","","2026-08-16 22:25:53.141+00","已有台語來源狀態但缺少台語review"
"22737","RD_P22054","臺南市","歸仁區","","中正一街","直接標注","待審查","","tanliangkun | 2026-07-06 13:33:10","1","","0","0","0","","2026-08-16 22:25:53.141+00","已有台語來源狀態但缺少台語review"
"22738","RD_P22058","臺南市","歸仁區","","民族南街","直接標注","待審查","","tanliangkun | 2026-07-06 13:33:10","1","","0","0","0","","2026-08-16 22:25:53.141+00","已有台語來源狀態但缺少台語review"
"22739","RD_P22059","臺南市","歸仁區","","成功六街","直接標注","待審查","","tanliangkun | 2026-07-06 13:33:10","1","","0","0","0","","2026-08-16 22:25:53.141+00","已有台語來源狀態但缺少台語review"
"22740","RD_P22061","臺南市","歸仁區","","成功十街","直接標注","待審查","","tanliangkun | 2026-07-06 13:33:10","1","","0","0","0","","2026-08-16 22:25:53.141+00","已有台語來源狀態但缺少台語review"
"22741","RD_P22062","臺南市","歸仁區","","長大路","電話調查","待審查","","tanliangkun | 2026-07-06 13:33:26","1","","0","0","0","","2026-08-16 22:25:53.141+00","已有台語來源狀態但缺少台語review"
"22742","RD_P22063","臺南市","歸仁區","","保興街","直接標注","待審查","","tanliangkun | 2026-07-06 13:33:22","1","","0","0","0","","2026-08-16 22:25:53.141+00","已有台語來源狀態但缺少台語review"
"22743","RD_P22064","臺南市","歸仁區","","高發二路","直接標注","待審查","","tanliangkun | 2026-07-06 13:33:22","1","","0","0","0","","2026-08-16 22:25:53.141+00","已有台語來源狀態但缺少台語review"
"22744","RD_P22065","臺南市","歸仁區","","高發三路","直接標注","待指派","","tanliangkun | 2026-07-06 13:33:22","1","","0","0","0","","2026-08-16 22:25:53.141+00","已有台語來源狀態但缺少台語review"
"22745","RD_P22066","臺南市","歸仁區","","高鐵六路","直接標注","待審查","","tanliangkun | 2026-07-06 13:33:22","1","","0","0","0","","2026-08-16 22:25:53.141+00","已有台語來源狀態但缺少台語review"
"22746","RD_P22067","臺南市","歸仁區","","高鐵七路","直接標注","待審查","","tanliangkun | 2026-07-06 13:33:22","1","","0","0","0","","2026-08-16 22:25:53.141+00","已有台語來源狀態但缺少台語review"
"22747","RD_P22068","臺南市","歸仁區","","歸仁六路","直接標注","待審查","","tanliangkun | 2026-07-06 13:33:22","1","","0","0","0","","2026-08-16 22:25:53.141+00","已有台語來源狀態但缺少台語review"
"22748","RD_P22069","臺南市","歸仁區","","大仁一街","直接標注","待審查","","tanliangkun | 2026-07-06 13:33:22","1","","0","0","0","","2026-08-16 22:25:53.141+00","已有台語來源狀態但缺少台語review"
"22749","RD_P22070","臺南市","歸仁區","","大仁二街","直接標注","待審查","","tanliangkun | 2026-07-06 13:33:22","1","","0","0","0","","2026-08-16 22:25:53.141+00","已有台語來源狀態但缺少台語review"
"22750","RD_P22074","臺南市","歸仁區","","高鐵二路","直接標注","待審查","","tanliangkun | 2026-07-06 13:33:22","1","","0","0","0","","2026-08-16 22:25:53.141+00","已有台語來源狀態但缺少台語review"
"22751","RD_P22076","臺南市","歸仁區","","中正二街","直接標注","待審查","","tanliangkun | 2026-07-06 13:33:48","1","","0","0","0","","2026-08-16 22:25:53.141+00","已有台語來源狀態但缺少台語review"
"22752","RD_P22077","臺南市","歸仁區","","中正六街","直接標注","待指派","","tanliangkun | 2026-07-06 13:33:48","1","","0","0","0","","2026-08-16 22:25:53.141+00","已有台語來源狀態但缺少台語review"
"22753","RD_P22082","臺南市","歸仁區","","忠孝北路","直接標注","待審查","","tanliangkun | 2026-07-06 13:33:48","1","","0","0","0","","2026-08-16 22:25:53.141+00","已有台語來源狀態但缺少台語review"
"22754","RD_P22083","臺南市","歸仁區","","武當路","電話調查","待審查","","tanliangkun | 2026-07-06 13:33:48","1","","0","0","0","","2026-08-16 22:25:53.141+00","已有台語來源狀態但缺少台語review"
"22755","RD_P22084","臺南市","歸仁區","","大仁五街","直接標注","待審查","","tanliangkun | 2026-07-06 13:33:48","1","","0","0","0","","2026-08-16 22:25:53.141+00","已有台語來源狀態但缺少台語review"
"22756","RD_P22329","臺南市","永康區","","二王路","直接標注","待審查","","tanliangkun | 2026-07-06 13:37:22","1","","0","0","0","","2026-08-16 22:25:53.141+00","已有台語來源狀態但缺少台語review"
"22757","RD_P22330","臺南市","永康區","","平道路","電話調查","待審查","","tanliangkun | 2026-07-06 13:38:30","1","","0","0","0","","2026-08-16 22:25:53.141+00","已有台語來源狀態但缺少台語review"
"22758","RD_P22331","臺南市","永康區","","東橋八街","電話調查","待審查","","tanliangkun | 2026-07-06 13:37:32","1","","0","0","0","","2026-08-16 22:25:53.141+00","已有台語來源狀態但缺少台語review"
"22759","RD_P22332","臺南市","永康區","","國光一街","直接標注","待審查","","tanliangkun | 2026-07-06 13:37:28","1","","0","0","0","","2026-08-16 22:25:53.141+00","已有台語來源狀態但缺少台語review"
"22760","RD_P22333","臺南市","永康區","","龍中街","電話調查","待指派","","tanliangkun | 2026-07-06 13:37:45","1","","0","0","0","","2026-08-16 22:25:53.142+00","已有台語來源狀態但缺少台語review"
"22761","RD_P22336","臺南市","永康區","","洲工街","電話調查","待審查","","tanliangkun | 2026-07-06 13:37:37","1","","0","0","0","","2026-08-16 22:25:53.142+00","已有台語來源狀態但缺少台語review"
"22762","RD_P22337","臺南市","永康區","","崑山街","電話調查","待審查","","tanliangkun | 2026-07-06 13:37:37","1","","0","0","0","","2026-08-16 22:25:53.142+00","已有台語來源狀態但缺少台語review"
"22763","RD_P22338","臺南市","永康區","","復華六街","直接標注","待審查","","tanliangkun | 2026-07-06 13:37:37","1","","0","0","0","","2026-08-16 22:25:53.142+00","已有台語來源狀態但缺少台語review"
"22764","RD_P22339","臺南市","永康區","","龍昌街","電話調查","待審查","","tanliangkun | 2026-07-06 13:37:49","1","","0","0","0","","2026-08-16 22:25:53.142+00","已有台語來源狀態但缺少台語review"
"22765","RD_P22340","臺南市","永康區","","龍國街","電話調查","待審查","","APP審查撤回|APP|2026-06-08T22:27:36.743Z","1","","0","0","0","","2026-08-16 22:25:53.142+00","已有台語來源狀態但缺少台語review"
"22766","RD_P22341","臺南市","永康區","","大民街","電話調查","待審查","","APP審查撤回|APP|2026-06-08T22:27:49.166Z","1","","0","0","0","","2026-08-16 22:25:53.142+00","已有台語來源狀態但缺少台語review"
"22767","RD_P22348","臺南市","永康區","","王行東路","直接標注","待審查","","tanliangkun | 2026-07-06 13:37:55","1","","0","0","0","","2026-08-16 22:25:53.142+00","已有台語來源狀態但缺少台語review"
"22768","RD_P22349","臺南市","永康區","","平道二路","電話調查","待指派","","tanliangkun | 2026-07-06 13:38:39","1","","0","0","0","","2026-08-16 22:25:53.142+00","已有台語來源狀態但缺少台語review"
"22769","RD_P22352","臺南市","永康區","","永中街","直接標注","待審查","","tanliangkun | 2026-07-06 13:38:39","1","","0","0","0","","2026-08-16 22:25:53.142+00","已有台語來源狀態但缺少台語review"
"22770","RD_P22356","臺南市","永康區","","甲頂路","直接標注","待審查","","tanliangkun | 2026-07-06 13:38:47","1","","0","0","0","","2026-08-16 22:25:53.142+00","已有台語來源狀態但缺少台語review"
"22771","RD_P22358","臺南市","永康區","","洲尾街","直接標注","待審查","","tanliangkun | 2026-07-06 13:38:47","1","","0","0","0","","2026-08-16 22:25:53.142+00","已有台語來源狀態但缺少台語review"
"22772","RD_P22359","臺南市","永康區","","高速二街","直接標注","待審查","","tanliangkun | 2026-07-06 13:38:47","1","","0","0","0","","2026-08-16 22:25:53.142+00","已有台語來源狀態但缺少台語review"
"22773","RD_P22360","臺南市","永康區","","康橋大道","電話調查","待審查","","tanliangkun | 2026-07-06 13:38:51","1","","0","0","0","","2026-08-16 22:25:53.142+00","已有台語來源狀態但缺少台語review"
"22774","RD_P22362","臺南市","永康區","","王行路","直接標注","待審查","","tanliangkun | 2026-07-06 13:38:47","1","","0","0","0","","2026-08-16 22:25:53.142+00","已有台語來源狀態但缺少台語review"
"22775","RD_P22363","臺南市","永康區","","正南三路","直接標注","待審查","","tanliangkun | 2026-07-06 13:39:00","1","","0","0","0","","2026-08-16 22:25:53.142+00","已有台語來源狀態但缺少台語review"
"22776","RD_P22365","臺南市","永康區","","永運二路","直接標注","待指派","","tanliangkun | 2026-07-06 13:39:00","1","","0","0","0","","2026-08-16 22:25:53.142+00","已有台語來源狀態但缺少台語review"
"22777","RD_P22366","臺南市","永康區","","永運路","直接標注","待審查","","tanliangkun | 2026-07-06 13:39:00","1","","0","0","0","","2026-08-16 22:25:53.142+00","已有台語來源狀態但缺少台語review"
"22778","RD_P22370","臺南市","永康區","","東橋一路","電話調查","待審查","","tanliangkun | 2026-07-06 13:39:10","1","","0","0","0","","2026-08-16 22:25:53.142+00","已有台語來源狀態但缺少台語review"
"22779","RD_P22372","臺南市","永康區","","東橋五路","電話調查","待審查","","tanliangkun | 2026-07-06 13:39:00","1","","0","0","0","","2026-08-16 22:25:53.142+00","已有台語來源狀態但缺少台語review"
"22780","RD_P22374","臺南市","永康區","","勝華街","直接標注","待審查","","tanliangkun | 2026-07-06 13:39:00","1","","0","0","0","","2026-08-16 22:25:53.142+00","已有台語來源狀態但缺少台語review"
"22781","RD_P22375","臺南市","永康區","","復華五街","直接標注","待審查","","tanliangkun | 2026-07-06 13:39:00","1","","0","0","0","","2026-08-16 22:25:53.142+00","已有台語來源狀態但缺少台語review"
"22782","RD_P22378","臺南市","永康區","","龍橋街","電話調查","待審查","","tanliangkun | 2026-07-06 13:39:10","1","","0","0","0","","2026-08-16 22:25:53.142+00","已有台語來源狀態但缺少台語review"
"22783","RD_P22379","臺南市","永康區","","大橋二街","直接標注","待審查","","tanliangkun | 2026-07-06 13:39:00","1","","0","0","0","","2026-08-16 22:25:53.142+00","已有台語來源狀態但缺少台語review"
"22784","RD_P22391","臺南市","永康區","","中正七街","直接標注","待指派","","tanliangkun | 2026-07-06 13:39:00","1","","0","0","0","","2026-08-16 22:25:53.142+00","已有台語來源狀態但缺少台語review"
"22785","RD_P22395","臺南市","永康區","","小北路","直接標注","待審查","","tanliangkun | 2026-07-06 13:39:00","1","","0","0","0","","2026-08-16 22:25:53.142+00","已有台語來源狀態但缺少台語review"
"22786","RD_P22401","臺南市","永康區","","崑大路","電話調查","待審查","","tanliangkun | 2026-07-06 13:31:52","1","","0","0","0","","2026-08-16 22:25:53.142+00","已有台語來源狀態但缺少台語review"
"22787","RD_P22403","臺南市","永康區","","水漾路","電話調查","待審查","","tanliangkun | 2026-07-06 13:31:48","1","","0","0","0","","2026-08-16 22:25:53.142+00","已有台語來源狀態但缺少台語review"
"22788","RD_P22561","臺南市","玉井區","","層林","電話調查","待審查","","tanliangkun | 2026-07-01 17:46:59","1","","0","0","0","","2026-08-16 22:25:53.142+00","已有台語來源狀態但缺少台語review"
"22789","RD_P22562","臺南市","玉井區","","豐里","電話調查","待審查","","tanliangkun | 2026-07-01 17:47:04","1","","0","0","0","","2026-08-16 22:25:53.142+00","已有台語來源狀態但缺少台語review"
"22790","RD_P22575","臺南市","玉井區","","沙田","電話調查","待審查","","tanliangkun | 2026-07-01 17:47:04","1","","0","0","0","","2026-08-16 22:25:53.142+00","已有台語來源狀態但缺少台語review"
"22791","RD_P22580","臺南市","玉井區","","玉井","直接標注","待審查","","tanliangkun | 2026-07-01 17:47:04","1","","0","0","0","","2026-08-16 22:25:53.142+00","已有台語來源狀態但缺少台語review"
"22792","RD_P22620","臺南市","白河區","","檨子林","電話調查","待指派","","tanliangkun | 2026-07-06 17:23:29","1","","0","0","0","","2026-08-16 22:25:53.142+00","已有台語來源狀態但缺少台語review"
"22793","RD_P22660","臺南市","白河區","","仙草","現場調查","待審查","","tanliangkun | 2026-07-06 17:23:50","1","","0","0","0","","2026-08-16 22:25:53.142+00","已有台語來源狀態但缺少台語review"
"22794","RD_P22763","臺南市","關廟區","","新光街","直接標注","待審查","","tanliangkun | 2026-07-06 17:23:29","1","","0","0","0","","2026-08-16 22:25:53.142+00","已有台語來源狀態但缺少台語review"
"22795","RD_P22767","臺南市","關廟區","","北仁街","直接標注","待審查","","tanliangkun | 2026-07-06 17:23:29","1","","0","0","0","","2026-08-16 22:25:53.142+00","已有台語來源狀態但缺少台語review"
"22796","RD_P22772","臺南市","關廟區","","南雄南路","直接標注","待審查","","tanliangkun | 2026-07-06 17:23:29","1","","0","0","0","","2026-08-16 22:25:53.142+00","已有台語來源狀態但缺少台語review"
"22797","RD_P22773","臺南市","關廟區","","崇明街","直接標注","待審查","","tanliangkun | 2026-07-06 17:23:29","1","","0","0","0","","2026-08-16 22:25:53.142+00","已有台語來源狀態但缺少台語review"
"22798","RD_P22774","臺南市","關廟區","","崇善街","直接標注","待審查","","tanliangkun | 2026-07-06 17:23:29","1","","0","0","0","","2026-08-16 22:25:53.142+00","已有台語來源狀態但缺少台語review"
"22799","RD_P22775","臺南市","關廟區","","五義街","電話調查","待審查","","tanliangkun | 2026-07-06 17:23:29","1","","0","0","0","","2026-08-16 22:25:53.142+00","已有台語來源狀態但缺少台語review"
"22800","RD_P22874","臺南市","鹽水區","","歡雅","現場調查","待指派","","tanliangkun | 2026-07-06 17:23:46","1","","0","0","0","","2026-08-16 22:25:53.142+00","已有台語來源狀態但缺少台語review"
"22801","RD_P22880","臺南市","鹽水區","","下中","電話調查","待審查","","tanliangkun | 2026-07-06 17:23:29","1","","0","0","0","","2026-08-16 22:25:53.142+00","已有台語來源狀態但缺少台語review"
"22802","RD_P22938","臺南市","麻豆區","","中民","電話調查","待審查","","tanliangkun | 2026-07-06 17:23:29","1","","0","0","0","","2026-08-16 22:25:53.142+00","已有台語來源狀態但缺少台語review"
"22803","RD_P22956","臺南市","麻豆區","","謝安","現場調查","待審查","","tanliangkun | 2026-07-06 17:23:41","1","","0","0","0","","2026-08-16 22:25:53.142+00","已有台語來源狀態但缺少台語review"
"22804","RD_P23036","臺南市","龍崎區","","土崎","電話調查","待審查","","tanliangkun | 2026-07-01 17:48:50","1","","0","0","0","","2026-08-16 22:25:53.143+00","已有台語來源狀態但缺少台語review"
"22805","RD_P23037","臺南市","龍崎區","","尖峯","電話調查","待審查","","tanliangkun | 2026-07-01 17:48:55","1","","0","0","0","","2026-08-16 22:25:53.143+00","已有台語來源狀態但缺少台語review"
"22807","RD_P23085","彰化縣","二林鎮","","中一路","直接標注","待審查","","APP審查撤回|APP|2026-06-08T22:36:30.972Z","1","","0","0","0","","2026-08-16 22:25:53.143+00","已有台語來源狀態但缺少台語review"
"22808","RD_P23106","彰化縣","二林鎮","","科技路","直接標注","待指派","","tanliangkun | 2026-05-11 16:20:30","1","","0","0","0","","2026-08-16 22:25:53.143+00","已有台語來源狀態但缺少台語review"
"22809","RD_P23115","彰化縣","二林鎮","","中二路","直接標注","待審查","","APP審查撤回|APP|2026-06-08T22:46:56.311Z","1","","0","0","0","","2026-08-16 22:25:53.143+00","已有台語來源狀態但缺少台語review"
"22810","RD_P23118","彰化縣","二林鎮","","創新路","直接標注","待審查","","APP審查撤回|APP|2026-06-08T22:47:08.114Z","1","","0","0","0","","2026-08-16 22:25:53.143+00","已有台語來源狀態但缺少台語review"
"22811","RD_P23350","彰化縣","二水鄉","","光文路","電話調查","待審查","","tanliangkun | 2026-06-22 09:26:52","1","","0","0","0","","2026-08-16 22:25:53.143+00","已有台語來源狀態但缺少台語review"
"22812","RD_P23352","彰化縣","二水鄉","","十五路","電話調查","待審查","","tanliangkun | 2026-06-22 09:26:52","1","","0","0","0","","2026-08-16 22:25:53.143+00","已有台語來源狀態但缺少台語review"
"22813","RD_P23353","彰化縣","二水鄉","","三光巷","電話調查","待審查","","tanliangkun | 2026-06-22 09:26:55","1","","0","0","0","","2026-08-16 22:25:53.143+00","已有台語來源狀態但缺少台語review"
"22814","RD_P23428","彰化縣","伸港鄉","","工五路","電話調查","待審查","","tanliangkun | 2026-06-22 09:26:59","1","","0","0","0","","2026-08-16 22:25:53.143+00","已有台語來源狀態但缺少台語review"
"22815","RD_P23433","彰化縣","伸港鄉","","濱二路","直接標注","待審查","","tanliangkun | 2026-06-22 09:27:19","1","","0","0","0","","2026-08-16 22:25:53.143+00","已有台語來源狀態但缺少台語review"
"22816","RD_P23578","彰化縣","北斗鎮","","光中路","電話調查","待指派","","tanliangkun | 2026-06-22 09:27:04","1","","0","0","0","","2026-08-16 22:25:53.143+00","已有台語來源狀態但缺少台語review"
"22817","RD_P23586","彰化縣","北斗鎮","","大中路","電話調查","待審查","","tanliangkun | 2026-06-22 09:27:07","1","","0","0","0","","2026-08-16 22:25:53.143+00","已有台語來源狀態但缺少台語review"
"22818","RD_P23675","彰化縣","和美鎮","","和線路","現場調查","待審查","","tanliangkun | 2026-06-22 09:27:16","1","","0","0","0","","2026-08-16 22:25:53.143+00","已有台語來源狀態但缺少台語review"
"22819","RD_P23676","彰化縣","和美鎮","","惠民街","直接標注","待審查","","tanliangkun | 2026-06-22 09:28:38","1","","0","0","0","","2026-08-16 22:25:53.143+00","已有台語來源狀態但缺少台語review"
"22820","RD_P23677","彰化縣","和美鎮","","仁壽路","直接標注","待審查","","tanliangkun | 2026-06-22 09:28:39","1","","0","0","0","","2026-08-16 22:25:53.143+00","已有台語來源狀態但缺少台語review"
"22821","RD_P23682","彰化縣","和美鎮","","和頭路","電話調查","待審查","","tanliangkun | 2026-06-22 09:29:12","1","","0","0","0","","2026-08-16 22:25:53.143+00","已有台語來源狀態但缺少台語review"
"22822","RD_P23689","彰化縣","和美鎮","","欣北路","直接標注","待審查","","tanliangkun | 2026-06-22 09:28:56","1","","0","0","0","","2026-08-16 22:25:53.143+00","已有台語來源狀態但缺少台語review"
"22823","RD_P23936","彰化縣","員林市","","復興五街","直接標注","待審查","","tanliangkun | 2026-06-18 15:53:13","1","","0","0","0","","2026-08-16 22:25:53.143+00","已有台語來源狀態但缺少台語review"
"22824","RD_P23946","彰化縣","員林市","","員南路","電話調查","待指派","","tanliangkun | 2026-06-18 15:53:23","1","","0","0","0","","2026-08-16 22:25:53.143+00","已有台語來源狀態但缺少台語review"
"22825","RD_P23949","彰化縣","員林市","","靜修路","直接標注","待審查","","tanliangkun | 2026-06-18 15:53:30","1","","0","0","0","","2026-08-16 22:25:53.143+00","已有台語來源狀態但缺少台語review"
"22826","RD_P23961","彰化縣","員林市","","萬年五街","電話調查","待審查","","tanliangkun | 2026-06-18 15:53:32","1","","0","0","0","","2026-08-16 22:25:53.143+00","已有台語來源狀態但缺少台語review"
"22827","RD_P24196","彰化縣","埔心鄉","","員埔路","電話調查","待審查","","APP審查撤回|APP|2026-06-08T22:47:18.918Z","1","","0","0","0","","2026-08-16 22:25:53.143+00","已有台語來源狀態但缺少台語review"
"22829","RD_P24390","彰化縣","埤頭鄉","","合興街","電話調查","待審查","","tanliangkun | 2026-06-22 09:29:34","1","","0","0","0","","2026-08-16 22:25:53.143+00","已有台語來源狀態但缺少台語review"
"22830","RD_P24396","彰化縣","埤頭鄉","","青埔路","電話調查","待審查","","tanliangkun | 2026-06-22 09:29:51","1","","0","0","0","","2026-08-16 22:25:53.143+00","已有台語來源狀態但缺少台語review"
"22831","RD_P24402","彰化縣","埤頭鄉","","東西路","電話調查","待審查","","tanliangkun | 2026-06-22 09:29:53","1","","0","0","0","","2026-08-16 22:25:53.143+00","已有台語來源狀態但缺少台語review"
"22832","RD_P24403","彰化縣","埤頭鄉","","彰興路","直接標注","待指派","","tanliangkun | 2026-06-22 09:29:52","1","","0","0","0","","2026-08-16 22:25:53.143+00","已有台語來源狀態但缺少台語review"
"22834","RD_P24664","彰化縣","彰化市","","一德南路","直接標注","待審查","","tanliangkun | 2026-06-18 15:53:38","1","","0","0","0","","2026-08-16 22:25:53.143+00","已有台語來源狀態但缺少台語review"
"22845","RD_P24930","彰化縣","永靖鄉","","永靖街","電話調查","待審查","","tanliangkun | 2026-06-22 11:55:15","1","","0","0","0","","2026-08-16 22:25:53.143+00","已有台語來源狀態但缺少台語review"
"22846","RD_P25051","彰化縣","溪州鄉","","岸角巷","電話調查","待審查","","tanliangkun | 2026-06-22 11:55:25","1","","0","0","0","","2026-08-16 22:25:53.143+00","已有台語來源狀態但缺少台語review"
"22847","RD_P25066","彰化縣","溪州鄉","","光路","電話調查","待審查","","tanliangkun | 2026-06-22 11:55:29","1","","0","0","0","","2026-08-16 22:25:53.143+00","已有台語來源狀態但缺少台語review"
"22848","RD_P25271","彰化縣","溪湖鎮","","大發路","電話調查","待指派","","tanliangkun | 2026-06-22 11:55:35","1","","0","0","0","","2026-08-16 22:25:53.143+00","已有台語來源狀態但缺少台語review"
"22849","RD_P25272","彰化縣","溪湖鎮","","東興九街","電話調查","待審查","","tanliangkun | 2026-06-22 11:55:35","1","","0","0","0","","2026-08-16 22:25:53.143+00","已有台語來源狀態但缺少台語review"
"22850","RD_P25277","彰化縣","溪湖鎮","","文東街","電話調查","待審查","","tanliangkun | 2026-06-22 11:55:37","1","","0","0","0","","2026-08-16 22:25:53.143+00","已有台語來源狀態但缺少台語review"
"22851","RD_P25279","彰化縣","溪湖鎮","","立言街","直接標注","待審查","","tanliangkun | 2026-06-22 11:53:40","1","","0","0","0","","2026-08-16 22:25:53.143+00","已有台語來源狀態但缺少台語review"
"22852","RD_P25290","彰化縣","溪湖鎮","","竹北路","直接標注","待審查","","tanliangkun | 2026-06-22 11:53:36","1","","0","0","0","","2026-08-16 22:25:53.143+00","已有台語來源狀態但缺少台語review"
"22853","RD_P25554","彰化縣","田中鎮","","梅州街","電話調查","待審查","","tanliangkun | 2026-06-22 11:56:30","1","","0","0","0","","2026-08-16 22:25:53.143+00","已有台語來源狀態但缺少台語review"
"22854","RD_P25686","彰化縣","田尾鄉","","福新路","直接標注","待審查","","tanliangkun | 2026-06-22 11:53:31","1","","0","0","0","","2026-08-16 22:25:53.143+00","已有台語來源狀態但缺少台語review"
"22855","RD_P25687","彰化縣","田尾鄉","","田溪路","電話調查","待審查","","tanliangkun | 2026-06-22 11:56:30","1","","0","0","0","","2026-08-16 22:25:53.144+00","已有台語來源狀態但缺少台語review"
"22856","RD_P25777","彰化縣","社頭鄉","","山湖路","電話調查","待指派","","tanliangkun | 2026-06-22 11:56:30","1","","0","0","0","","2026-08-16 22:25:53.144+00","已有台語來源狀態但缺少台語review"
"22857","RD_P25782","彰化縣","社頭鄉","","高鐵北路","直接標注","待審查","","tanliangkun | 2026-06-22 11:53:26","1","","0","0","0","","2026-08-16 22:25:53.144+00","已有台語來源狀態但缺少台語review"
"22858","RD_P25899","彰化縣","福興鄉","","福龍街","電話調查","待審查","","tanliangkun | 2026-06-22 11:56:30","1","","0","0","0","","2026-08-16 22:25:53.144+00","已有台語來源狀態但缺少台語review"
"22859","RD_P25975","彰化縣","秀水鄉","","復新街","直接標注","待審查","","tanliangkun | 2026-06-22 11:53:24","1","","0","0","0","","2026-08-16 22:25:53.144+00","已有台語來源狀態但缺少台語review"
"22860","RD_P26141","彰化縣","線西鄉","","草豐路","現場調查","待審查","","tanliangkun | 2026-06-22 10:44:35","1","","0","0","0","","2026-08-16 22:25:53.144+00","已有台語來源狀態但缺少台語review"
"22861","RD_P26145","彰化縣","線西鄉","","線東路","現場調查","待審查","","tanliangkun | 2026-06-22 10:44:28","1","","0","0","0","","2026-08-16 22:25:53.144+00","已有台語來源狀態但缺少台語review"
"22863","RD_P26371","彰化縣","芳苑鄉","","大同二路","電話調查","待審查","","tanliangkun | 2026-06-22 09:34:49","1","","0","0","0","","2026-08-16 22:25:53.144+00","已有台語來源狀態但缺少台語review"
"22864","RD_P26376","彰化縣","芳苑鄉","","新城街","電話調查","待指派","","tanliangkun | 2026-06-22 09:33:33","1","","0","0","0","","2026-08-16 22:25:53.144+00","已有台語來源狀態但缺少台語review"
"22865","RD_P26378","彰化縣","芳苑鄉","","過埤路","電話調查","待審查","","tanliangkun | 2026-06-22 09:33:29","1","","0","0","0","","2026-08-16 22:25:53.144+00","已有台語來源狀態但缺少台語review"
"22866","RD_P26379","彰化縣","芳苑鄉","","北三路","直接標注","待審查","","tanliangkun | 2026-06-22 09:33:25","1","","0","0","0","","2026-08-16 22:25:53.144+00","已有台語來源狀態但缺少台語review"
"22867","RD_P26381","彰化縣","芳苑鄉","","北一路","直接標注","待審查","","tanliangkun | 2026-06-22 09:33:25","1","","0","0","0","","2026-08-16 22:25:53.144+00","已有台語來源狀態但缺少台語review"
"22868","RD_P26383","彰化縣","芳苑鄉","","南一路","直接標注","待審查","","tanliangkun | 2026-06-22 09:33:25","1","","0","0","0","","2026-08-16 22:25:53.144+00","已有台語來源狀態但缺少台語review"
"22869","RD_P26389","彰化縣","芳苑鄉","","南五路","直接標注","待審查","","tanliangkun | 2026-06-22 09:33:25","1","","0","0","0","","2026-08-16 22:25:53.144+00","已有台語來源狀態但缺少台語review"
"22870","RD_P26390","彰化縣","芳苑鄉","","南三路","直接標注","待審查","","tanliangkun | 2026-06-22 09:33:25","1","","0","0","0","","2026-08-16 22:25:53.144+00","已有台語來源狀態但缺少台語review"
"22871","RD_P26405","彰化縣","芳苑鄉","","育嬰","電話調查","待審查","","tanliangkun | 2026-06-22 09:34:45","1","","0","0","0","","2026-08-16 22:25:53.144+00","已有台語來源狀態但缺少台語review"
"22872","RD_P26616","彰化縣","鹿港鎮","","吉安一街","直接標注","待指派","","tanliangkun | 2026-06-22 09:29:03","1","","0","0","0","","2026-08-16 22:25:53.144+00","已有台語來源狀態但缺少台語review"
"22873","RD_P26618","彰化縣","鹿港鎮","","治平街","直接標注","待審查","","tanliangkun | 2026-06-22 09:28:59","1","","0","0","0","","2026-08-16 22:25:53.144+00","已有台語來源狀態但缺少台語review"
"22874","RD_P26619","彰化縣","鹿港鎮","","工業東二路","電話調查","待審查","","tanliangkun | 2026-06-22 09:33:09","1","","0","0","0","","2026-08-16 22:25:53.144+00","已有台語來源狀態但缺少台語review"
"22875","RD_P26620","彰化縣","鹿港鎮","","工業東三路","電話調查","待審查","","tanliangkun | 2026-06-22 09:33:09","1","","0","0","0","","2026-08-16 22:25:53.144+00","已有台語來源狀態但缺少台語review"
"22876","RD_P26635","彰化縣","鹿港鎮","","興業路","直接標注","待審查","","tanliangkun | 2026-06-22 09:28:58","1","","0","0","0","","2026-08-16 22:25:53.144+00","已有台語來源狀態但缺少台語review"
"22877","RD_P26898","屏東縣","三地門鄉","","龍園","原住民族","待審查","","APP審查撤回|APP|2026-06-08T22:27:36.743Z","1","","0","0","0","","2026-08-16 22:25:53.144+00","已有台語來源狀態但缺少台語review"
"22878","RD_P26932","屏東縣","九如鄉","","德新路","直接標注","待審查","","APP審查撤回|APP|2026-06-08T22:27:49.166Z","1","","0","0","0","","2026-08-16 22:25:53.144+00","已有台語來源狀態但缺少台語review"
"22881","RD_P27116","屏東縣","內埔鄉","","昌南路","直接標注","待審查","","APP審查撤回|APP|2026-06-08T22:46:56.311Z","1","","0","0","0","","2026-08-16 22:25:53.144+00","已有台語來源狀態但缺少台語review"
"22882","RD_P27117","屏東縣","內埔鄉","","昇華路","直接標注","待審查","","APP審查撤回|APP|2026-06-08T22:47:08.114Z","1","","0","0","0","","2026-08-16 22:25:53.144+00","已有台語來源狀態但缺少台語review"
"22883","RD_P27122","屏東縣","內埔鄉","","崇聖路","直接標注","待審查","","APP審查撤回|APP|2026-06-08T22:47:18.918Z","1","","0","0","0","","2026-08-16 22:25:53.145+00","已有台語來源狀態但缺少台語review"
"22884","RD_P27129","屏東縣","內埔鄉","","必勝路","直接標注","待審查","","APP審查撤回|APP|2026-06-08T22:47:30.401Z","1","","0","0","0","","2026-08-16 22:25:53.145+00","已有台語來源狀態但缺少台語review"
"22885","RD_P27139","屏東縣","內埔鄉","","科大北路","直接標注","待審查","","APP審查撤回|APP|2026-06-08T22:27:36.743Z","1","","0","0","0","","2026-08-16 22:25:53.145+00","已有台語來源狀態但缺少台語review"
"22886","RD_P27144","屏東縣","內埔鄉","","建平路","直接標注","待審查","","APP審查撤回|APP|2026-06-08T22:27:49.166Z","1","","0","0","0","","2026-08-16 22:25:53.145+00","已有台語來源狀態但缺少台語review"
"22889","RD_P27454","屏東縣","屏東市","","公勤街","直接標注","待審查","","APP審查撤回|APP|2026-06-08T22:46:56.311Z","1","","0","0","0","","2026-08-16 22:25:53.145+00","已有台語來源狀態但缺少台語review"
"22890","RD_P27455","屏東縣","屏東市","","台糖街","直接標注","待審查","","APP審查撤回|APP|2026-06-08T22:47:08.114Z","1","","0","0","0","","2026-08-16 22:25:53.145+00","已有台語來源狀態但缺少台語review"
"22892","RD_P27461","屏東縣","屏東市","","蘇州街","直接標注","待審查","","APP審查撤回|APP|2026-06-08T22:47:30.401Z","1","","0","0","0","","2026-08-16 22:25:53.145+00","已有台語來源狀態但缺少台語review"
"22895","RD_P27475","屏東縣","屏東市","","建華一街","直接標注","待審查","","APP審查撤回|APP|2026-06-08T22:36:30.972Z","1","","0","0","0","","2026-08-16 22:25:53.145+00","已有台語來源狀態但缺少台語review"
"22896","RD_P27476","屏東縣","屏東市","","建華街","直接標注","待指派","","tanliangkun | 2026-05-11 11:31:56","1","","0","0","0","","2026-08-16 22:25:53.145+00","已有台語來源狀態但缺少台語review"
"22897","RD_P27479","屏東縣","屏東市","","勝利東路","直接標注","待審查","","APP審查撤回|APP|2026-06-08T22:46:56.311Z","1","","0","0","0","","2026-08-16 22:25:53.145+00","已有台語來源狀態但缺少台語review"
"22898","RD_P27488","屏東縣","屏東市","","公正二街","直接標注","待審查","","APP審查撤回|APP|2026-06-08T22:47:08.114Z","1","","0","0","0","","2026-08-16 22:25:53.146+00","已有台語來源狀態但缺少台語review"
"22899","RD_P27492","屏東縣","屏東市","","汕頭街","直接標注","待審查","","APP審查撤回|APP|2026-06-08T22:47:18.918Z","1","","0","0","0","","2026-08-16 22:25:53.146+00","已有台語來源狀態但缺少台語review"
"22900","RD_P27494","屏東縣","屏東市","","南二路","直接標注","待審查","","APP審查撤回|APP|2026-06-08T22:47:30.401Z","1","","0","0","0","","2026-08-16 22:25:53.146+00","已有台語來源狀態但缺少台語review"
"22901","RD_P27502","屏東縣","屏東市","","瀋陽街","直接標注","待審查","","APP審查撤回|APP|2026-06-08T22:27:36.743Z","1","","0","0","0","","2026-08-16 22:25:53.146+00","已有台語來源狀態但缺少台語review"
"22902","RD_P27509","屏東縣","屏東市","","武士街","直接標注","待審查","","APP審查撤回|APP|2026-06-08T22:27:49.166Z","1","","0","0","0","","2026-08-16 22:25:53.146+00","已有台語來源狀態但缺少台語review"
"22904","RD_P27531","屏東縣","屏東市","","經建路","直接標注","待指派","","tanliangkun | 2026-05-11 11:32:00","1","","0","0","0","","2026-08-16 22:25:53.146+00","已有台語來源狀態但缺少台語review"
"22905","RD_P27533","屏東縣","屏東市","","常德街","直接標注","待審查","","APP審查撤回|APP|2026-06-08T22:46:56.311Z","1","","0","0","0","","2026-08-16 22:25:53.146+00","已有台語來源狀態但缺少台語review"
"22906","RD_P27540","屏東縣","屏東市","","徐州路","直接標注","待審查","","APP審查撤回|APP|2026-06-08T22:47:08.114Z","1","","0","0","0","","2026-08-16 22:25:53.146+00","已有台語來源狀態但缺少台語review"
"22907","RD_P27558","屏東縣","屏東市","","華平路","直接標注","待審查","","APP審查撤回|APP|2026-06-08T22:47:18.918Z","1","","0","0","0","","2026-08-16 22:25:53.146+00","已有台語來源狀態但缺少台語review"
"22913","RD_P28027","屏東縣","恆春鎮","","湖內路","直接標注","待審查","","APP審查撤回|APP|2026-06-08T22:46:56.311Z","1","","0","0","0","","2026-08-16 22:25:53.146+00","已有台語來源狀態但缺少台語review"
"22914","RD_P28032","屏東縣","恆春鎮","","墾丁路","直接標注","待審查","","APP審查撤回|APP|2026-06-08T22:47:08.114Z","1","","0","0","0","","2026-08-16 22:25:53.146+00","已有台語來源狀態但缺少台語review"
"22915","RD_P28033","屏東縣","恆春鎮","","興北路","直接標注","待審查","","APP審查撤回|APP|2026-06-08T22:47:18.918Z","1","","0","0","0","","2026-08-16 22:25:53.146+00","已有台語來源狀態但缺少台語review"
"22916","RD_P28039","屏東縣","恆春鎮","","萬里路","直接標注","待審查","","APP審查撤回|APP|2026-06-08T22:47:30.401Z","1","","0","0","0","","2026-08-16 22:25:53.146+00","已有台語來源狀態但缺少台語review"
"22917","RD_P28041","屏東縣","恆春鎮","","一心路","直接標注","待審查","","APP審查撤回|APP|2026-06-08T22:27:36.743Z","1","","0","0","0","","2026-08-16 22:25:53.146+00","已有台語來源狀態但缺少台語review"
"22919","RD_P28251","屏東縣","新埤鄉","","建成巷","直接標注","待審查","","APP審查撤回|APP|2026-06-08T22:36:30.972Z","1","","0","0","0","","2026-08-16 22:25:53.146+00","已有台語來源狀態但缺少台語review"
"22924","RD_P28623","屏東縣","泰武鄉","","達里","原住民族","待審查","","APP審查撤回|APP|2026-06-08T22:47:30.401Z","1","","0","0","0","","2026-08-16 22:25:53.146+00","已有台語來源狀態但缺少台語review"
"22925","RD_P28626","屏東縣","泰武鄉","","獅子","原住民族","待審查","","APP審查撤回|APP|2026-06-08T22:27:36.743Z","1","","0","0","0","","2026-08-16 22:25:53.146+00","已有台語來源狀態但缺少台語review"
"22927","RD_P28712","屏東縣","潮州鎮","","和順街","直接標注","待審查","","APP審查撤回|APP|2026-06-08T22:36:30.972Z","1","","0","0","0","","2026-08-16 22:25:53.147+00","已有台語來源狀態但缺少台語review"
"22928","RD_P28714","屏東縣","潮州鎮","","建基路","直接標注","待指派","","L1總表匯入|2026-04-27 21:50:05","1","","0","0","0","","2026-08-16 22:25:53.147+00","已有台語來源狀態但缺少台語review"
"22929","RD_P28733","屏東縣","潮州鎮","","鳳尾","電話調查","待審查","","tanliangkun | 2026-06-15 11:27:50","1","","0","0","0","","2026-08-16 22:25:53.147+00","已有台語來源狀態但缺少台語review"
"22930","RD_P29045","屏東縣","瑪家鄉","","美園","原住民族","待審查","","APP審查撤回|APP|2026-06-08T22:47:08.114Z","1","","0","0","0","","2026-08-16 22:25:53.147+00","已有台語來源狀態但缺少台語review"
"22931","RD_P29048","屏東縣","瑪家鄉","","福山","原住民族","待審查","","APP審查撤回|APP|2026-06-08T22:47:18.918Z","1","","0","0","0","","2026-08-16 22:25:53.147+00","已有台語來源狀態但缺少台語review"
"22932","RD_P29049","屏東縣","瑪家鄉","","崑山","原住民族","待審查","","APP審查撤回|APP|2026-06-08T22:47:30.401Z","1","","0","0","0","","2026-08-16 22:25:53.147+00","已有台語來源狀態但缺少台語review"
"22933","RD_P29050","屏東縣","瑪家鄉","","風景","原住民族","待審查","","APP審查撤回|APP|2026-06-08T22:27:36.743Z","1","","0","0","0","","2026-08-16 22:25:53.147+00","已有台語來源狀態但缺少台語review"
"22934","RD_P29167","屏東縣","萬丹鄉","","昌隆路","直接標注","待審查","","APP審查撤回|APP|2026-06-08T22:27:49.166Z","1","","0","0","0","","2026-08-16 22:25:53.147+00","已有台語來源狀態但缺少台語review"
"22936","RD_P29345","屏東縣","萬巒鄉","","萬和路","直接標注","待指派","","tanliangkun | 2026-05-05 10:46:50","1","","0","0","0","","2026-08-16 22:25:53.147+00","已有台語來源狀態但缺少台語review"
"22938","RD_P29406","屏東縣","車城鄉","","褒忠路","直接標注","待審查","","APP審查撤回|APP|2026-06-08T22:47:08.114Z","1","","0","0","0","","2026-08-16 22:25:53.147+00","已有台語來源狀態但缺少台語review"
"22940","RD_P29446","屏東縣","里港鄉","","信國","直接標注","待審查","","APP審查撤回|APP|2026-06-08T22:47:30.401Z","1","","0","0","0","","2026-08-16 22:25:53.147+00","已有台語來源狀態但缺少台語review"
"22942","RD_P29454","屏東縣","里港鄉","","定遠","直接標注","待審查","","APP審查撤回|APP|2026-06-08T22:27:49.166Z","1","","0","0","0","","2026-08-16 22:25:53.147+00","已有台語來源狀態但缺少台語review"
"22943","RD_P29504","屏東縣","長治鄉","","研發二路","直接標注","待審查","","APP審查撤回|APP|2026-06-08T22:36:30.972Z","1","","0","0","0","","2026-08-16 22:25:53.147+00","已有台語來源狀態但缺少台語review"
"22944","RD_P29507","屏東縣","長治鄉","","新源街","直接標注","待指派","","tanliangkun | 2026-05-04 11:08:17","1","","0","0","0","","2026-08-16 22:25:53.147+00","已有台語來源狀態但缺少台語review"
"22946","RD_P29652","屏東縣","高樹鄉","","產業路","直接標注","待審查","","APP審查撤回|APP|2026-06-08T22:47:08.114Z","1","","0","0","0","","2026-08-16 22:25:53.147+00","已有台語來源狀態但缺少台語review"
"22986","RD_P30767","雲林縣","斗六市","","育英北街","直接標注","待審查","","APP審查撤回|APP|2026-06-08T22:47:08.114Z","1","","0","0","0","","2026-08-16 22:25:53.147+00","已有台語來源狀態但缺少台語review"
"22987","RD_P30769","雲林縣","斗六市","","嘉新六路","直接標注","待審查","","APP審查撤回|APP|2026-06-08T22:47:18.918Z","1","","0","0","0","","2026-08-16 22:25:53.147+00","已有台語來源狀態但缺少台語review"
"22989","RD_P30814","雲林縣","斗六市","","府文路","直接標注","待審查","","APP審查撤回|APP|2026-06-08T22:27:36.743Z","1","","0","0","0","","2026-08-16 22:25:53.147+00","已有台語來源狀態但缺少台語review"
"22990","RD_P30837","雲林縣","斗六市","","斗六二路","直接標注","待審查","","APP審查撤回|APP|2026-06-08T22:27:49.166Z","1","","0","0","0","","2026-08-16 22:25:53.147+00","已有台語來源狀態但缺少台語review"
"22994","RD_P31154","雲林縣","斗南鎮","","聖德路","直接標注","待審查","","APP審查撤回|APP|2026-06-08T22:47:08.114Z","1","","0","0","0","","2026-08-16 22:25:53.147+00","已有台語來源狀態但缺少台語review"
"22995","RD_P31165","雲林縣","斗南鎮","","新光三街","直接標注","待審查","","APP審查撤回|APP|2026-06-08T22:47:18.918Z","1","","0","0","0","","2026-08-16 22:25:53.147+00","已有台語來源狀態但缺少台語review"
"23021","RD_P31884","雲林縣","西螺鎮","","中市路","直接標注","待審查","","APP審查撤回|APP|2026-06-08T22:27:36.743Z","1","","0","0","0","","2026-08-16 22:25:53.147+00","已有台語來源狀態但缺少台語review"
"23023","RD_P31891","雲林縣","西螺鎮","","光復西路","直接標注","待審查","","APP審查撤回|APP|2026-06-08T22:36:30.972Z","1","","0","0","0","","2026-08-16 22:25:53.147+00","已有台語來源狀態但缺少台語review"
"23024","RD_P31893","雲林縣","西螺鎮","","福來路","直接標注","待指派","","tanliangkun | 2026-05-04 11:53:31","1","","0","0","0","","2026-08-16 22:25:53.147+00","已有台語來源狀態但缺少台語review"
"23035","RD_P32145","新竹縣","寶山鄉","","竹安二路","直接標注","待審查","","APP審查撤回|APP|2026-06-08T22:47:18.918Z","1","","0","0","0","","2026-08-16 22:25:53.147+00","已有台語來源狀態但缺少台語review"
"23037","RD_P32154","新竹縣","寶山鄉","","雙豐路","直接標注","待審查","","APP審查撤回|APP|2026-06-08T22:27:36.743Z","1","","0","0","0","","2026-08-16 22:25:53.147+00","已有台語來源狀態但缺少台語review"
"23038","RD_P32155","新竹縣","寶山鄉","","明湖二街","直接標注","待審查","","APP審查撤回|APP|2026-06-08T22:27:49.166Z","1","","0","0","0","","2026-08-16 22:25:53.147+00","已有台語來源狀態但缺少台語review"
"23039","RD_P32159","新竹縣","寶山鄉","","雙豐二街","直接標注","待審查","","APP審查撤回|APP|2026-06-08T22:36:30.972Z","1","","0","0","0","","2026-08-16 22:25:53.147+00","已有台語來源狀態但缺少台語review"
"23040","RD_P32165","新竹縣","寶山鄉","","通學路","直接標注","待指派","","tanliangkun | 2026-05-04 11:00:50","1","","0","0","0","","2026-08-16 22:25:53.147+00","已有台語來源狀態但缺少台語review"
"23042","RD_P32307","新竹縣","尖石鄉","","宇老","原住民族","待審查","","APP審查撤回|APP|2026-06-08T22:47:08.114Z","1","","0","0","0","","2026-08-16 22:25:53.147+00","已有台語來源狀態但缺少台語review"
"23043","RD_P32316","新竹縣","尖石鄉","","養老","原住民族","待審查","","APP審查撤回|APP|2026-06-08T22:47:18.918Z","1","","0","0","0","","2026-08-16 22:25:53.148+00","已有台語來源狀態但缺少台語review"
"23048","RD_P32623","新竹縣","湖口鄉","","中湖路","直接標注","待指派","","tanliangkun | 2026-05-04 11:01:34","1","","0","0","0","","2026-08-16 22:25:53.148+00","已有台語來源狀態但缺少台語review"
"23050","RD_P32629","新竹縣","湖口鄉","","安宅四街","直接標注","待審查","","APP審查撤回|APP|2026-06-08T22:47:08.114Z","1","","0","0","0","","2026-08-16 22:25:53.148+00","已有台語來源狀態但缺少台語review"
"23051","RD_P32632","新竹縣","湖口鄉","","達生路","直接標注","待審查","","APP審查撤回|APP|2026-06-08T22:47:18.918Z","1","","0","0","0","","2026-08-16 22:25:53.148+00","已有台語來源狀態但缺少台語review"
"23052","RD_P32658","新竹縣","湖口鄉","","慈光","直接標注","待審查","","APP審查撤回|APP|2026-06-08T22:47:30.401Z","1","","0","0","0","","2026-08-16 22:25:53.148+00","已有台語來源狀態但缺少台語review"
"23053","RD_P32870","新竹縣","竹北市","","莊敬一路","直接標注","待審查","","APP審查撤回|APP|2026-06-08T22:27:36.743Z","1","","0","0","0","","2026-08-16 22:25:53.148+00","已有台語來源狀態但缺少台語review"
"23054","RD_P32876","新竹縣","竹北市","","文壽街","直接標注","待審查","","APP審查撤回|APP|2026-06-08T22:27:49.166Z","1","","0","0","0","","2026-08-16 22:25:53.148+00","已有台語來源狀態但缺少台語review"
"23056","RD_P32878","新竹縣","竹北市","","光明八街","直接標注","待指派","","tanliangkun | 2026-05-05 10:46:50","1","","0","0","0","","2026-08-16 22:25:53.148+00","已有台語來源狀態但缺少台語review"
"23059","RD_P32886","新竹縣","竹北市","","日興一街","直接標注","待審查","","APP審查撤回|APP|2026-06-08T22:47:18.918Z","1","","0","0","0","","2026-08-16 22:25:53.148+00","已有台語來源狀態但缺少台語review"
"23060","RD_P32894","新竹縣","竹北市","","麻園五街","直接標注","待審查","","APP審查撤回|APP|2026-06-08T22:47:30.401Z","1","","0","0","0","","2026-08-16 22:25:53.148+00","已有台語來源狀態但缺少台語review"
"23061","RD_P32895","新竹縣","竹北市","","嘉豐十路","直接標注","待審查","","APP審查撤回|APP|2026-06-08T22:27:36.743Z","1","","0","0","0","","2026-08-16 22:25:53.148+00","已有台語來源狀態但缺少台語review"
"23062","RD_P32896","新竹縣","竹北市","","嘉豐北路","直接標注","待審查","","APP審查撤回|APP|2026-06-08T22:27:49.166Z","1","","0","0","0","","2026-08-16 22:25:53.148+00","已有台語來源狀態但缺少台語review"
"23064","RD_P32899","新竹縣","竹北市","","縣政六路","直接標注","待指派","","tanliangkun | 2026-05-04 11:57:47","1","","0","0","0","","2026-08-16 22:25:53.148+00","已有台語來源狀態但缺少台語review"
"23065","RD_P32900","新竹縣","竹北市","","縣政十三路","直接標注","待審查","","APP審查撤回|APP|2026-06-08T22:46:56.311Z","1","","0","0","0","","2026-08-16 22:25:53.148+00","已有台語來源狀態但缺少台語review"
"23067","RD_P32906","新竹縣","竹北市","","台科路","直接標注","待審查","","APP審查撤回|APP|2026-06-08T22:47:18.918Z","1","","0","0","0","","2026-08-16 22:25:53.148+00","已有台語來源狀態但缺少台語review"
"23068","RD_P32909","新竹縣","竹北市","","光明十一路","直接標注","待審查","","APP審查撤回|APP|2026-06-08T22:47:30.401Z","1","","0","0","0","","2026-08-16 22:25:53.148+00","已有台語來源狀態但缺少台語review"
"23069","RD_P32917","新竹縣","竹北市","","麻園二街","直接標注","待審查","","APP審查撤回|APP|2026-06-08T22:27:36.743Z","1","","0","0","0","","2026-08-16 22:25:53.148+00","已有台語來源狀態但缺少台語review"
"23070","RD_P32918","新竹縣","竹北市","","新光一街","直接標注","待審查","","APP審查撤回|APP|2026-06-08T22:27:49.166Z","1","","0","0","0","","2026-08-16 22:25:53.148+00","已有台語來源狀態但缺少台語review"
"23071","RD_P32920","新竹縣","竹北市","","溝貝街","直接標注","待審查","","APP審查撤回|APP|2026-06-08T22:36:30.972Z","1","","0","0","0","","2026-08-16 22:25:53.148+00","已有台語來源狀態但缺少台語review"
"23072","RD_P32924","新竹縣","竹北市","","文采街","直接標注","待指派","","tanliangkun | 2026-05-04 11:56:07","1","","0","0","0","","2026-08-16 22:25:53.148+00","已有台語來源狀態但缺少台語review"
"23073","RD_P32925","新竹縣","竹北市","","文義街","直接標注","待審查","","APP審查撤回|APP|2026-06-08T22:46:56.311Z","1","","0","0","0","","2026-08-16 22:25:53.148+00","已有台語來源狀態但缺少台語review"
"23074","RD_P32929","新竹縣","竹北市","","勝利五路","直接標注","待審查","","APP審查撤回|APP|2026-06-08T22:47:08.114Z","1","","0","0","0","","2026-08-16 22:25:53.148+00","已有台語來源狀態但缺少台語review"
"23075","RD_P32930","新竹縣","竹北市","","隘口二路","直接標注","待審查","","APP審查撤回|APP|2026-06-08T22:47:18.918Z","1","","0","0","0","","2026-08-16 22:25:53.148+00","已有台語來源狀態但缺少台語review"
"23078","RD_P32937","新竹縣","竹北市","","嘉勤北路","直接標注","待審查","","APP審查撤回|APP|2026-06-08T22:27:49.166Z","1","","0","0","0","","2026-08-16 22:25:53.148+00","已有台語來源狀態但缺少台語review"
"23079","RD_P32938","新竹縣","竹北市","","嘉興三街","直接標注","待審查","","APP審查撤回|APP|2026-06-08T22:36:30.972Z","1","","0","0","0","","2026-08-16 22:25:53.148+00","已有台語來源狀態但缺少台語review"
"23080","RD_P32942","新竹縣","竹北市","","社崙街","直接標注","待指派","","tanliangkun | 2026-05-04 12:03:42","1","","0","0","0","","2026-08-16 22:25:53.148+00","已有台語來源狀態但缺少台語review"
"23081","RD_P32943","新竹縣","竹北市","","科大二街","直接標注","待審查","","APP審查撤回|APP|2026-06-08T22:46:56.311Z","1","","0","0","0","","2026-08-16 22:25:53.148+00","已有台語來源狀態但缺少台語review"
"23082","RD_P32946","新竹縣","竹北市","","嘉仁街","直接標注","待審查","","APP審查撤回|APP|2026-06-08T22:47:08.114Z","1","","0","0","0","","2026-08-16 22:25:53.148+00","已有台語來源狀態但缺少台語review"
"23083","RD_P32947","新竹縣","竹北市","","嘉豐七街","直接標注","待審查","","APP審查撤回|APP|2026-06-08T22:47:18.918Z","1","","0","0","0","","2026-08-16 22:25:53.148+00","已有台語來源狀態但缺少台語review"
"23084","RD_P32950","新竹縣","竹北市","","新溪街","直接標注","待審查","","APP審查撤回|APP|2026-06-08T22:47:30.401Z","1","","0","0","0","","2026-08-16 22:25:53.148+00","已有台語來源狀態但缺少台語review"
"23087","RD_P32958","新竹縣","竹北市","","莊敬南路","直接標注","待審查","","APP審查撤回|APP|2026-06-08T22:36:30.972Z","1","","0","0","0","","2026-08-16 22:25:53.148+00","已有台語來源狀態但缺少台語review"
"23088","RD_P32962","新竹縣","竹北市","","縣政九路","直接標注","待指派","","tanliangkun | 2026-05-04 12:00:06","1","","0","0","0","","2026-08-16 22:25:53.148+00","已有台語來源狀態但缺少台語review"
"23089","RD_P32964","新竹縣","竹北市","","國盛街","直接標注","待審查","","APP審查撤回|APP|2026-06-08T22:46:56.311Z","1","","0","0","0","","2026-08-16 22:25:53.148+00","已有台語來源狀態但缺少台語review"
"23090","RD_P32977","新竹縣","竹北市","","勝利一路","直接標注","待審查","","APP審查撤回|APP|2026-06-08T22:47:08.114Z","1","","0","0","0","","2026-08-16 22:25:53.148+00","已有台語來源狀態但缺少台語review"
"23091","RD_P32984","新竹縣","竹北市","","勝利二路","直接標注","待審查","","APP審查撤回|APP|2026-06-08T22:47:18.918Z","1","","0","0","0","","2026-08-16 22:25:53.148+00","已有台語來源狀態但缺少台語review"
"23092","RD_P32987","新竹縣","竹北市","","莊敬六街","直接標注","待審查","","APP審查撤回|APP|2026-06-08T22:47:30.401Z","1","","0","0","0","","2026-08-16 22:25:53.148+00","已有台語來源狀態但缺少台語review"
"23093","RD_P33237","新竹縣","竹東鎮","","旭光二路","直接標注","待審查","","APP審查撤回|APP|2026-06-08T22:27:36.743Z","1","","0","0","0","","2026-08-16 22:25:53.149+00","已有台語來源狀態但缺少台語review"
"23097","RD_P33266","新竹縣","竹東鎮","","研究路","直接標注","待審查","","APP審查撤回|APP|2026-06-08T22:46:56.311Z","1","","0","0","0","","2026-08-16 22:25:53.149+00","已有台語來源狀態但缺少台語review"
"23098","RD_P33270","新竹縣","竹東鎮","","公道路","直接標注","待審查","","APP審查撤回|APP|2026-06-08T22:47:08.114Z","1","","0","0","0","","2026-08-16 22:25:53.149+00","已有台語來源狀態但缺少台語review"
"23105","RD_P33451","新竹縣","關西鎮","","中豐新路","直接標注","待審查","","APP審查撤回|APP|2026-06-08T22:46:56.311Z","1","","0","0","0","","2026-08-16 22:25:53.149+00","已有台語來源狀態但缺少台語review"
"23113","RD_P33672","苗栗縣","公館鄉","","仁安","直接標注","待審查","","APP審查撤回|APP|2026-06-08T22:46:56.311Z","1","","0","0","0","","2026-08-16 22:25:53.149+00","已有台語來源狀態但缺少台語review"
"23128","RD_P33919","苗栗縣","後龍鎮","","新港三路","直接標注","待指派","","tanliangkun | 2026-05-05 10:41:12","1","","0","0","0","","2026-08-16 22:25:53.149+00","已有台語來源狀態但缺少台語review"
"23129","RD_P33968","苗栗縣","後龍鎮","","如意","直接標注","待審查","","APP審查撤回|APP|2026-06-08T22:46:56.311Z","1","","0","0","0","","2026-08-16 22:25:53.149+00","已有台語來源狀態但缺少台語review"
"23130","RD_P34147","苗栗縣","竹南鎮","","功明街","直接標注","待審查","","APP審查撤回|APP|2026-06-08T22:47:08.114Z","1","","0","0","0","","2026-08-16 22:25:53.149+00","已有台語來源狀態但缺少台語review"
"23131","RD_P34149","苗栗縣","竹南鎮","","國祥街","直接標注","待審查","","APP審查撤回|APP|2026-06-08T22:47:18.918Z","1","","0","0","0","","2026-08-16 22:25:53.149+00","已有台語來源狀態但缺少台語review"
"23132","RD_P34151","苗栗縣","竹南鎮","","大營路","直接標注","待審查","","APP審查撤回|APP|2026-06-08T22:47:30.401Z","1","","0","0","0","","2026-08-16 22:25:53.149+00","已有台語來源狀態但缺少台語review"
"23134","RD_P34154","苗栗縣","竹南鎮","","科專五路","直接標注","待審查","","APP審查撤回|APP|2026-06-08T22:27:49.166Z","1","","0","0","0","","2026-08-16 22:25:53.149+00","已有台語來源狀態但缺少台語review"
"23135","RD_P34155","苗栗縣","竹南鎮","","真如路","直接標注","待審查","","APP審查撤回|APP|2026-06-08T22:36:30.972Z","1","","0","0","0","","2026-08-16 22:25:53.149+00","已有台語來源狀態但缺少台語review"
"23137","RD_P34170","苗栗縣","竹南鎮","","科專七路","直接標注","待審查","","APP審查撤回|APP|2026-06-08T22:46:56.311Z","1","","0","0","0","","2026-08-16 22:25:53.149+00","已有台語來源狀態但缺少台語review"
"23138","RD_P34171","苗栗縣","竹南鎮","","科學路","直接標注","待審查","","APP審查撤回|APP|2026-06-08T22:47:08.114Z","1","","0","0","0","","2026-08-16 22:25:53.149+00","已有台語來源狀態但缺少台語review"
"23140","RD_P34184","苗栗縣","竹南鎮","","和義街","直接標注","待審查","","APP審查撤回|APP|2026-06-08T22:47:30.401Z","1","","0","0","0","","2026-08-16 22:25:53.149+00","已有台語來源狀態但缺少台語review"
"23141","RD_P34186","苗栗縣","竹南鎮","","科專路","直接標注","待審查","","APP審查撤回|APP|2026-06-08T22:27:36.743Z","1","","0","0","0","","2026-08-16 22:25:53.149+00","已有台語來源狀態但缺少台語review"
"23142","RD_P34187","苗栗縣","竹南鎮","","國豐路","直接標注","待審查","","APP審查撤回|APP|2026-06-08T22:27:49.166Z","1","","0","0","0","","2026-08-16 22:25:53.149+00","已有台語來源狀態但缺少台語review"
"23146","RD_P34434","苗栗縣","苑裡鎮","","天下路","直接標注","待審查","","APP審查撤回|APP|2026-06-08T22:47:08.114Z","1","","0","0","0","","2026-08-16 22:25:53.149+00","已有台語來源狀態但缺少台語review"
"23152","RD_P34445","苗栗縣","苑裡鎮","","孝順街","直接標注","待指派","","tanliangkun | 2026-05-05 10:42:00","1","","0","0","0","","2026-08-16 22:25:53.149+00","已有台語來源狀態但缺少台語review"
"23158","RD_P34540","苗栗縣","苗栗市","","宜春路","直接標注","待審查","","APP審查撤回|APP|2026-06-08T22:27:49.166Z","1","","0","0","0","","2026-08-16 22:25:53.149+00","已有台語來源狀態但缺少台語review"
"23160","RD_P34546","苗栗縣","苗栗市","","恭敬路","直接標注","待指派","","tanliangkun | 2026-05-05 16:48:07","1","","0","0","0","","2026-08-16 22:25:53.149+00","已有台語來源狀態但缺少台語review"
"23163","RD_P34553","苗栗縣","苗栗市","","玉清街","直接標注","待審查","","APP審查撤回|APP|2026-06-08T22:47:18.918Z","1","","0","0","0","","2026-08-16 22:25:53.149+00","已有台語來源狀態但缺少台語review"
"23192","RD_P34633","苗栗縣","苗栗市","","聯大","直接標注","待指派","","tanliangkun | 2026-05-05 16:51:16","1","","0","0","0","","2026-08-16 22:25:53.149+00","已有台語來源狀態但缺少台語review"
"23209","RD_P34970","苗栗縣","造橋鄉","","全家福","直接標注","待審查","","APP審查撤回|APP|2026-06-08T22:46:56.311Z","1","","0","0","0","","2026-08-16 22:25:53.149+00","已有台語來源狀態但缺少台語review"
"23211","RD_P35042","苗栗縣","銅鑼鄉","","雙峰路","直接標注","待審查","","APP審查撤回|APP|2026-06-08T22:47:18.918Z","1","","0","0","0","","2026-08-16 22:25:53.149+00","已有台語來源狀態但缺少台語review"
"23215","RD_P35056","苗栗縣","銅鑼鄉","","弘揚","直接標注","待審查","","APP審查撤回|APP|2026-06-08T22:36:30.972Z","1","","0","0","0","","2026-08-16 22:25:53.149+00","已有台語來源狀態但缺少台語review"
"23217","RD_P35113","苗栗縣","頭份市","","幼英街","直接標注","待審查","","APP審查撤回|APP|2026-06-08T22:46:56.311Z","1","","0","0","0","","2026-08-16 22:25:53.149+00","已有台語來源狀態但缺少台語review"
"23219","RD_P35142","苗栗縣","頭份市","","翠亨路","直接標注","待審查","","APP審查撤回|APP|2026-06-08T22:47:18.918Z","1","","0","0","0","","2026-08-16 22:25:53.149+00","已有台語來源狀態但缺少台語review"
"23220","RD_P35146","苗栗縣","頭份市","","公北三路","直接標注","待審查","","APP審查撤回|APP|2026-06-08T22:47:30.401Z","1","","0","0","0","","2026-08-16 22:25:53.149+00","已有台語來源狀態但缺少台語review"
"23227","RD_P35429","嘉義縣","中埔鄉","","幸福五街","直接標注","待審查","","tanliangkun | 2026-06-22 17:58:33","1","","0","0","0","","2026-08-16 22:25:53.149+00","已有台語來源狀態但缺少台語review"
"23228","RD_P35555","嘉義縣","六腳鄉","","樹仁路","電話調查","待審查","","tanliangkun | 2026-06-22 17:59:10","1","","0","0","0","","2026-08-16 22:25:53.149+00","已有台語來源狀態但缺少台語review"
"23229","RD_P35630","嘉義縣","大林鎮","","林頭","電話調查","待審查","","tanliangkun | 2026-06-22 17:58:27","1","","0","0","0","","2026-08-16 22:25:53.149+00","已有台語來源狀態但缺少台語review"
"23230","RD_P35733","嘉義縣","太保市","","太保二路","直接標注","待審查","","tanliangkun | 2026-06-22 17:58:33","1","","0","0","0","","2026-08-16 22:25:53.149+00","已有台語來源狀態但缺少台語review"
"23231","RD_P35734","嘉義縣","太保市","","麻太路","電話調查","待審查","","tanliangkun | 2026-06-22 17:59:03","1","","0","0","0","","2026-08-16 22:25:53.149+00","已有台語來源狀態但缺少台語review"
"23232","RD_P35840","嘉義縣","布袋鎮","","博愛一街","直接標注","待指派","","tanliangkun | 2026-06-22 17:58:35","1","","0","0","0","","2026-08-16 22:25:53.149+00","已有台語來源狀態但缺少台語review"
"23233","RD_P35841","嘉義縣","布袋鎮","","新南一街","直接標注","待審查","","tanliangkun | 2026-06-22 17:58:37","1","","0","0","0","","2026-08-16 22:25:53.149+00","已有台語來源狀態但缺少台語review"
"23234","RD_P35842","嘉義縣","布袋鎮","","七區","電話調查","待審查","","tanliangkun | 2026-06-22 17:58:27","1","","0","0","0","","2026-08-16 22:25:53.149+00","已有台語來源狀態但缺少台語review"
"23235","RD_P35844","嘉義縣","布袋鎮","","太平東路","直接標注","待審查","","tanliangkun | 2026-06-22 17:58:40","1","","0","0","0","","2026-08-16 22:25:53.149+00","已有台語來源狀態但缺少台語review"
"23236","RD_P35851","嘉義縣","布袋鎮","","新北路","直接標注","待審查","","tanliangkun | 2026-06-22 17:58:41","1","","0","0","0","","2026-08-16 22:25:53.15+00","已有台語來源狀態但缺少台語review"
"23237","RD_P35853","嘉義縣","布袋鎮","","環河街","電話調查","待審查","","tanliangkun | 2026-06-22 17:58:18","1","","0","0","0","","2026-08-16 22:25:53.15+00","已有台語來源狀態但缺少台語review"
"23238","RD_P35984","嘉義縣","朴子市","","小槺榔五路","電話調查","待審查","","tanliangkun | 2026-06-22 17:58:14","1","","0","0","0","","2026-08-16 22:25:53.15+00","已有台語來源狀態但缺少台語review"
"23239","RD_P35987","嘉義縣","朴子市","","龜子港","電話調查","待審查","","tanliangkun | 2026-06-22 17:58:10","1","","0","0","0","","2026-08-16 22:25:53.15+00","已有台語來源狀態但缺少台語review"
"23240","RD_P36106","嘉義縣","東石鄉","","塩田","電話調查","待指派","","tanliangkun | 2026-06-22 17:58:10","1","","0","0","0","","2026-08-16 22:25:53.15+00","已有台語來源狀態但缺少台語review"
"23241","RD_P36117","嘉義縣","東石鄉","","黎明","電話調查","待審查","","tanliangkun | 2026-06-22 17:58:10","1","","0","0","0","","2026-08-16 22:25:53.15+00","已有台語來源狀態但缺少台語review"
"23242","RD_P36153","嘉義縣","梅山鄉","","三源","電話調查","待審查","","tanliangkun | 2026-06-22 17:52:38","1","","0","0","0","","2026-08-16 22:25:53.15+00","已有台語來源狀態但缺少台語review"
"23243","RD_P36154","嘉義縣","梅山鄉","","大坪路","電話調查","待審查","","tanliangkun | 2026-06-22 17:52:42","1","","0","0","0","","2026-08-16 22:25:53.15+00","已有台語來源狀態但缺少台語review"
"23244","RD_P36171","嘉義縣","梅山鄉","","健康街","直接標注","待審查","","tanliangkun | 2026-06-22 17:52:33","1","","0","0","0","","2026-08-16 22:25:53.15+00","已有台語來源狀態但缺少台語review"
"23245","RD_P36279","嘉義縣","民雄鄉","","三興二街","電話調查","待審查","","APP審查撤回|APP|2026-06-08T22:27:36.743Z","1","","0","0","0","","2026-08-16 22:25:53.15+00","已有台語來源狀態但缺少台語review"
"23246","RD_P36289","嘉義縣","民雄鄉","","工業二路","直接標注","待審查","","tanliangkun | 2026-06-22 17:52:23","1","","0","0","0","","2026-08-16 22:25:53.15+00","已有台語來源狀態但缺少台語review"
"23247","RD_P36291","嘉義縣","民雄鄉","","光明二街","直接標注","待審查","","tanliangkun | 2026-06-22 17:52:06","1","","0","0","0","","2026-08-16 22:25:53.15+00","已有台語來源狀態但缺少台語review"
"23248","RD_P36292","嘉義縣","民雄鄉","","光明五街","直接標注","待指派","","tanliangkun | 2026-06-22 17:52:05","1","","0","0","0","","2026-08-16 22:25:53.15+00","已有台語來源狀態但缺少台語review"
"23249","RD_P36294","嘉義縣","民雄鄉","","成功二街","直接標注","待審查","","tanliangkun | 2026-06-22 17:52:20","1","","0","0","0","","2026-08-16 22:25:53.15+00","已有台語來源狀態但缺少台語review"
"23250","RD_P36473","嘉義縣","水上鄉","","航空站","電話調查","待審查","","tanliangkun | 2026-06-22 17:52:27","1","","0","0","0","","2026-08-16 22:25:53.15+00","已有台語來源狀態但缺少台語review"
"23251","RD_P36717","嘉義縣","竹崎鄉","","昇平","電話調查","待審查","","APP審查撤回|APP|2026-06-08T22:47:18.918Z","1","","0","0","0","","2026-08-16 22:25:53.15+00","已有台語來源狀態但缺少台語review"
"23252","RD_P36896","嘉義縣","阿里山鄉","","得恩亞納","原住民族","待審查","","APP審查撤回|APP|2026-06-08T22:47:30.401Z","1","","0","0","0","","2026-08-16 22:25:53.15+00","已有台語來源狀態但缺少台語review"
"23253","RD_P36899","嘉義縣","阿里山鄉","","來吉","原住民族","待審查","","tanliangkun | 2026-06-22 17:52:29","1","","0","0","0","","2026-08-16 22:25:53.15+00","已有台語來源狀態但缺少台語review"
"23254","RD_P36909","嘉義縣","阿里山鄉","","日野","原住民族","待審查","","tanliangkun | 2026-06-22 17:52:29","1","","0","0","0","","2026-08-16 22:25:53.15+00","已有台語來源狀態但缺少台語review"
"23255","RD_P36910","嘉義縣","阿里山鄉","","排雲","原住民族","待審查","","tanliangkun | 2026-06-22 17:52:29","1","","0","0","0","","2026-08-16 22:25:53.15+00","已有台語來源狀態但缺少台語review"
"23256","RD_P36923","嘉義縣","鹿草鄉","","圓山路","電話調查","待指派","","tanliangkun | 2026-06-22 17:49:42","1","","0","0","0","","2026-08-16 22:25:53.15+00","已有台語來源狀態但缺少台語review"
"23257","RD_P36924","嘉義縣","鹿草鄉","","文康街","直接標注","待審查","","tanliangkun | 2026-06-22 17:50:00","1","","0","0","0","","2026-08-16 22:25:53.15+00","已有台語來源狀態但缺少台語review"
"23259","RD_P36993","南投縣","仁愛鄉","","中興巷","直接標注","待審查","","APP審查撤回|APP|2026-06-08T22:47:18.918Z","1","","0","0","0","","2026-08-16 22:25:53.15+00","已有台語來源狀態但缺少台語review"
"23260","RD_P36995","南投縣","仁愛鄉","","華崗","原住民族","待審查","","APP審查撤回|APP|2026-06-08T22:47:30.401Z","1","","0","0","0","","2026-08-16 22:25:53.15+00","已有台語來源狀態但缺少台語review"
"23261","RD_P37056","南投縣","信義鄉","","自忠","原住民族","待審查","","APP審查撤回|APP|2026-06-08T22:27:36.743Z","1","","0","0","0","","2026-08-16 22:25:53.15+00","已有台語來源狀態但缺少台語review"
"23262","RD_P37058","南投縣","信義鄉","","鹿林","原住民族","待審查","","APP審查撤回|APP|2026-06-08T22:27:49.166Z","1","","0","0","0","","2026-08-16 22:25:53.15+00","已有台語來源狀態但缺少台語review"
"23263","RD_P37061","南投縣","信義鄉","","塔塔加","原住民族","待審查","","APP審查撤回|APP|2026-06-08T22:36:30.972Z","1","","0","0","0","","2026-08-16 22:25:53.15+00","已有台語來源狀態但缺少台語review"
"23264","RD_P37110","南投縣","南投市","","明新路","直接標注","待指派","","tanliangkun | 2026-05-06 09:42:42","1","","0","0","0","","2026-08-16 22:25:53.15+00","已有台語來源狀態但缺少台語review"
"23266","RD_P37112","南投縣","南投市","","大同南街","直接標注","待審查","","APP審查撤回|APP|2026-06-08T22:47:08.114Z","1","","0","0","0","","2026-08-16 22:25:53.15+00","已有台語來源狀態但缺少台語review"
"23268","RD_P37119","南投縣","南投市","","光明三路","直接標注","待審查","","APP審查撤回|APP|2026-06-08T22:47:30.401Z","1","","0","0","0","","2026-08-16 22:25:53.15+00","已有台語來源狀態但缺少台語review"
"23269","RD_P37123","南投縣","南投市","","自立二路","直接標注","待審查","","APP審查撤回|APP|2026-06-08T22:27:36.743Z","1","","0","0","0","","2026-08-16 22:25:53.15+00","已有台語來源狀態但缺少台語review"
"23272","RD_P37130","南投縣","南投市","","華陽路","直接標注","待指派","","tanliangkun | 2026-05-06 11:48:07","1","","0","0","0","","2026-08-16 22:25:53.15+00","已有台語來源狀態但缺少台語review"
"23273","RD_P37131","南投縣","南投市","","新豐路","直接標注","待審查","","APP審查撤回|APP|2026-06-08T22:46:56.311Z","1","","0","0","0","","2026-08-16 22:25:53.15+00","已有台語來源狀態但缺少台語review"
"23274","RD_P37133","南投縣","南投市","","仁智街","直接標注","待審查","","APP審查撤回|APP|2026-06-08T22:47:08.114Z","1","","0","0","0","","2026-08-16 22:25:53.15+00","已有台語來源狀態但缺少台語review"
"23276","RD_P37163","南投縣","南投市","","光明一路","直接標注","待審查","","APP審查撤回|APP|2026-06-08T22:47:30.401Z","1","","0","0","0","","2026-08-16 22:25:53.15+00","已有台語來源狀態但缺少台語review"
"23278","RD_P37363","南投縣","名間鄉","","水尾巷","直接標注","待審查","","APP審查撤回|APP|2026-06-08T22:27:49.166Z","1","","0","0","0","","2026-08-16 22:25:53.15+00","已有台語來源狀態但缺少台語review"
"23279","RD_P37364","南投縣","名間鄉","","瓦厝巷","直接標注","待審查","","APP審查撤回|APP|2026-06-08T22:36:30.972Z","1","","0","0","0","","2026-08-16 22:25:53.15+00","已有台語來源狀態但缺少台語review"
"23281","RD_P37488","南投縣","埔里鎮","","育德二街","直接標注","待審查","","APP審查撤回|APP|2026-06-08T22:46:56.311Z","1","","0","0","0","","2026-08-16 22:25:53.15+00","已有台語來源狀態但缺少台語review"
"23283","RD_P37492","南投縣","埔里鎮","","中台路","直接標注","待審查","","APP審查撤回|APP|2026-06-08T22:47:18.918Z","1","","0","0","0","","2026-08-16 22:25:53.15+00","已有台語來源狀態但缺少台語review"
"23284","RD_P37493","南投縣","埔里鎮","","中成路","直接標注","待審查","","APP審查撤回|APP|2026-06-08T22:47:30.401Z","1","","0","0","0","","2026-08-16 22:25:53.15+00","已有台語來源狀態但缺少台語review"
"23285","RD_P37494","南投縣","埔里鎮","","北平街","直接標注","待審查","","APP審查撤回|APP|2026-06-08T22:27:36.743Z","1","","0","0","0","","2026-08-16 22:25:53.15+00","已有台語來源狀態但缺少台語review"
"23286","RD_P37497","南投縣","埔里鎮","","幸福巷","直接標注","待審查","","APP審查撤回|APP|2026-06-08T22:27:49.166Z","1","","0","0","0","","2026-08-16 22:25:53.15+00","已有台語來源狀態但缺少台語review"
"23287","RD_P37499","南投縣","埔里鎮","","忠勤路","直接標注","待審查","","APP審查撤回|APP|2026-06-08T22:36:30.972Z","1","","0","0","0","","2026-08-16 22:25:53.15+00","已有台語來源狀態但缺少台語review"
"23288","RD_P37501","南投縣","埔里鎮","","青島街","直接標注","待指派","","tanliangkun | 2026-05-05 10:42:00","1","","0","0","0","","2026-08-16 22:25:53.15+00","已有台語來源狀態但缺少台語review"
"23290","RD_P37504","南投縣","埔里鎮","","興華三街","直接標注","待審查","","APP審查撤回|APP|2026-06-08T22:47:08.114Z","1","","0","0","0","","2026-08-16 22:25:53.15+00","已有台語來源狀態但缺少台語review"
"23291","RD_P37518","南投縣","埔里鎮","","鎮江街","直接標注","待審查","","APP審查撤回|APP|2026-06-08T22:47:18.918Z","1","","0","0","0","","2026-08-16 22:25:53.15+00","已有台語來源狀態但缺少台語review"
"23292","RD_P37847","南投縣","水里鄉","","中富街","直接標注","待審查","","APP審查撤回|APP|2026-06-08T22:47:30.401Z","1","","0","0","0","","2026-08-16 22:25:53.15+00","已有台語來源狀態但缺少台語review"
"23296","RD_P37873","南投縣","水里鄉","","新安路","直接標注","待指派","","tanliangkun | 2026-05-05 10:42:00","1","","0","0","0","","2026-08-16 22:25:53.15+00","已有台語來源狀態但缺少台語review"
"23299","RD_P38185","南投縣","草屯鎮","","登輝路","直接標注","待審查","","APP審查撤回|APP|2026-06-08T22:47:18.918Z","1","","0","0","0","","2026-08-16 22:25:53.15+00","已有台語來源狀態但缺少台語review"
"23300","RD_P38186","南投縣","草屯鎮","","正氣街","直接標注","待審查","","APP審查撤回|APP|2026-06-08T22:47:30.401Z","1","","0","0","0","","2026-08-16 22:25:53.15+00","已有台語來源狀態但缺少台語review"
"23301","RD_P38190","南投縣","草屯鎮","","玉成路","直接標注","待審查","","APP審查撤回|APP|2026-06-08T22:27:36.743Z","1","","0","0","0","","2026-08-16 22:25:53.15+00","已有台語來源狀態但缺少台語review"
"23305","RD_P38411","南投縣","集集鎮","","成功九街","直接標注","待審查","","APP審查撤回|APP|2026-06-08T22:46:56.311Z","1","","0","0","0","","2026-08-16 22:25:53.15+00","已有台語來源狀態但缺少台語review"
"23306","RD_P38413","南投縣","集集鎮","","劉厝巷","直接標注","待審查","","APP審查撤回|APP|2026-06-08T22:47:08.114Z","1","","0","0","0","","2026-08-16 22:25:53.15+00","已有台語來源狀態但缺少台語review"
"23307","RD_P38414","南投縣","集集鎮","","湳底巷","直接標注","待審查","","APP審查撤回|APP|2026-06-08T22:47:18.918Z","1","","0","0","0","","2026-08-16 22:25:53.15+00","已有台語來源狀態但缺少台語review"
"23309","RD_P38551","南投縣","鹿谷鄉","","麒麟路","直接標注","待審查","","APP審查撤回|APP|2026-06-08T22:27:36.743Z","1","","0","0","0","","2026-08-16 22:25:53.15+00","已有台語來源狀態但缺少台語review"
"23310","RD_P38552","南投縣","鹿谷鄉","","中和巷","直接標注","待審查","","APP審查撤回|APP|2026-06-08T22:27:49.166Z","1","","0","0","0","","2026-08-16 22:25:53.15+00","已有台語來源狀態但缺少台語review"
"23311","RD_P38615","新竹市","北區","","光華南街","直接標注","待審查","","APP審查撤回|APP|2026-06-08T22:36:30.972Z","1","","0","0","0","","2026-08-16 22:25:53.15+00","已有台語來源狀態但缺少台語review"
"23312","RD_P38616","新竹市","北區","","金雅三街","直接標注","待指派","","tanliangkun | 2026-05-05 10:41:32","1","","0","0","0","","2026-08-16 22:25:53.15+00","已有台語來源狀態但缺少台語review"
"23313","RD_P38617","新竹市","北區","","金雅西街","直接標注","待審查","","APP審查撤回|APP|2026-06-08T22:46:56.311Z","1","","0","0","0","","2026-08-16 22:25:53.15+00","已有台語來源狀態但缺少台語review"
"23314","RD_P38618","新竹市","北區","","少年街","直接標注","待審查","","APP審查撤回|APP|2026-06-08T22:47:08.114Z","1","","0","0","0","","2026-08-16 22:25:53.15+00","已有台語來源狀態但缺少台語review"
"23315","RD_P38625","新竹市","北區","","光華東街","直接標注","待審查","","APP審查撤回|APP|2026-06-08T22:47:18.918Z","1","","0","0","0","","2026-08-16 22:25:53.15+00","已有台語來源狀態但缺少台語review"
"23318","RD_P38636","新竹市","北區","","警光路","直接標注","待審查","","APP審查撤回|APP|2026-06-08T22:27:49.166Z","1","","0","0","0","","2026-08-16 22:25:53.15+00","已有台語來源狀態但缺少台語review"
"23320","RD_P38638","新竹市","北區","","光華北街","直接標注","待指派","","tanliangkun | 2026-05-05 10:41:32","1","","0","0","0","","2026-08-16 22:25:53.15+00","已有台語來源狀態但缺少台語review"
"23321","RD_P38639","新竹市","北區","","成德路","直接標注","待審查","","APP審查撤回|APP|2026-06-08T22:46:56.311Z","1","","0","0","0","","2026-08-16 22:25:53.15+00","已有台語來源狀態但缺少台語review"
"23322","RD_P38644","新竹市","北區","","公道三路","直接標注","待審查","","APP審查撤回|APP|2026-06-08T22:47:08.114Z","1","","0","0","0","","2026-08-16 22:25:53.15+00","已有台語來源狀態但缺少台語review"
"23323","RD_P38647","新竹市","北區","","金雅路","直接標注","待審查","","APP審查撤回|APP|2026-06-08T22:47:18.918Z","1","","0","0","0","","2026-08-16 22:25:53.15+00","已有台語來源狀態但缺少台語review"
"23324","RD_P38651","新竹市","北區","","演藝路","直接標注","待審查","","APP審查撤回|APP|2026-06-08T22:47:30.401Z","1","","0","0","0","","2026-08-16 22:25:53.15+00","已有台語來源狀態但缺少台語review"
"23327","RD_P38767","新竹市","東區","","愛民街","直接標注","待審查","","APP審查撤回|APP|2026-06-08T22:36:30.972Z","1","","0","0","0","","2026-08-16 22:25:53.151+00","已有台語來源狀態但缺少台語review"
"23329","RD_P38769","新竹市","東區","","興業二路","直接標注","待審查","","APP審查撤回|APP|2026-06-08T22:46:56.311Z","1","","0","0","0","","2026-08-16 22:25:53.151+00","已有台語來源狀態但缺少台語review"
"23330","RD_P38770","新竹市","東區","","關新北路","直接標注","待審查","","APP審查撤回|APP|2026-06-08T22:47:08.114Z","1","","0","0","0","","2026-08-16 22:25:53.151+00","已有台語來源狀態但缺少台語review"
"23331","RD_P38771","新竹市","東區","","力行二路","直接標注","待審查","","APP審查撤回|APP|2026-06-08T22:47:18.918Z","1","","0","0","0","","2026-08-16 22:25:53.151+00","已有台語來源狀態但缺少台語review"
"23335","RD_P38778","新竹市","東區","","園區一路","直接標注","待審查","","APP審查撤回|APP|2026-06-08T22:36:30.972Z","1","","0","0","0","","2026-08-16 22:25:53.151+00","已有台語來源狀態但缺少台語review"
"23337","RD_P38780","新竹市","東區","","關新二街","直接標注","待審查","","APP審查撤回|APP|2026-06-08T22:46:56.311Z","1","","0","0","0","","2026-08-16 22:25:53.151+00","已有台語來源狀態但缺少台語review"
"23338","RD_P38781","新竹市","東區","","力行一路","直接標注","待審查","","APP審查撤回|APP|2026-06-08T22:47:08.114Z","1","","0","0","0","","2026-08-16 22:25:53.151+00","已有台語來源狀態但缺少台語review"
"23339","RD_P38782","新竹市","東區","","力行四路","直接標注","待審查","","APP審查撤回|APP|2026-06-08T22:47:18.918Z","1","","0","0","0","","2026-08-16 22:25:53.151+00","已有台語來源狀態但缺少台語review"
"23344","RD_P38801","新竹市","東區","","展業一路","直接標注","待指派","","tanliangkun | 2026-05-05 10:41:32","1","","0","0","0","","2026-08-16 22:25:53.151+00","已有台語來源狀態但缺少台語review"
"23345","RD_P38802","新竹市","東區","","展業二路","直接標注","待審查","","APP審查撤回|APP|2026-06-08T22:46:56.311Z","1","","0","0","0","","2026-08-16 22:25:53.151+00","已有台語來源狀態但缺少台語review"
"23346","RD_P38803","新竹市","東區","","培英街","直接標注","待審查","","APP審查撤回|APP|2026-06-08T22:47:08.114Z","1","","0","0","0","","2026-08-16 22:25:53.151+00","已有台語來源狀態但缺少台語review"
"23347","RD_P38804","新竹市","東區","","崇和路","直接標注","待審查","","APP審查撤回|APP|2026-06-08T22:47:18.918Z","1","","0","0","0","","2026-08-16 22:25:53.151+00","已有台語來源狀態但缺少台語review"
"23348","RD_P38805","新竹市","東區","","創新二路","直接標注","待審查","","APP審查撤回|APP|2026-06-08T22:47:30.401Z","1","","0","0","0","","2026-08-16 22:25:53.151+00","已有台語來源狀態但缺少台語review"
"23350","RD_P38807","新竹市","東區","","體育街","直接標注","待審查","","APP審查撤回|APP|2026-06-08T22:27:49.166Z","1","","0","0","0","","2026-08-16 22:25:53.151+00","已有台語來源狀態但缺少台語review"
"23351","RD_P38808","新竹市","東區","","力行七路","直接標注","待審查","","APP審查撤回|APP|2026-06-08T22:36:30.972Z","1","","0","0","0","","2026-08-16 22:25:53.151+00","已有台語來源狀態但缺少台語review"
"23353","RD_P38812","新竹市","東區","","建功二路","直接標注","待審查","","APP審查撤回|APP|2026-06-08T22:46:56.311Z","1","","0","0","0","","2026-08-16 22:25:53.151+00","已有台語來源狀態但缺少台語review"
"23354","RD_P38813","新竹市","東區","","建美路","直接標注","待審查","","APP審查撤回|APP|2026-06-08T22:47:08.114Z","1","","0","0","0","","2026-08-16 22:25:53.151+00","已有台語來源狀態但缺少台語review"
"23357","RD_P38820","新竹市","東區","","力行六路","直接標注","待審查","","APP審查撤回|APP|2026-06-08T22:27:36.743Z","1","","0","0","0","","2026-08-16 22:25:53.151+00","已有台語來源狀態但缺少台語review"
"23358","RD_P38821","新竹市","東區","","水仙路","直接標注","待審查","","APP審查撤回|APP|2026-06-08T22:27:49.166Z","1","","0","0","0","","2026-08-16 22:25:53.151+00","已有台語來源狀態但缺少台語review"
"23360","RD_P38823","新竹市","東區","","園區三路","直接標注","待指派","","tanliangkun | 2026-05-05 10:41:32","1","","0","0","0","","2026-08-16 22:25:53.151+00","已有台語來源狀態但缺少台語review"
"23361","RD_P38825","新竹市","東區","","力行三路","直接標注","待審查","","APP審查撤回|APP|2026-06-08T22:46:56.311Z","1","","0","0","0","","2026-08-16 22:25:53.151+00","已有台語來源狀態但缺少台語review"
"23362","RD_P38828","新竹市","東區","","慈祥路","直接標注","待審查","","APP審查撤回|APP|2026-06-08T22:47:08.114Z","1","","0","0","0","","2026-08-16 22:25:53.151+00","已有台語來源狀態但缺少台語review"
"23363","RD_P38834","新竹市","東區","","園區二路","直接標注","待審查","","APP審查撤回|APP|2026-06-08T22:47:18.918Z","1","","0","0","0","","2026-08-16 22:25:53.151+00","已有台語來源狀態但缺少台語review"
"23364","RD_P38836","新竹市","東區","","關新西街","直接標注","待審查","","APP審查撤回|APP|2026-06-08T22:47:30.401Z","1","","0","0","0","","2026-08-16 22:25:53.151+00","已有台語來源狀態但缺少台語review"
"23365","RD_P38841","新竹市","東區","","水利路","直接標注","待審查","","APP審查撤回|APP|2026-06-08T22:27:36.743Z","1","","0","0","0","","2026-08-16 22:25:53.151+00","已有台語來源狀態但缺少台語review"
"23367","RD_P38846","新竹市","東區","","埔頂三路","直接標注","待審查","","APP審查撤回|APP|2026-06-08T22:36:30.972Z","1","","0","0","0","","2026-08-16 22:25:53.151+00","已有台語來源狀態但缺少台語review"
"23372","RD_P39018","新竹市","香山區","","頂埔路","直接標注","待審查","","APP審查撤回|APP|2026-06-08T22:47:30.401Z","1","","0","0","0","","2026-08-16 22:25:53.151+00","已有台語來源狀態但缺少台語review"
"23375","RD_P39028","新竹市","香山區","","元培街","直接標注","待審查","","APP審查撤回|APP|2026-06-08T22:36:30.972Z","1","","0","0","0","","2026-08-16 22:25:53.151+00","已有台語來源狀態但缺少台語review"
"23376","RD_P39120","宜蘭縣","三星鄉","","大義二路","直接標注","待指派","","tanliangkun | 2026-05-05 10:41:32","1","","0","0","0","","2026-08-16 22:25:53.151+00","已有台語來源狀態但缺少台語review"
"23380","RD_P39425","宜蘭縣","五結鄉","","自強東路","直接標注","待審查","","APP審查撤回|APP|2026-06-08T22:47:30.401Z","1","","0","0","0","","2026-08-16 22:25:53.151+00","已有台語來源狀態但缺少台語review"
"23381","RD_P39426","宜蘭縣","五結鄉","","大眾路","直接標注","待審查","","APP審查撤回|APP|2026-06-08T22:27:36.743Z","1","","0","0","0","","2026-08-16 22:25:53.151+00","已有台語來源狀態但缺少台語review"
"23382","RD_P39436","宜蘭縣","五結鄉","","協同街","直接標注","待審查","","APP審查撤回|APP|2026-06-08T22:27:49.166Z","1","","0","0","0","","2026-08-16 22:25:53.151+00","已有台語來源狀態但缺少台語review"
"23383","RD_P39581","宜蘭縣","冬山鄉","","港尾路","直接標注","待審查","","APP審查撤回|APP|2026-06-08T22:36:30.972Z","1","","0","0","0","","2026-08-16 22:25:53.151+00","已有台語來源狀態但缺少台語review"
"23384","RD_P39584","宜蘭縣","冬山鄉","","太和路","直接標注","待指派","","tanliangkun | 2026-05-05 10:41:32","1","","0","0","0","","2026-08-16 22:25:53.151+00","已有台語來源狀態但缺少台語review"
"23387","RD_P39600","宜蘭縣","冬山鄉","","東二路","直接標注","待審查","","APP審查撤回|APP|2026-06-08T22:47:18.918Z","1","","0","0","0","","2026-08-16 22:25:53.151+00","已有台語來源狀態但缺少台語review"
"23389","RD_P39925","宜蘭縣","員山鄉","","大湖一路","直接標注","待審查","","APP審查撤回|APP|2026-06-08T22:27:36.743Z","1","","0","0","0","","2026-08-16 22:25:53.151+00","已有台語來源狀態但缺少台語review"
"23390","RD_P39926","宜蘭縣","員山鄉","","深洲路","直接標注","待審查","","APP審查撤回|APP|2026-06-08T22:27:49.166Z","1","","0","0","0","","2026-08-16 22:25:53.151+00","已有台語來源狀態但缺少台語review"
"23391","RD_P39928","宜蘭縣","員山鄉","","隘界六路","直接標注","待審查","","APP審查撤回|APP|2026-06-08T22:36:30.972Z","1","","0","0","0","","2026-08-16 22:25:53.151+00","已有台語來源狀態但缺少台語review"
"23392","RD_P40163","宜蘭縣","大同鄉","","崙埤","原住民族","待指派","","tanliangkun | 2026-05-05 10:41:32","1","","0","0","0","","2026-08-16 22:25:53.151+00","已有台語來源狀態但缺少台語review"
"23393","RD_P40170","宜蘭縣","大同鄉","","朝陽","原住民族","待審查","","APP審查撤回|APP|2026-06-08T22:46:56.311Z","1","","0","0","0","","2026-08-16 22:25:53.151+00","已有台語來源狀態但缺少台語review"
"23395","RD_P40216","宜蘭縣","宜蘭市","","慈航三路","直接標注","待審查","","APP審查撤回|APP|2026-06-08T22:47:18.918Z","1","","0","0","0","","2026-08-16 22:25:53.151+00","已有台語來源狀態但缺少台語review"
"23396","RD_P40217","宜蘭縣","宜蘭市","","縣政十一街","直接標注","待審查","","APP審查撤回|APP|2026-06-08T22:47:30.401Z","1","","0","0","0","","2026-08-16 22:25:53.151+00","已有台語來源狀態但缺少台語review"
"23397","RD_P40218","宜蘭縣","宜蘭市","","舊城東路","直接標注","待審查","","APP審查撤回|APP|2026-06-08T22:27:36.743Z","1","","0","0","0","","2026-08-16 22:25:53.151+00","已有台語來源狀態但缺少台語review"
"23398","RD_P40219","宜蘭縣","宜蘭市","","建軍路","直接標注","待審查","","APP審查撤回|APP|2026-06-08T22:27:49.166Z","1","","0","0","0","","2026-08-16 22:25:53.151+00","已有台語來源狀態但缺少台語review"
"23399","RD_P40220","宜蘭縣","宜蘭市","","公園二路","直接標注","待審查","","APP審查撤回|APP|2026-06-08T22:36:30.972Z","1","","0","0","0","","2026-08-16 22:25:53.151+00","已有台語來源狀態但缺少台語review"
"23400","RD_P40224","宜蘭縣","宜蘭市","","宜中路","直接標注","待指派","","tanliangkun | 2026-05-05 10:41:32","1","","0","0","0","","2026-08-16 22:25:53.151+00","已有台語來源狀態但缺少台語review"
"23401","RD_P40225","宜蘭縣","宜蘭市","","城隍街","直接標注","待審查","","APP審查撤回|APP|2026-06-08T22:46:56.311Z","1","","0","0","0","","2026-08-16 22:25:53.151+00","已有台語來源狀態但缺少台語review"
"23403","RD_P40234","宜蘭縣","宜蘭市","","縣政八街","直接標注","待審查","","APP審查撤回|APP|2026-06-08T22:47:18.918Z","1","","0","0","0","","2026-08-16 22:25:53.151+00","已有台語來源狀態但缺少台語review"
"23404","RD_P40238","宜蘭縣","宜蘭市","","鎮興路","直接標注","待審查","","APP審查撤回|APP|2026-06-08T22:47:30.401Z","1","","0","0","0","","2026-08-16 22:25:53.151+00","已有台語來源狀態但缺少台語review"
"23405","RD_P40243","宜蘭縣","宜蘭市","","縣政七街","直接標注","待審查","","APP審查撤回|APP|2026-06-08T22:27:36.743Z","1","","0","0","0","","2026-08-16 22:25:53.151+00","已有台語來源狀態但缺少台語review"
"23406","RD_P40442","宜蘭縣","礁溪鄉","","茅埔路","直接標注","待審查","","APP審查撤回|APP|2026-06-08T22:27:49.166Z","1","","0","0","0","","2026-08-16 22:25:53.151+00","已有台語來源狀態但缺少台語review"
"23408","RD_P40445","宜蘭縣","礁溪鄉","","大塭路","直接標注","待指派","","tanliangkun | 2026-05-05 10:41:32","1","","0","0","0","","2026-08-16 22:25:53.151+00","已有台語來源狀態但缺少台語review"
"23409","RD_P40453","宜蘭縣","礁溪鄉","","健康二街","直接標注","待審查","","APP審查撤回|APP|2026-06-08T22:46:56.311Z","1","","0","0","0","","2026-08-16 22:25:53.151+00","已有台語來源狀態但缺少台語review"
"23412","RD_P40573","宜蘭縣","羅東鎮","","站前北路","直接標注","待審查","","APP審查撤回|APP|2026-06-08T22:47:30.401Z","1","","0","0","0","","2026-08-16 22:25:53.151+00","已有台語來源狀態但缺少台語review"
"23413","RD_P40574","宜蘭縣","羅東鎮","","培英路","直接標注","待審查","","APP審查撤回|APP|2026-06-08T22:27:36.743Z","1","","0","0","0","","2026-08-16 22:25:53.151+00","已有台語來源狀態但缺少台語review"
"23414","RD_P40575","宜蘭縣","羅東鎮","","清潭路","直接標注","待審查","","APP審查撤回|APP|2026-06-08T22:27:49.166Z","1","","0","0","0","","2026-08-16 22:25:53.151+00","已有台語來源狀態但缺少台語review"
"23415","RD_P40592","宜蘭縣","羅東鎮","","站前路","直接標注","待審查","","APP審查撤回|APP|2026-06-08T22:36:30.972Z","1","","0","0","0","","2026-08-16 22:25:53.151+00","已有台語來源狀態但缺少台語review"
"23420","RD_P40718","宜蘭縣","蘇澳鎮","","湖南路","直接標注","待審查","","APP審查撤回|APP|2026-06-08T22:47:30.401Z","1","","0","0","0","","2026-08-16 22:25:53.151+00","已有台語來源狀態但缺少台語review"
"23421","RD_P40719","宜蘭縣","蘇澳鎮","","蘇南公路","直接標注","待審查","","APP審查撤回|APP|2026-06-08T22:27:36.743Z","1","","0","0","0","","2026-08-16 22:25:53.151+00","已有台語來源狀態但缺少台語review"
"23425","RD_P40750","宜蘭縣","蘇澳鎮","","公館路","直接標注","待審查","","APP審查撤回|APP|2026-06-08T22:46:56.311Z","1","","0","0","0","","2026-08-16 22:25:53.151+00","已有台語來源狀態但缺少台語review"
"23427","RD_P40925","宜蘭縣","頭城鎮","","龜山路","直接標注","待審查","","APP審查撤回|APP|2026-06-08T22:47:18.918Z","1","","0","0","0","","2026-08-16 22:25:53.151+00","已有台語來源狀態但缺少台語review"
"23428","RD_P41007","基隆市","七堵區","","俊賢路","直接標注","待審查","","APP審查撤回|APP|2026-06-08T22:47:30.401Z","1","","0","0","0","","2026-08-16 22:25:53.151+00","已有台語來源狀態但缺少台語review"
"23431","RD_P41071","基隆市","中山區","","中山四路","直接標注","待審查","","APP審查撤回|APP|2026-06-08T22:36:30.972Z","1","","0","0","0","","2026-08-16 22:25:53.151+00","已有台語來源狀態但缺少台語review"
"23432","RD_P41091","基隆市","中正區","","和豐街","直接標注","待指派","","tanliangkun | 2026-05-05 10:41:32","1","","0","0","0","","2026-08-16 22:25:53.151+00","已有台語來源狀態但缺少台語review"
"23433","RD_P41092","基隆市","中正區","","正濱路","直接標注","待審查","","APP審查撤回|APP|2026-06-08T22:46:56.311Z","1","","0","0","0","","2026-08-16 22:25:53.151+00","已有台語來源狀態但缺少台語review"
"23441","RD_P41139","基隆市","仁愛區","","孝一路","直接標注","待審查","","APP審查撤回|APP|2026-06-08T22:46:56.311Z","1","","0","0","0","","2026-08-16 22:25:53.151+00","已有台語來源狀態但缺少台語review"
"23444","RD_P41142","基隆市","仁愛區","","孝二路","直接標注","待審查","","APP審查撤回|APP|2026-06-08T22:47:30.401Z","1","","0","0","0","","2026-08-16 22:25:53.151+00","已有台語來源狀態但缺少台語review"
"23446","RD_P41145","基隆市","仁愛區","","愛二路","直接標注","待審查","","APP審查撤回|APP|2026-06-08T22:27:49.166Z","1","","0","0","0","","2026-08-16 22:25:53.151+00","已有台語來源狀態但缺少台語review"
"23448","RD_P41149","基隆市","仁愛區","","愛一路","直接標注","待指派","","tanliangkun | 2026-05-05 10:41:32","1","","0","0","0","","2026-08-16 22:25:53.151+00","已有台語來源狀態但缺少台語review"
"23454","RD_P41210","基隆市","安樂區","","定國街","直接標注","待審查","","APP審查撤回|APP|2026-06-08T22:27:49.166Z","1","","0","0","0","","2026-08-16 22:25:53.151+00","已有台語來源狀態但缺少台語review"
"23455","RD_P41235","基隆市","暖暖區","","尚仁街","直接標注","待審查","","APP審查撤回|APP|2026-06-08T22:36:30.972Z","1","","0","0","0","","2026-08-16 22:25:53.151+00","已有台語來源狀態但缺少台語review"
"23456","RD_P41237","基隆市","暖暖區","","國安路","直接標注","待指派","","tanliangkun | 2026-05-05 10:41:32","1","","0","0","0","","2026-08-16 22:25:53.151+00","已有台語來源狀態但缺少台語review"
"23457","RD_P41258","花蓮縣","卓溪鄉","","卓樂","原住民族","待審查","","tanliangkun | 2026-06-22 18:03:48","1","","0","0","0","","2026-08-16 22:25:53.151+00","已有台語來源狀態但缺少台語review"
"23458","RD_P41259","花蓮縣","卓溪鄉","","石平","原住民族","待審查","","tanliangkun | 2026-06-22 18:04:02","1","","0","0","0","","2026-08-16 22:25:53.151+00","已有台語來源狀態但缺少台語review"
"23459","RD_P41260","花蓮縣","卓溪鄉","","崙天","原住民族","待審查","","tanliangkun | 2026-06-22 18:04:02","1","","0","0","0","","2026-08-16 22:25:53.151+00","已有台語來源狀態但缺少台語review"
"23460","RD_P41262","花蓮縣","卓溪鄉","","秀蘭","原住民族","待審查","","tanliangkun | 2026-06-22 18:04:02","1","","0","0","0","","2026-08-16 22:25:53.151+00","已有台語來源狀態但缺少台語review"
"23461","RD_P41265","花蓮縣","卓溪鄉","","立山","原住民族","待審查","","tanliangkun | 2026-06-22 18:04:02","1","","0","0","0","","2026-08-16 22:25:53.151+00","已有台語來源狀態但缺少台語review"
"23462","RD_P41278","花蓮縣","吉安鄉","","仁光","電話調查","待審查","","tanliangkun | 2026-06-22 18:05:22","1","","0","0","0","","2026-08-16 22:25:53.151+00","已有台語來源狀態但缺少台語review"
"23463","RD_P41279","花蓮縣","吉安鄉","","東海三街","電話調查","待審查","","tanliangkun | 2026-06-22 18:05:30","1","","0","0","0","","2026-08-16 22:25:53.151+00","已有台語來源狀態但缺少台語review"
"23464","RD_P41281","花蓮縣","吉安鄉","","海浜","電話調查","待指派","","tanliangkun | 2026-06-22 18:05:31","1","","0","0","0","","2026-08-16 22:25:53.151+00","已有台語來源狀態但缺少台語review"
"23465","RD_P41288","花蓮縣","吉安鄉","","名人","電話調查","待審查","","tanliangkun | 2026-06-22 18:05:36","1","","0","0","0","","2026-08-16 22:25:53.151+00","已有台語來源狀態但缺少台語review"
"23466","RD_P41289","花蓮縣","吉安鄉","","文化","電話調查","待審查","","tanliangkun | 2026-06-22 18:05:36","1","","0","0","0","","2026-08-16 22:25:53.151+00","已有台語來源狀態但缺少台語review"
"23467","RD_P41374","花蓮縣","壽豐鄉","","烏杙","電話調查","待審查","","tanliangkun | 2026-06-22 18:05:36","1","","0","0","0","","2026-08-16 22:25:53.151+00","已有台語來源狀態但缺少台語review"
"23468","RD_P41375","花蓮縣","壽豐鄉","","久富","電話調查","待審查","","tanliangkun | 2026-06-22 18:06:00","1","","0","0","0","","2026-08-16 22:25:53.151+00","已有台語來源狀態但缺少台語review"
"23469","RD_P41380","花蓮縣","壽豐鄉","","四區","電話調查","待審查","","tanliangkun | 2026-06-22 18:05:55","1","","0","0","0","","2026-08-16 22:25:53.151+00","已有台語來源狀態但缺少台語review"
"23470","RD_P41381","花蓮縣","壽豐鄉","","仰山莊","電話調查","待審查","","tanliangkun | 2026-06-22 18:05:59","1","","0","0","0","","2026-08-16 22:25:53.151+00","已有台語來源狀態但缺少台語review"
"23471","RD_P41382","花蓮縣","壽豐鄉","","三區","電話調查","待審查","","tanliangkun | 2026-06-22 18:05:55","1","","0","0","0","","2026-08-16 22:25:53.151+00","已有台語來源狀態但缺少台語review"
"23472","RD_P41383","花蓮縣","壽豐鄉","","擷雲莊","電話調查","待指派","","tanliangkun | 2026-06-22 18:06:18","1","","0","0","0","","2026-08-16 22:25:53.151+00","已有台語來源狀態但缺少台語review"
"23473","RD_P41386","花蓮縣","壽豐鄉","","橋下","電話調查","待審查","","tanliangkun | 2026-06-22 18:06:20","1","","0","0","0","","2026-08-16 22:25:53.156+00","已有台語來源狀態但缺少台語review"
"23474","RD_P41387","花蓮縣","壽豐鄉","","四健會","電話調查","待審查","","tanliangkun | 2026-06-22 18:06:19","1","","0","0","0","","2026-08-16 22:25:53.156+00","已有台語來源狀態但缺少台語review"
"23475","RD_P41388","花蓮縣","壽豐鄉","","山嶺","電話調查","待審查","","tanliangkun | 2026-07-01 18:00:37","1","","0","0","0","","2026-08-16 22:25:53.156+00","已有台語來源狀態但缺少台語review"
"23476","RD_P41389","花蓮縣","壽豐鄉","","新站","電話調查","待審查","","tanliangkun | 2026-07-01 18:00:47","1","","0","0","0","","2026-08-16 22:25:53.156+00","已有台語來源狀態但缺少台語review"
"23477","RD_P41390","花蓮縣","壽豐鄉","","轉播台","電話調查","待審查","","tanliangkun | 2026-07-01 18:00:47","1","","0","0","0","","2026-08-16 22:25:53.156+00","已有台語來源狀態但缺少台語review"
"23478","RD_P41472","花蓮縣","富里鄉","","富北","電話調查","待審查","","tanliangkun | 2026-07-01 18:00:47","1","","0","0","0","","2026-08-16 22:25:53.156+00","已有台語來源狀態但缺少台語review"
"23479","RD_P41473","花蓮縣","富里鄉","","福崗","電話調查","待審查","","tanliangkun | 2026-07-01 18:00:47","1","","0","0","0","","2026-08-16 22:25:53.156+00","已有台語來源狀態但缺少台語review"
"23480","RD_P41474","花蓮縣","富里鄉","","三台","電話調查","待指派","","tanliangkun | 2026-07-01 18:00:47","1","","0","0","0","","2026-08-16 22:25:53.156+00","已有台語來源狀態但缺少台語review"
"23481","RD_P41478","花蓮縣","富里鄉","","豐南","電話調查","待審查","","tanliangkun | 2026-07-01 18:00:47","1","","0","0","0","","2026-08-16 22:25:53.156+00","已有台語來源狀態但缺少台語review"
"23482","RD_P41536","花蓮縣","玉里鎮","","大禹","電話調查","待審查","","tanliangkun | 2026-07-01 18:00:47","1","","0","0","0","","2026-08-16 22:25:53.156+00","已有台語來源狀態但缺少台語review"
"23483","RD_P41566","花蓮縣","瑞穗鄉","","南六路","電話調查","待審查","","tanliangkun | 2026-07-01 18:00:53","1","","0","0","0","","2026-08-16 22:25:53.156+00","已有台語來源狀態但缺少台語review"
"23484","RD_P41581","花蓮縣","瑞穗鄉","","鶴岡","電話調查","待審查","","tanliangkun | 2026-07-01 18:00:59","1","","0","0","0","","2026-08-16 22:25:53.156+00","已有台語來源狀態但缺少台語review"
"23485","RD_P41624","花蓮縣","秀林鄉","","五橋","原住民族","待審查","","tanliangkun | 2026-06-22 18:04:17","1","","0","0","0","","2026-08-16 22:25:53.156+00","已有台語來源狀態但缺少台語review"
"23486","RD_P41626","花蓮縣","秀林鄉","","富世","原住民族","待審查","","tanliangkun | 2026-06-22 18:04:19","1","","0","0","0","","2026-08-16 22:25:53.156+00","已有台語來源狀態但缺少台語review"
"23487","RD_P41627","花蓮縣","秀林鄉","","三棧","原住民族","待審查","","tanliangkun | 2026-06-22 18:04:19","1","","0","0","0","","2026-08-16 22:25:53.156+00","已有台語來源狀態但缺少台語review"
"23488","RD_P41628","花蓮縣","秀林鄉","","民樂","原住民族","待指派","","tanliangkun | 2026-06-22 18:04:19","1","","0","0","0","","2026-08-16 22:25:53.156+00","已有台語來源狀態但缺少台語review"
"23489","RD_P41631","花蓮縣","秀林鄉","","佳民","原住民族","待審查","","tanliangkun | 2026-06-22 18:04:19","1","","0","0","0","","2026-08-16 22:25:53.156+00","已有台語來源狀態但缺少台語review"
"23490","RD_P41632","花蓮縣","秀林鄉","","蓮池","原住民族","待審查","","tanliangkun | 2026-06-22 18:04:19","1","","0","0","0","","2026-08-16 22:25:53.156+00","已有台語來源狀態但缺少台語review"
"23491","RD_P41635","花蓮縣","秀林鄉","","重光","原住民族","待審查","","tanliangkun | 2026-06-22 18:04:19","1","","0","0","0","","2026-08-16 22:25:53.156+00","已有台語來源狀態但缺少台語review"
"23492","RD_P41636","花蓮縣","秀林鄉","","銅門","原住民族","待審查","","tanliangkun | 2026-06-22 18:04:19","1","","0","0","0","","2026-08-16 22:25:53.156+00","已有台語來源狀態但缺少台語review"
"23493","RD_P41638","花蓮縣","秀林鄉","","慈恩","原住民族","待審查","","tanliangkun | 2026-06-22 18:04:19","1","","0","0","0","","2026-08-16 22:25:53.156+00","已有台語來源狀態但缺少台語review"
"23494","RD_P41642","花蓮縣","秀林鄉","","民享","原住民族","待審查","","tanliangkun | 2026-06-22 18:04:19","1","","0","0","0","","2026-08-16 22:25:53.156+00","已有台語來源狀態但缺少台語review"
"23495","RD_P41644","花蓮縣","秀林鄉","","和中","原住民族","待審查","","tanliangkun | 2026-06-22 18:04:19","1","","0","0","0","","2026-08-16 22:25:53.156+00","已有台語來源狀態但缺少台語review"
"23496","RD_P41645","花蓮縣","秀林鄉","","民有","原住民族","待指派","","tanliangkun | 2026-06-22 18:04:19","1","","0","0","0","","2026-08-16 22:25:53.156+00","已有台語來源狀態但缺少台語review"
"23497","RD_P41646","花蓮縣","秀林鄉","","民治","原住民族","待審查","","tanliangkun | 2026-06-22 18:04:19","1","","0","0","0","","2026-08-16 22:25:53.156+00","已有台語來源狀態但缺少台語review"
"23498","RD_P41651","花蓮縣","秀林鄉","","榕樹","原住民族","待審查","","tanliangkun | 2026-06-22 18:04:19","1","","0","0","0","","2026-08-16 22:25:53.156+00","已有台語來源狀態但缺少台語review"
"23499","RD_P41654","花蓮縣","秀林鄉","","可樂","原住民族","待審查","","tanliangkun | 2026-06-22 18:04:19","1","","0","0","0","","2026-08-16 22:25:53.156+00","已有台語來源狀態但缺少台語review"
"23500","RD_P41664","花蓮縣","花蓮市","","球崙二路","電話調查","待審查","","tanliangkun | 2026-07-01 18:01:06","1","","0","0","0","","2026-08-16 22:25:53.156+00","已有台語來源狀態但缺少台語review"
"23501","RD_P41667","花蓮縣","花蓮市","","濟慈路","直接標注","待審查","","tanliangkun | 2026-07-01 18:01:36","1","","0","0","0","","2026-08-16 22:25:53.156+00","已有台語來源狀態但缺少台語review"
"23502","RD_P41669","花蓮縣","花蓮市","","民光","電話調查","待審查","","tanliangkun | 2026-07-01 18:01:40","1","","0","0","0","","2026-08-16 22:25:53.156+00","已有台語來源狀態但缺少台語review"
"23503","RD_P41670","花蓮縣","花蓮市","","國福","電話調查","待審查","","tanliangkun | 2026-07-01 18:01:40","1","","0","0","0","","2026-08-16 22:25:53.156+00","已有台語來源狀態但缺少台語review"
"23504","RD_P41671","花蓮縣","花蓮市","","港濱","電話調查","待指派","","tanliangkun | 2026-07-01 18:01:40","1","","0","0","0","","2026-08-16 22:25:53.156+00","已有台語來源狀態但缺少台語review"
"23505","RD_P41673","花蓮縣","花蓮市","","國富","電話調查","待審查","","tanliangkun | 2026-07-01 18:01:40","1","","0","0","0","","2026-08-16 22:25:53.156+00","已有台語來源狀態但缺少台語review"
"23506","RD_P41675","花蓮縣","花蓮市","","國風","電話調查","待審查","","tanliangkun | 2026-07-01 18:01:40","1","","0","0","0","","2026-08-16 22:25:53.156+00","已有台語來源狀態但缺少台語review"
"23507","RD_P41676","花蓮縣","花蓮市","","華東","電話調查","待審查","","tanliangkun | 2026-07-01 18:01:40","1","","0","0","0","","2026-08-16 22:25:53.156+00","已有台語來源狀態但缺少台語review"
"23508","RD_P41677","花蓮縣","花蓮市","","林園","電話調查","待審查","","tanliangkun | 2026-07-01 18:01:40","1","","0","0","0","","2026-08-16 22:25:53.156+00","已有台語來源狀態但缺少台語review"
"23509","RD_P41678","花蓮縣","花蓮市","","國民","電話調查","待審查","","tanliangkun | 2026-07-01 18:01:37","1","","0","0","0","","2026-08-16 22:25:53.156+00","已有台語來源狀態但缺少台語review"
"23510","RD_P41715","花蓮縣","萬榮鄉","","明利","原住民族","待審查","","tanliangkun | 2026-06-22 18:04:19","1","","0","0","0","","2026-08-16 22:25:53.156+00","已有台語來源狀態但缺少台語review"
"23511","RD_P41716","花蓮縣","萬榮鄉","","馬遠","原住民族","待審查","","tanliangkun | 2026-06-22 18:04:21","1","","0","0","0","","2026-08-16 22:25:53.156+00","已有台語來源狀態但缺少台語review"
"23512","RD_P41718","花蓮縣","萬榮鄉","","西林","原住民族","待指派","","tanliangkun | 2026-06-22 18:04:21","1","","0","0","0","","2026-08-16 22:25:53.156+00","已有台語來源狀態但缺少台語review"
"23513","RD_P41725","花蓮縣","豐濱鄉","","小湖","電話調查","待審查","","tanliangkun | 2026-06-22 18:04:37","1","","0","0","0","","2026-08-16 22:25:53.156+00","已有台語來源狀態但缺少台語review"
"23514","RD_P41726","花蓮縣","豐濱鄉","","芭奇","原住民族","待審查","","tanliangkun | 2026-06-22 18:04:25","1","","0","0","0","","2026-08-16 22:25:53.156+00","已有台語來源狀態但缺少台語review"
"23515","RD_P41729","花蓮縣","豐濱鄉","","泰來","原住民族","待審查","","tanliangkun | 2026-06-22 18:04:27","1","","0","0","0","","2026-08-16 22:25:53.156+00","已有台語來源狀態但缺少台語review"
"23516","RD_P41760","花蓮縣","鳳林鎮","","中環路","電話調查","待審查","","tanliangkun | 2026-06-22 18:04:28","1","","0","0","0","","2026-08-16 22:25:53.156+00","已有台語來源狀態但缺少台語review"
"23517","RD_P41761","花蓮縣","鳳林鎮","","中科路","直接標注","待審查","","tanliangkun | 2026-06-22 18:04:32","1","","0","0","0","","2026-08-16 22:25:53.156+00","已有台語來源狀態但缺少台語review"
"23518","RD_P41792","嘉義市","東區","","盧義路","直接標注","待審查","","tanliangkun | 2026-06-22 17:50:14","1","","0","0","0","","2026-08-16 22:25:53.156+00","已有台語來源狀態但缺少台語review"
"23519","RD_P41797","嘉義市","東區","","北榮街","直接標注","待審查","","tanliangkun | 2026-06-22 17:50:16","1","","0","0","0","","2026-08-16 22:25:53.156+00","已有台語來源狀態但缺少台語review"
"23520","RD_P41801","嘉義市","東區","","成仁街","直接標注","待指派","","tanliangkun | 2026-06-22 17:50:16","1","","0","0","0","","2026-08-16 22:25:53.156+00","已有台語來源狀態但缺少台語review"
"23521","RD_P41802","嘉義市","東區","","芳安路","直接標注","待審查","","tanliangkun | 2026-06-22 17:51:43","1","","0","0","0","","2026-08-16 22:25:53.156+00","已有台語來源狀態但缺少台語review"
"23522","RD_P41804","嘉義市","東區","","湖美一路","直接標注","待審查","","tanliangkun | 2026-06-22 17:51:43","1","","0","0","0","","2026-08-16 22:25:53.156+00","已有台語來源狀態但缺少台語review"
"23523","RD_P41806","嘉義市","東區","","公明路","直接標注","待審查","","tanliangkun | 2026-06-22 17:51:43","1","","0","0","0","","2026-08-16 22:25:53.156+00","已有台語來源狀態但缺少台語review"
"23524","RD_P41822","嘉義市","東區","","林森西路","電話調查","待審查","","tanliangkun | 2026-06-22 17:51:37","1","","0","0","0","","2026-08-16 22:25:53.156+00","已有台語來源狀態但缺少台語review"
"23525","RD_P41825","嘉義市","東區","","吳鳳北路","電話調查","待審查","","tanliangkun | 2026-06-22 17:51:34","1","","0","0","0","","2026-08-16 22:25:53.156+00","已有台語來源狀態但缺少台語review"
"23526","RD_P41957","嘉義市","西區","","大吉街","電話調查","待審查","","tanliangkun | 2026-06-22 17:51:33","1","","0","0","0","","2026-08-16 22:25:53.156+00","已有台語來源狀態但缺少台語review"
"23527","RD_P41960","嘉義市","西區","","德陽街","直接標注","待審查","","tanliangkun | 2026-06-22 17:51:25","1","","0","0","0","","2026-08-16 22:25:53.156+00","已有台語來源狀態但缺少台語review"
"23528","RD_P41962","嘉義市","西區","","興雅路","直接標注","待指派","","tanliangkun | 2026-06-22 17:51:01","1","","0","0","0","","2026-08-16 22:25:53.156+00","已有台語來源狀態但缺少台語review"
"23529","RD_P41964","嘉義市","西區","","大貴路","電話調查","待審查","","tanliangkun | 2026-06-22 17:51:06","1","","0","0","0","","2026-08-16 22:25:53.156+00","已有台語來源狀態但缺少台語review"
"23530","RD_P41971","嘉義市","西區","","玉康路","直接標注","待審查","","tanliangkun | 2026-06-22 17:51:11","1","","0","0","0","","2026-08-16 22:25:53.156+00","已有台語來源狀態但缺少台語review"
"23531","RD_P41976","嘉義市","西區","","湖子內路","直接標注","待審查","","tanliangkun | 2026-06-22 17:51:14","1","","0","0","0","","2026-08-16 22:25:53.156+00","已有台語來源狀態但缺少台語review"
"23532","RD_P41978","嘉義市","西區","","湖美三路","直接標注","待審查","","tanliangkun | 2026-06-22 17:51:24","1","","0","0","0","","2026-08-16 22:25:53.156+00","已有台語來源狀態但缺少台語review"
"23533","RD_P41979","嘉義市","西區","","湖美八路","直接標注","待審查","","tanliangkun | 2026-06-22 17:51:24","1","","0","0","0","","2026-08-16 22:25:53.156+00","已有台語來源狀態但缺少台語review"
"23534","RD_P41981","嘉義市","西區","","遼寧二街","直接標注","待審查","","tanliangkun | 2026-06-22 17:51:24","1","","0","0","0","","2026-08-16 22:25:53.156+00","已有台語來源狀態但缺少台語review"
"23535","RD_P41983","嘉義市","西區","","文山街","電話調查","待審查","","tanliangkun | 2026-06-22 17:50:16","1","","0","0","0","","2026-08-16 22:25:53.156+00","已有台語來源狀態但缺少台語review"
"23537","RD_P42379","臺東縣","大武鄉","","達興","原住民族","待審查","","APP審查撤回|APP|2026-06-08T22:46:56.311Z","1","","0","0","0","","2026-08-16 22:25:53.156+00","已有台語來源狀態但缺少台語review"
"23538","RD_P42387","臺東縣","大武鄉","","大鳥","原住民族","待審查","","APP審查撤回|APP|2026-06-08T22:47:08.114Z","1","","0","0","0","","2026-08-16 22:25:53.156+00","已有台語來源狀態但缺少台語review"
"23542","RD_P42542","臺東縣","東河鄉","","都蘭","原住民族","待審查","","APP審查撤回|APP|2026-06-08T22:27:49.166Z","1","","0","0","0","","2026-08-16 22:25:53.156+00","已有台語來源狀態但缺少台語review"
"23545","RD_P42576","臺東縣","池上鄉","","鐵花路","直接標注","待審查","","APP審查撤回|APP|2026-06-08T22:46:56.311Z","1","","0","0","0","","2026-08-16 22:25:53.156+00","已有台語來源狀態但缺少台語review"
"23547","RD_P42594","臺東縣","池上鄉","","福原","直接標注","待審查","","APP審查撤回|APP|2026-06-08T22:47:18.918Z","1","","0","0","0","","2026-08-16 22:25:53.156+00","已有台語來源狀態但缺少台語review"
"23553","RD_P42687","臺東縣","臺東市","","桂林南路","直接標注","待審查","","APP審查撤回|APP|2026-06-08T22:46:56.311Z","1","","0","0","0","","2026-08-16 22:25:53.156+00","已有台語來源狀態但缺少台語review"
"23554","RD_P42688","臺東縣","臺東市","","浙江路","直接標注","待審查","","APP審查撤回|APP|2026-06-08T22:47:08.114Z","1","","0","0","0","","2026-08-16 22:25:53.156+00","已有台語來源狀態但缺少台語review"
"23555","RD_P42693","臺東縣","臺東市","","寶桑路","原住民族","待審查","","APP審查撤回|APP|2026-06-08T22:47:18.918Z","1","","0","0","0","","2026-08-16 22:25:53.156+00","已有台語來源狀態但缺少台語review"
"23557","RD_P42717","臺東縣","臺東市","","漢陽北路","直接標注","待審查","","APP審查撤回|APP|2026-06-08T22:27:36.743Z","1","","0","0","0","","2026-08-16 22:25:53.156+00","已有台語來源狀態但缺少台語review"
"23559","RD_P42914","臺東縣","蘭嶼鄉","","野銀","原住民族","待審查","","APP審查撤回|APP|2026-06-08T22:36:30.972Z","1","","0","0","0","","2026-08-16 22:25:53.156+00","已有台語來源狀態但缺少台語review"
"23560","RD_P42915","臺東縣","蘭嶼鄉","","椰油","原住民族","待指派","","tanliangkun | 2026-05-11 11:57:44","1","","0","0","0","","2026-08-16 22:25:53.156+00","已有台語來源狀態但缺少台語review"
"23561","RD_P42916","臺東縣","蘭嶼鄉","","朗島","原住民族","待審查","","APP審查撤回|APP|2026-06-08T22:46:56.311Z","1","","0","0","0","","2026-08-16 22:25:53.156+00","已有台語來源狀態但缺少台語review"
"23562","RD_P42917","臺東縣","蘭嶼鄉","","東清","原住民族","待審查","","APP審查撤回|APP|2026-06-08T22:47:08.114Z","1","","0","0","0","","2026-08-16 22:25:53.156+00","已有台語來源狀態但缺少台語review"
"23563","RD_P42918","臺東縣","蘭嶼鄉","","紅頭","原住民族","待審查","","APP審查撤回|APP|2026-06-08T22:47:18.918Z","1","","0","0","0","","2026-08-16 22:25:53.156+00","已有台語來源狀態但缺少台語review"
"23564","RD_P42919","臺東縣","蘭嶼鄉","","漁人","原住民族","待審查","","APP審查撤回|APP|2026-06-08T22:47:30.401Z","1","","0","0","0","","2026-08-16 22:25:53.156+00","已有台語來源狀態但缺少台語review"
"23565","RD_P42920","臺東縣","達仁鄉","","歸田","原住民族","待審查","","APP審查撤回|APP|2026-06-08T22:27:36.743Z","1","","0","0","0","","2026-08-16 22:25:53.156+00","已有台語來源狀態但缺少台語review"
"23566","RD_P42921","臺東縣","達仁鄉","","台坂","原住民族","待審查","","APP審查撤回|APP|2026-06-08T22:27:49.166Z","1","","0","0","0","","2026-08-16 22:25:53.156+00","已有台語來源狀態但缺少台語review"
"23567","RD_P42922","臺東縣","達仁鄉","","安朔","原住民族","待審查","","APP審查撤回|APP|2026-06-08T22:36:30.972Z","1","","0","0","0","","2026-08-16 22:25:53.156+00","已有台語來源狀態但缺少台語review"
"23568","RD_P42923","臺東縣","達仁鄉","","南田","原住民族","待指派","","tanliangkun | 2026-05-11 11:57:44","1","","0","0","0","","2026-08-16 22:25:53.156+00","已有台語來源狀態但缺少台語review"
"23569","RD_P42925","臺東縣","達仁鄉","","森永","原住民族","待審查","","APP審查撤回|APP|2026-06-08T22:46:56.311Z","1","","0","0","0","","2026-08-16 22:25:53.156+00","已有台語來源狀態但缺少台語review"
"23570","RD_P42927","臺東縣","達仁鄉","","新化","原住民族","待審查","","APP審查撤回|APP|2026-06-08T22:47:08.114Z","1","","0","0","0","","2026-08-16 22:25:53.156+00","已有台語來源狀態但缺少台語review"
"23571","RD_P42944","臺東縣","金峰鄉","","賓茂","原住民族","待審查","","APP審查撤回|APP|2026-06-08T22:47:18.918Z","1","","0","0","0","","2026-08-16 22:25:53.156+00","已有台語來源狀態但缺少台語review"
"23572","RD_P42946","臺東縣","金峰鄉","","正興","原住民族","待審查","","APP審查撤回|APP|2026-06-08T22:47:30.401Z","1","","0","0","0","","2026-08-16 22:25:53.156+00","已有台語來源狀態但缺少台語review"
"23574","RD_P43005","臺東縣","關山鎮","","本源","直接標注","待審查","","APP審查撤回|APP|2026-06-08T22:27:49.166Z","1","","0","0","0","","2026-08-16 22:25:53.156+00","已有台語來源狀態但缺少台語review"
"23576","RD_P43124","金門縣","烈嶼鄉","","東林北街","電話調查","待指派","","tanliangkun | 2026-07-06 17:41:30","1","","0","0","0","","2026-08-16 22:25:53.156+00","已有台語來源狀態但缺少台語review"
"23577","RD_P43131","金門縣","烈嶼鄉","","大膽","電話調查","待審查","","tanliangkun | 2026-07-06 17:41:39","1","","0","0","0","","2026-08-16 22:25:53.156+00","已有台語來源狀態但缺少台語review"
"23578","RD_P43161","金門縣","金城鎮","","林湖路","電話調查","待審查","","tanliangkun | 2026-07-06 17:41:44","1","","0","0","0","","2026-08-16 22:25:53.156+00","已有台語來源狀態但缺少台語review"
"23579","RD_P43162","金門縣","金城鎮","","金豐路","直接標注","待審查","","tanliangkun | 2026-07-06 17:41:56","1","","0","0","0","","2026-08-16 22:25:53.156+00","已有台語來源狀態但缺少台語review"
"23580","RD_P43163","金門縣","金城鎮","","西海路","電話調查","待審查","","tanliangkun | 2026-07-06 17:42:03","1","","0","0","0","","2026-08-16 22:25:53.156+00","已有台語來源狀態但缺少台語review"
"23581","RD_P43169","金門縣","金城鎮","","西湖路","電話調查","待審查","","tanliangkun | 2026-07-06 17:41:57","1","","0","0","0","","2026-08-16 22:25:53.156+00","已有台語來源狀態但缺少台語review"
"23582","RD_P43171","金門縣","金城鎮","","桃園路","電話調查","待審查","","tanliangkun | 2026-07-06 17:42:07","1","","0","0","0","","2026-08-16 22:25:53.156+00","已有台語來源狀態但缺少台語review"
"23583","RD_P43229","金門縣","金寧鄉","","林堡路","電話調查","待審查","","tanliangkun | 2026-07-06 17:42:04","1","","0","0","0","","2026-08-16 22:25:53.156+00","已有台語來源狀態但缺少台語review"
"23584","RD_P43238","金門縣","金寧鄉","","環島北路","電話調查","待指派","","tanliangkun | 2026-07-06 17:42:08","1","","0","0","0","","2026-08-16 22:25:53.156+00","已有台語來源狀態但缺少台語review"
"23585","RD_P43297","金門縣","金沙鎮","","大堡","電話調查","待審查","","tanliangkun | 2026-07-06 17:42:19","1","","0","0","0","","2026-08-16 22:25:53.156+00","已有台語來源狀態但缺少台語review"
"23586","RD_P43306","金門縣","金沙鎮","","洋山","電話調查","待審查","","tanliangkun | 2026-07-06 17:42:13","1","","0","0","0","","2026-08-16 22:25:53.156+00","已有台語來源狀態但缺少台語review"
"23587","RD_P43326","金門縣","金沙鎮","","菜市場","電話調查","待審查","","tanliangkun | 2026-07-06 17:42:13","1","","0","0","0","","2026-08-16 22:25:53.156+00","已有台語來源狀態但缺少台語review"
"23588","RD_P43382","金門縣","金湖鎮","","瓊安路","電話調查","待審查","","tanliangkun | 2026-07-06 17:42:21","1","","0","0","0","","2026-08-16 22:25:53.156+00","已有台語來源狀態但缺少台語review"
"23589","RD_P43513","澎湖縣","望安鄉","","花宅","電話調查","待審查","","APP審查撤回|APP|2026-06-08T22:27:36.743Z","1","","0","0","0","","2026-08-16 22:25:53.156+00","已有台語來源狀態但缺少台語review"
"23590","RD_P43514","澎湖縣","望安鄉","","東嶼坪","電話調查","待審查","","APP審查撤回|APP|2026-06-08T22:27:49.166Z","1","","0","0","0","","2026-08-16 22:25:53.156+00","已有台語來源狀態但缺少台語review"
"23591","RD_P43515","澎湖縣","望安鄉","","將軍澳","電話調查","待審查","","tanliangkun | 2026-06-22 18:02:13","1","","0","0","0","","2026-08-16 22:25:53.156+00","已有台語來源狀態但缺少台語review"
"23592","RD_P43516","澎湖縣","望安鄉","","東吉","現場調查","待指派","","tanliangkun | 2026-06-22 18:02:13","1","","0","0","0","","2026-08-16 22:25:53.156+00","已有台語來源狀態但缺少台語review"
"23609","RD_P43579","澎湖縣","馬公市","","警光新村","直接標注","待審查","","tanliangkun | 2026-06-22 18:00:40","1","","0","0","0","","2026-08-16 22:25:53.156+00","已有台語來源狀態但缺少台語review"
"23611","RD_P43589","澎湖縣","馬公市","","海埔路","直接標注","待審查","","tanliangkun | 2026-06-22 18:00:31","1","","0","0","0","","2026-08-16 22:25:53.156+00","已有台語來源狀態但缺少台語review"
